feature,gain
cloud_cover,116846.75157165527
geopotential_850,136037.9440536499
rel_hum_850,124046.47919464111
shum_850,155217.79943847656
surface_pressure,199912.53164672852
t2,56018.11413574219
temperature_850,179418.23510742188
u_850,149146.73077392578
v_850,89966.44863891602
cloud_cover_anomalia,123208.75189208984
geopotential_850_anomalia,180734.25032043457
rel_hum_850_anomalia,41958.54985046387
shum_850_anomalia,187593.3505935669
surface_pressure_anomalia,157177.4377822876
t2_anomalia,100391.75910949707
temperature_850_anomalia,144515.9356842041
u_850_anomalia,160706.5641860962
v_850_anomalia,84827.98428344727
latitude,279896.4783630371
longitude,283912.50048065186
mes_alvo_sin,97448.76467895508
mes_alvo_cos,93805.64060974121
clima_tp_alvo,486535.0921859741
nino34_lag1_anomalia_fold,193521.8539352417
nino12_lag1_anomalia_fold,355034.8758087158
tna_lag1_anomalia_fold,304767.7370529175
tsa_lag1_anomalia_fold,254928.2282180786
seas5_tp_prevista_media_T_emitida_Tmenos1,290049.03590393066
seas5_tp_anomalia_mensal_treino_fold,5240042.186416626
cfsv2_tp_prevista_media_T_emitida_Tmenos1,129150.05947113037
cfsv2_tp_anomalia_mensal_treino_fold,459157.487739563
sst_lag1_pc_01_treino_fold,272461.92109680176
sst_lag1_pc_02_treino_fold,450696.28370666504
sst_lag1_pc_03_treino_fold,274599.83728790283
sst_lag1_pc_04_treino_fold,276883.1640319824
sst_lag1_pc_05_treino_fold,262231.55462646484
sst_lag1_pc_06_treino_fold,320257.2854385376
sst_lag1_pc_07_treino_fold,310540.39710998535
sst_lag1_pc_08_treino_fold,283183.0591583252
