mes,climatologia,controle,sst_8pcs,delta_sst_menos_controle
1,1.9549795562521208,1.9152059326611777,1.9177972711960596,0.002591338534881915
2,1.980121849034292,1.9056539502917824,1.9118266563423625,0.006172706050580068
3,1.914838346504682,1.804977520230362,1.7946397792215298,-0.010337741008832113
4,1.948862679319068,1.756560730353576,1.7612243611330318,0.004663630779455863
5,2.111244906306534,1.9275067030295223,1.932972336201746,0.005465633172223594
6,1.765113995586921,1.6507232794833455,1.641596611404505,-0.009126668078840439
7,1.651127797670697,1.580213700870014,1.5801403677355843,-7.333313442958733e-05
8,1.5830831224853965,1.5311739780853668,1.5185039423654412,-0.012670035719925643
9,1.5144412339486433,1.455265147608999,1.455194205982903,-7.094162609599941e-05
10,1.663000472228852,1.6072015591331617,1.603459711221331,-0.0037418479118307424
11,1.977913037442288,1.877427483391023,1.8793830205397837,0.001955537148760733
12,2.017425790277174,1.8856341463717448,1.87876842238037,-0.00686572399137475
