ano,climatologia,controle,sst_8pcs,delta_sst_menos_controle
2007,1.842494727953078,1.7265867685603635,1.7249209861260597,-0.0016657824343038197
2008,1.837193305361049,1.729058911369013,1.7275526708729507,-0.0015062404960621834
2009,2.0220614625283484,1.8247177083491173,1.820989344805873,-0.0037283635432443507
2010,1.9483213877397367,1.7667548492871872,1.7741833832632137,0.007428533976026497
2011,1.852994050905668,1.7435570898995143,1.7394961597931045,-0.0040609301064098435
2012,1.814780331777859,1.75079943500515,1.7492345051420797,-0.001564929863070219
2013,1.7210929965067674,1.7094538407246085,1.7059264418104845,-0.0035273989141240136
2014,1.7218986351434566,1.6890012345089525,1.6798880916014254,-0.009113142907527072
2015,1.846480310574875,1.6975529710840147,1.6873923820644137,-0.01016058901960104
2016,1.86286744301724,1.7716156757599637,1.7796087045324396,0.007993028772475874
2017,1.7853122045580876,1.7177156296982543,1.7183126736751255,0.0005970439768712144
2018,1.9201422697907788,1.8770810310232025,1.8713048470525109,-0.005776183970691573
2019,1.8082134778386711,1.6883889039135294,1.6896881623439106,0.001299258430381256
2020,1.887830896722504,1.782320295828821,1.7837255925493978,0.0014052967205768763
