modelo,regiao,n,sse,soma_erro,soma_erro_absoluto,sse_area,peso_area,rmse,mae,vies,rmse_area
climatologia,dominio_inteiro,13198248,45153523.26355273,-57559.65971502966,14519618.398659911,42543512.45045656,11335931.886594914,1.8496420039184214,1.1001171063507755,-0.004361159126198391,1.9372606524282532
climatologia,lat_maior_igual_menos15,5305608,31277738.51269274,-381662.9138164874,7786684.924621018,31059043.236517247,5244205.415646496,2.4280078838780916,1.4676329130650092,-0.07193575435962993,2.433627976571718
climatologia,lat_menor_que_menos35,4384800,5141419.952760573,-174129.33156490326,3262035.1624039114,3651828.8546261,2931882.6582416715,1.0828458707891848,0.7439416079191551,-0.039712035113324044,1.116045538244091
climatologia,lat_menos35_a_menos15,3507840,8734364.798099417,498232.58566636103,3470898.311634982,7832640.359313214,3159843.812706744,1.5779592198741714,0.9894688217350227,0.14203401114827388,1.5744224897954002
controle,dominio_inteiro,13198248,40371199.46922262,149801.86258052065,13803178.990491267,37844538.28414218,11335931.886594914,1.748951169244873,1.045834188787123,0.011350132425191636,1.8271449068847923
controle,lat_maior_igual_menos15,5305608,26797273.95757717,-91005.57865736303,7171435.69035187,26602753.08285207,5244205.415646496,2.2473862965209337,1.3516708528696184,-0.01715271438398069,2.252285518259081
controle,lat_menor_que_menos35,4384800,4998633.993556868,-234685.61132646102,3219055.8365403083,3549655.4299309105,2931882.6582416715,1.0677037661396565,0.734139718240355,-0.05352253496772054,1.1003220253864392
controle,lat_menos35_a_menos15,3507840,8575291.518088585,475493.0525643447,3412687.46359909,7692129.7713592,3159843.812706744,1.5635240229599345,0.9728743225458089,0.135551522465205,1.560236713633057
sst_8pcs,dominio_inteiro,13198248,40298776.56148167,233324.3529644209,13800937.67542511,37769556.670620516,11335931.886594914,1.747381721366929,1.0456643696515713,0.017678433756087998,1.8253339427716102
sst_8pcs,lat_maior_igual_menos15,5305608,26737993.770040732,6591.542893988511,7175994.484004607,26543887.35685063,5244205.415646496,2.2448991173702773,1.3525300934416202,0.0012423727674544579,2.249792245352663
sst_8pcs,lat_menor_que_menos35,4384800,5008460.171541694,-220103.7482750735,3221256.963872481,3556214.1912261187,2931882.6582416715,1.0687526823401785,0.7346417086007301,-0.05019698692644442,1.1013380985098722
sst_8pcs,lat_menos35_a_menos15,3507840,8552322.619899245,446836.5583455059,3403686.227548022,7669455.122543764,3159843.812706744,1.5614286712089123,0.9703082887326736,0.12738225185456176,1.5579354049876404
