modelo,bloco,corte,mes_alvo,ano,ano_no_bloco,sse,n,soma_erro,soma_erro_absoluto,rmse
controle,H1,2006-12-01,2007-01-01,2007,1,236447.83542353736,78561,10947.688583662566,84728.0593852085,1.734858945621034
controle,H1,2006-12-01,2007-02-01,2007,1,371011.7121710596,78561,7663.202409545062,108761.11424968006,2.173153023338128
controle,H1,2006-12-01,2007-03-01,2007,1,324723.3688100964,78561,-2586.2736643605795,94127.82146586725,2.0330743935095894
controle,H1,2006-12-01,2007-04-01,2007,1,164588.43358625929,78561,-9853.718807280235,69017.22759562841,1.4474252833724717
controle,H1,2006-12-01,2007-05-01,2007,1,279329.67071650666,78561,1497.093549413039,85221.55764845037,1.8856237222847057
controle,H1,2006-12-01,2007-06-01,2007,1,200779.5625132119,78561,18447.83343986622,75070.50062652615,1.5986605215965846
controle,H1,2006-12-01,2007-07-01,2007,1,152256.29393452706,78561,11527.56279931265,63219.218387870984,1.3921438903284256
controle,H1,2006-12-01,2007-08-01,2007,1,226957.80209634913,78561,-15175.729110656801,75129.09855151642,1.6996874082105882
controle,H1,2006-12-01,2007-09-01,2007,1,178354.49626282143,78561,17189.062557569454,72863.18446196859,1.5067407349988329
controle,H1,2006-12-01,2007-10-01,2007,1,242262.90442164108,78561,-7748.504906653676,81083.93023839076,1.7560624575206376
controle,H1,2006-12-01,2007-11-01,2007,1,206604.81870442448,78561,-5513.618494238879,80160.2282712273,1.6216858293823881
controle,H1,2006-12-01,2007-12-01,2007,1,227063.2288723333,78561,-2689.793385606195,77025.3258434292,1.7000821330385218
controle,H1,2006-12-01,2008-01-01,2008,2,273070.1533347356,78561,-22.03170897527889,86432.84054001502,1.864376480717281
controle,H1,2006-12-01,2008-02-01,2008,2,266783.17177175946,78561,-19115.760462590504,89330.61620917612,1.842789437547343
controle,H1,2006-12-01,2008-03-01,2008,2,185531.64005579907,78561,-1355.9956957958298,76239.13358035333,1.5367580273435844
controle,H1,2006-12-01,2008-04-01,2008,2,237804.26396594482,78561,-6783.064714526323,88352.8167525037,1.7398280055382174
controle,H1,2006-12-01,2008-05-01,2008,2,206685.1246486918,78561,-6807.89184729645,83272.69323167672,1.622000968109846
controle,H1,2006-12-01,2008-06-01,2008,2,227643.12248634818,78561,847.6646613651047,71882.95291163787,1.70225165676938
controle,H1,2006-12-01,2008-07-01,2008,2,167499.64337195357,78561,-10415.214678607494,69012.20203460648,1.4601700689600172
controle,H1,2006-12-01,2008-08-01,2008,2,163255.69611357796,78561,-19106.345058424686,67956.84837841785,1.4415531852912395
controle,H1,2006-12-01,2008-09-01,2008,2,157238.43675444985,78561,26512.467769287603,70803.25934116705,1.4147374735430531
controle,H1,2006-12-01,2008-10-01,2008,2,239631.35772817492,78561,-17670.197730687272,80908.97557100534,1.7464989253659629
controle,H1,2006-12-01,2008-11-01,2008,2,399758.3273510786,78561,-11020.490858235391,98873.23247272312,2.255772293710011
controle,H1,2006-12-01,2008-12-01,2008,2,293532.80763527215,78561,-6983.355854336629,93956.61527210048,1.9329687051560722
sst_8pcs,H1,2006-12-01,2007-01-01,2007,1,240976.64048562452,78561,11453.439658168536,85684.32458748695,1.7513944586193952
sst_8pcs,H1,2006-12-01,2007-02-01,2007,1,373290.88633755874,78561,3228.2120853205174,108735.10814143032,2.179817787034917
sst_8pcs,H1,2006-12-01,2007-03-01,2007,1,329911.49442789884,78561,-7901.321816548417,94738.4224356674,2.049251313153721
sst_8pcs,H1,2006-12-01,2007-04-01,2007,1,154206.26292291857,78561,-7316.391964739475,66973.45183863072,1.4010302255619642
sst_8pcs,H1,2006-12-01,2007-05-01,2007,1,282495.160114798,78561,702.9646977462833,85427.13929871844,1.8962779904229732
sst_8pcs,H1,2006-12-01,2007-06-01,2007,1,202204.1711145195,78561,21230.55027066313,75508.27332927825,1.6043220538153455
sst_8pcs,H1,2006-12-01,2007-07-01,2007,1,153731.89766673534,78561,13536.391848738607,63510.047994201836,1.3988736595988933
sst_8pcs,H1,2006-12-01,2007-08-01,2007,1,222873.90123030235,78561,-17905.093404362186,74172.23643762799,1.684325819384622
sst_8pcs,H1,2006-12-01,2007-09-01,2007,1,175947.28375527298,78561,16321.856256455805,72377.03994586767,1.4965381136042974
sst_8pcs,H1,2006-12-01,2007-10-01,2007,1,238329.80231138843,78561,-5970.640377448568,80804.28847289133,1.7417494212982951
sst_8pcs,H1,2006-12-01,2007-11-01,2007,1,205327.0125568045,78561,-30.0310201720431,80501.66901614463,1.6166631631412305
sst_8pcs,H1,2006-12-01,2007-12-01,2007,1,225665.41373127964,78561,4905.671210423761,78104.58148677593,1.6948411497756868
sst_8pcs,H1,2006-12-01,2008-01-01,2008,2,271054.4245015603,78561,3102.1611586512136,87046.87092752746,1.8574825774992536
sst_8pcs,H1,2006-12-01,2008-02-01,2008,2,271448.7648942068,78561,-19197.322299872187,89779.86136004915,1.8588332549393025
sst_8pcs,H1,2006-12-01,2008-03-01,2008,2,181243.20178042777,78561,1724.3718606193192,75870.48200132308,1.5188936321769346
sst_8pcs,H1,2006-12-01,2008-04-01,2008,2,236715.0411620342,78561,-600.2732289094427,89177.64135161148,1.7358389363498952
sst_8pcs,H1,2006-12-01,2008-05-01,2008,2,208033.46477544494,78561,-1956.5112584623919,83649.08921321419,1.627283045774723
sst_8pcs,H1,2006-12-01,2008-06-01,2008,2,228906.35956982122,78561,2346.0724725853743,72566.20099933285,1.7069681895304922
sst_8pcs,H1,2006-12-01,2008-07-01,2008,2,165627.60814959055,78561,-6820.171722450603,69180.59769609112,1.45198745335135
sst_8pcs,H1,2006-12-01,2008-08-01,2008,2,159285.24957787897,78561,-15943.437481186877,67486.86723010406,1.423915700497283
sst_8pcs,H1,2006-12-01,2008-09-01,2008,2,162978.15014412237,78561,28945.403343427886,71873.2847203431,1.4403272940089749
sst_8pcs,H1,2006-12-01,2008-10-01,2008,2,242111.00956301653,78561,-21591.656251962355,81517.0708879883,1.7555118600563322
sst_8pcs,H1,2006-12-01,2008-11-01,2008,2,399585.7677412126,78561,-11711.564908417866,99108.91570549503,2.2552853780214073
sst_8pcs,H1,2006-12-01,2008-12-01,2008,2,286536.3801886424,78561,-7311.069470676486,93713.66897313538,1.9097933800690583
controle,H2,2008-12-01,2009-01-01,2009,1,245612.20410714016,78561,-8182.895935280803,86199.79687251475,1.7681596262307422
controle,H2,2008-12-01,2009-02-01,2009,1,288896.6048106946,78561,-32372.91730852895,88194.93792584026,1.91764281464808
controle,H2,2008-12-01,2009-03-01,2009,1,229114.37322416276,78561,-3982.321852362121,83778.09597740082,1.707743598440295
controle,H2,2008-12-01,2009-04-01,2009,1,362351.0924956271,78561,-5908.240052051452,110096.01361548458,2.1476390204826568
controle,H2,2008-12-01,2009-05-01,2009,1,347451.5159256288,78561,794.0145461318831,98318.39597691936,2.10302097355906
controle,H2,2008-12-01,2009-06-01,2009,1,184243.04453043814,78561,-12261.505440388453,75500.21747812064,1.5314120121187504
controle,H2,2008-12-01,2009-07-01,2009,1,217865.1995579187,78561,-8899.365294197909,75945.17847995488,1.6652921339957765
controle,H2,2008-12-01,2009-08-01,2009,1,301064.49149027205,78561,-25631.75219945012,78079.95286676573,1.9576104143223862
controle,H2,2008-12-01,2009-09-01,2009,1,204258.6231138379,78561,15883.105462834565,77010.80420310586,1.6124516408919585
controle,H2,2008-12-01,2009-10-01,2009,1,254010.05626262742,78561,-2815.7719417308667,83966.69457594522,1.7981335897384214
controle,H2,2008-12-01,2009-11-01,2009,1,283058.2636133637,78561,11270.606686384268,93141.12433638322,1.8981669947912547
controle,H2,2008-12-01,2009-12-01,2009,1,220990.01588319667,78561,-5625.0996798231445,84205.05293123494,1.677192165632403
controle,H2,2008-12-01,2010-01-01,2010,2,303314.76915948733,78561,9100.964194748605,94723.66508537887,1.9649127801690747
controle,H2,2008-12-01,2010-02-01,2010,2,368240.80929076293,78561,-8641.419882020895,112754.7216884769,2.165022712305603
controle,H2,2008-12-01,2010-03-01,2010,2,284993.2467770437,78561,19633.962010355455,88891.03978492245,1.9046438689891354
controle,H2,2008-12-01,2010-04-01,2010,2,286511.81250822387,78561,678.7755947970209,94577.32679972932,1.909711505301264
controle,H2,2008-12-01,2010-05-01,2010,2,306384.3198806138,78561,-3864.9506189266704,96743.92023606325,1.9748302278412782
controle,H2,2008-12-01,2010-06-01,2010,2,157944.78033544536,78561,5206.304663810843,67707.08825349527,1.417911541597406
controle,H2,2008-12-01,2010-07-01,2010,2,199500.8622539384,78561,-10700.992553368174,73171.67983545725,1.5935617139088718
controle,H2,2008-12-01,2010-08-01,2010,2,163384.38983516913,78561,13535.312729876137,66910.53877883936,1.442121258265692
controle,H2,2008-12-01,2010-09-01,2010,2,184039.74288756266,78561,3164.710573391257,70884.04800304967,1.5305668662076388
controle,H2,2008-12-01,2010-10-01,2010,2,208837.5940406747,78561,19480.623440189687,80781.60699141149,1.6304250495171753
controle,H2,2008-12-01,2010-11-01,2010,2,219657.24839938025,78561,-1527.9896180838991,78190.1496961335,1.6721270327117925
controle,H2,2008-12-01,2010-12-01,2010,2,259855.4870722163,78561,592.1036881983096,88234.03781210477,1.8187057690590385
sst_8pcs,H2,2008-12-01,2009-01-01,2009,1,248005.44095799487,78561,-6999.102649158595,86456.88909809399,1.776753186365813
sst_8pcs,H2,2008-12-01,2009-02-01,2009,1,286747.8604845109,78561,-28087.474844388653,87872.71813275958,1.9104980186457625
sst_8pcs,H2,2008-12-01,2009-03-01,2009,1,228697.4884064093,78561,877.2565401311275,84537.92913047333,1.7061892295181258
sst_8pcs,H2,2008-12-01,2009-04-01,2009,1,361159.02625775285,78561,976.9445796637258,110872.66829283048,2.1441034481126873
sst_8pcs,H2,2008-12-01,2009-05-01,2009,1,355977.2348636312,78561,7504.97378337371,100528.91371849789,2.1286664298063935
sst_8pcs,H2,2008-12-01,2009-06-01,2009,1,179817.66921752002,78561,-2559.9709914012324,76558.42506343492,1.5129085615953553
sst_8pcs,H2,2008-12-01,2009-07-01,2009,1,217951.82093386742,78561,-1720.9757353391478,77373.34751313122,1.665623154188557
sst_8pcs,H2,2008-12-01,2009-08-01,2009,1,284328.968885372,78561,-21916.324437663734,77095.58599368384,1.9024228498153073
sst_8pcs,H2,2008-12-01,2009-09-01,2009,1,202817.46242503138,78561,16129.584101381337,76909.13489400815,1.606753190216877
sst_8pcs,H2,2008-12-01,2009-10-01,2009,1,251779.82972990873,78561,-2953.685454627657,83841.33299454678,1.7902223150480419
sst_8pcs,H2,2008-12-01,2009-11-01,2009,1,286528.13695407804,78561,10733.827715207835,93561.52106153732,1.9097659088836934
sst_8pcs,H2,2008-12-01,2009-12-01,2009,1,222290.44114037955,78561,-5742.451641170417,84281.76612871865,1.682119681952311
sst_8pcs,H2,2008-12-01,2010-01-01,2010,2,316659.4310212562,78561,8984.709723984295,96476.3605796794,2.0076717685381005
sst_8pcs,H2,2008-12-01,2010-02-01,2010,2,383139.56819882646,78561,-10013.345458849199,116004.04631682226,2.208386081255189
sst_8pcs,H2,2008-12-01,2010-03-01,2010,2,278764.72840070253,78561,19816.68971855708,88258.55481746579,1.883715926740394
sst_8pcs,H2,2008-12-01,2010-04-01,2010,2,295282.33678741293,78561,-4128.865401637241,94679.30092275034,1.9387206362886922
sst_8pcs,H2,2008-12-01,2010-05-01,2010,2,304531.3704986366,78561,-7754.462260257396,96298.19805259476,1.9688494879344243
sst_8pcs,H2,2008-12-01,2010-06-01,2010,2,156829.2861778587,78561,815.9639982706503,67077.26261046284,1.412895628424226
sst_8pcs,H2,2008-12-01,2010-07-01,2010,2,200185.06296958888,78561,-12822.960328601788,72490.03357599032,1.5962919849100867
sst_8pcs,H2,2008-12-01,2010-08-01,2010,2,162425.42666026088,78561,12944.1199307568,66571.70544050673,1.4378828594603348
sst_8pcs,H2,2008-12-01,2010-09-01,2010,2,184478.29453644285,78561,5648.695082210321,70955.60168786834,1.532389388927435
sst_8pcs,H2,2008-12-01,2010-10-01,2010,2,210459.13062314058,78561,21062.981753413504,80194.65557526688,1.6367425942920018
sst_8pcs,H2,2008-12-01,2010-11-01,2010,2,222403.08110146367,78561,-2737.3437959267167,77576.19836343735,1.6825458134086755
sst_8pcs,H2,2008-12-01,2010-12-01,2010,2,252304.94910766135,78561,-505.22049917965296,85886.51869621605,1.7920882126753472
controle,H3,2010-12-01,2011-01-01,2011,1,220017.96930284853,78561,950.4442355302112,83985.62780932488,1.6734994521281814
controle,H3,2010-12-01,2011-02-01,2011,1,237445.77240547142,78561,-10742.252440965363,83940.23797201901,1.7385161095975044
controle,H3,2010-12-01,2011-03-01,2011,1,289762.96042625635,78561,-15022.288298663014,90913.16461909868,1.9205160172360798
controle,H3,2010-12-01,2011-04-01,2011,1,228036.48818896382,78561,-11471.717459150283,80310.60199844088,1.7037217613614328
controle,H3,2010-12-01,2011-05-01,2011,1,351940.07804299763,78561,-10921.622594739594,95207.91601724966,2.116561351057004
controle,H3,2010-12-01,2011-06-01,2011,1,183369.06069048453,78561,-11048.426922486426,69365.96083703707,1.5277754558810925
controle,H3,2010-12-01,2011-07-01,2011,1,160725.65250888787,78561,-15129.295754521438,62115.748880696134,1.4303393851094772
controle,H3,2010-12-01,2011-08-01,2011,1,189160.690062152,78561,8339.558778239985,75922.5698283086,1.5517149464336886
controle,H3,2010-12-01,2011-09-01,2011,1,179059.00493142797,78561,18016.425662680816,74278.94298810231,1.5097136505716973
controle,H3,2010-12-01,2011-10-01,2011,1,195418.43770390816,78561,-22847.51406754378,75876.19780511236,1.5771727578876746
controle,H3,2010-12-01,2011-11-01,2011,1,345779.64350254915,78561,-21810.04790540387,91093.9055304687,2.0979551983633495
controle,H3,2010-12-01,2011-12-01,2011,1,285181.3447305033,78561,12886.309167106861,96755.68812437529,1.905272305844715
controle,H3,2010-12-01,2012-01-01,2012,2,239506.94791829455,78561,-7070.156551979733,83924.62240118651,1.7460455001334378
controle,H3,2010-12-01,2012-02-01,2012,2,274271.9292541777,78561,-22943.53936566299,92492.74144393725,1.8684745173837587
controle,H3,2010-12-01,2012-03-01,2012,2,248393.99556797976,78561,5221.058744296162,87560.10915483886,1.7781444773153836
controle,H3,2010-12-01,2012-04-01,2012,2,256567.31396196352,78561,-9570.174252990186,87886.26027445235,1.8071623178773426
controle,H3,2010-12-01,2012-05-01,2012,2,228965.87208021633,78561,3977.1314444082263,82245.49814816198,1.707190069255533
controle,H3,2010-12-01,2012-06-01,2012,2,198507.17054792886,78561,5469.352342931849,78852.62710037454,1.5895880824491198
controle,H3,2010-12-01,2012-07-01,2012,2,227370.63290195644,78561,-3882.6376713617265,74911.67161037447,1.7012325512264281
controle,H3,2010-12-01,2012-08-01,2012,2,187648.39090774627,78561,-6250.717870205683,76390.31178536272,1.5454996849571083
controle,H3,2010-12-01,2012-09-01,2012,2,142902.79808725964,78561,37601.63317747385,66338.16431893074,1.3487046808804783
controle,H3,2010-12-01,2012-10-01,2012,2,198710.64432319807,78561,15532.755849869412,78834.97667248528,1.5904025533995885
controle,H3,2010-12-01,2012-11-01,2012,2,361996.24413201615,78561,4238.057685416748,101806.91550967237,2.1465871775657828
controle,H3,2010-12-01,2012-12-01,2012,2,324913.1981782841,78561,2349.439548966401,103542.46782776213,2.033668562081334
sst_8pcs,H3,2010-12-01,2011-01-01,2011,1,225875.50662532123,78561,5525.439217621453,85484.43651570796,1.6956299087599676
sst_8pcs,H3,2010-12-01,2011-02-01,2011,1,240314.33539968324,78561,-9308.850975790388,84998.01626547726,1.748986018604438
sst_8pcs,H3,2010-12-01,2011-03-01,2011,1,282664.90402070037,78561,-11469.101443987194,90559.60015528959,1.896847616632873
sst_8pcs,H3,2010-12-01,2011-04-01,2011,1,226105.20946918768,78561,-7372.661247246123,80656.26478817938,1.6964918703901637
sst_8pcs,H3,2010-12-01,2011-05-01,2011,1,350929.4624253969,78561,-7738.56206887535,95700.67188967355,2.1135202541696367
sst_8pcs,H3,2010-12-01,2011-06-01,2011,1,185783.15288066427,78561,-8684.358010721015,69880.20478786486,1.537799314555514
sst_8pcs,H3,2010-12-01,2011-07-01,2011,1,160819.9514412384,78561,-13483.53103804023,61916.42387848856,1.430758918945283
sst_8pcs,H3,2010-12-01,2011-08-01,2011,1,188679.30920132692,78561,8877.41952440517,75830.90624358028,1.5497392671674637
sst_8pcs,H3,2010-12-01,2011-09-01,2011,1,184254.00394748704,78561,21301.13653632812,75870.97355086927,1.531457558297661
sst_8pcs,H3,2010-12-01,2011-10-01,2011,1,195934.89035173453,78561,-20477.455688900474,76011.70730576199,1.5792554620640917
sst_8pcs,H3,2010-12-01,2011-11-01,2011,1,333650.70951571903,78561,-19474.47398313389,89970.4835750855,2.0608316942442477
sst_8pcs,H3,2010-12-01,2011-12-01,2011,1,277551.25496370246,78561,18362.84362201936,96716.30023836483,1.8796115117586893
sst_8pcs,H3,2010-12-01,2012-01-01,2012,2,236562.79709983643,78561,-2391.70989242885,84883.52689653182,1.7352806412895498
sst_8pcs,H3,2010-12-01,2012-02-01,2012,2,273104.57447175606,78561,-20654.93890075501,93145.1717767978,1.8644939815413815
sst_8pcs,H3,2010-12-01,2012-03-01,2012,2,245270.9794541759,78561,8028.068910826193,87588.37414891156,1.766930963031809
sst_8pcs,H3,2010-12-01,2012-04-01,2012,2,260013.64636038488,78561,-6115.451780831225,88763.97337160987,1.8192591563629756
sst_8pcs,H3,2010-12-01,2012-05-01,2012,2,235080.0617414084,78561,6600.142791052657,83773.1945233672,1.729833871125434
sst_8pcs,H3,2010-12-01,2012-06-01,2012,2,200157.30285448013,78561,5732.170059289553,79070.09164861552,1.596181300364117
sst_8pcs,H3,2010-12-01,2012-07-01,2012,2,229060.0203565312,78561,-1207.3557142037223,74974.84764930827,1.7075410221765817
sst_8pcs,H3,2010-12-01,2012-08-01,2012,2,185822.30542005802,78561,-5608.239331370379,76061.37046245825,1.537961346406888
sst_8pcs,H3,2010-12-01,2012-09-01,2012,2,141393.15817389078,78561,35583.130789656716,66108.24203251318,1.3415618386136319
sst_8pcs,H3,2010-12-01,2012-10-01,2012,2,193928.56680815836,78561,10695.332366755114,77975.42394144105,1.5711490692791201
sst_8pcs,H3,2010-12-01,2012-11-01,2012,2,362695.7601179952,78561,8267.668875472564,102657.30843816587,2.148660192640765
sst_8pcs,H3,2010-12-01,2012-12-01,2012,2,321502.33182127355,78561,969.0499298931541,102863.7479571485,2.0229658997234776
controle,H4,2012-12-01,2013-01-01,2013,1,347516.165387058,78561,23392.87145829898,107440.61228332632,2.1032166164664488
controle,H4,2012-12-01,2013-02-01,2013,1,333531.77513138665,78561,-4147.770145883731,97645.82766263891,2.0604643556048847
controle,H4,2012-12-01,2013-03-01,2013,1,258187.55740953475,78561,1702.9719448449578,84064.961734499,1.8128595259333347
controle,H4,2012-12-01,2013-04-01,2013,1,212418.89688303604,78561,17945.86428283626,84665.93257896803,1.6443454961253943
controle,H4,2012-12-01,2013-05-01,2013,1,178460.70962032897,78561,1526.1386319810954,70687.25397242774,1.5071893140274353
controle,H4,2012-12-01,2013-06-01,2013,1,272410.9521660258,78561,-12274.337048079627,85667.18996563353,1.862124785047438
controle,H4,2012-12-01,2013-07-01,2013,1,168751.8304711427,78561,13496.5109279122,71909.36186278799,1.4656178466944456
controle,H4,2012-12-01,2013-08-01,2013,1,147022.44106796203,78561,563.7953559875461,65644.78721862941,1.3680069795288095
controle,H4,2012-12-01,2013-09-01,2013,1,115653.37408364218,78561,10084.319053914278,58294.94991891128,1.2133208264531552
controle,H4,2012-12-01,2013-10-01,2013,1,135074.18660984625,78561,4952.733914007375,64644.17762390081,1.3112414791311569
controle,H4,2012-12-01,2013-11-01,2013,1,216836.06952924113,78561,-9688.151225138477,82439.00364946372,1.6613543072765513
controle,H4,2012-12-01,2013-12-01,2013,1,369018.06820333196,78561,-4102.036306703329,95450.45906132957,2.1673064029164886
controle,H4,2012-12-01,2014-01-01,2014,2,386011.3123413284,78561,10633.709137886659,101920.58382755911,2.2166468835928232
controle,H4,2012-12-01,2014-02-01,2014,2,322636.3215748158,78561,-2086.9165469120203,91070.25165018618,2.0265304202406607
controle,H4,2012-12-01,2014-03-01,2014,2,181742.19054097953,78561,-5682.893074665267,79600.13503430298,1.5209830620170552
controle,H4,2012-12-01,2014-04-01,2014,2,166555.29885908685,78561,9924.970878542767,71796.1634325776,1.4560481120730049
controle,H4,2012-12-01,2014-05-01,2014,2,275892.6631397904,78561,-5906.001500809431,81301.37459610286,1.8739870016868287
controle,H4,2012-12-01,2014-06-01,2014,2,224410.62763055414,78561,-6764.422415701752,74768.96157316743,1.6901225985466486
controle,H4,2012-12-01,2014-07-01,2014,2,211196.16553366176,78561,-5686.17095348504,72249.63282542647,1.6396060531394425
controle,H4,2012-12-01,2014-08-01,2014,2,159034.05701070838,78561,-2214.8253410522466,62848.77364894214,1.4227925011850098
controle,H4,2012-12-01,2014-09-01,2014,2,128454.51896291251,78561,-666.9946973691433,61468.45645881169,1.2787074400693208
controle,H4,2012-12-01,2014-10-01,2014,2,174852.33706163111,78561,8049.008051014209,74549.91949260538,1.4918742542143033
controle,H4,2012-12-01,2014-11-01,2014,2,258728.8932558628,78561,-26755.2935126106,80278.44400107293,1.8147590209988829
controle,H4,2012-12-01,2014-12-01,2014,2,199840.91921597996,78561,6888.44075512477,77039.73821561277,1.5949192795419074
sst_8pcs,H4,2012-12-01,2013-01-01,2013,1,340047.5180519434,78561,21628.997571930046,105667.79228383285,2.0804932122237703
sst_8pcs,H4,2012-12-01,2013-02-01,2013,1,337411.7970486963,78561,-5701.823130114881,97884.33763606171,2.072414536975838
sst_8pcs,H4,2012-12-01,2013-03-01,2013,1,260722.14546344354,78561,1715.3279086334187,84433.03414974302,1.821736077569294
sst_8pcs,H4,2012-12-01,2013-04-01,2013,1,212200.5898084164,78561,17081.767208834524,84327.59204328574,1.6435003158275816
sst_8pcs,H4,2012-12-01,2013-05-01,2013,1,180411.26681994498,78561,-3348.740138495751,70354.63245650384,1.5154036416731953
sst_8pcs,H4,2012-12-01,2013-06-01,2013,1,268430.55540494836,78561,-9181.43802720883,84790.89934295665,1.8484702851667691
sst_8pcs,H4,2012-12-01,2013-07-01,2013,1,168665.16121095064,78561,15476.436241671214,72127.37981574622,1.4652414349900527
sst_8pcs,H4,2012-12-01,2013-08-01,2013,1,148810.83853545386,78561,1051.8329569173663,65767.75609705254,1.3763021251947576
sst_8pcs,H4,2012-12-01,2013-09-01,2013,1,116093.81564735259,78561,10641.206492155321,58636.465525485386,1.2156289696795413
sst_8pcs,H4,2012-12-01,2013-10-01,2013,1,137296.4106836878,78561,6115.344544225081,64807.45801181976,1.32198366965975
sst_8pcs,H4,2012-12-01,2013-11-01,2013,1,214403.7675619144,78561,-10919.545484123657,81945.727796182,1.6520101254188806
sst_8pcs,H4,2012-12-01,2013-12-01,2013,1,359030.682627276,78561,517.8123314835298,94987.78413826761,2.1377764126707337
sst_8pcs,H4,2012-12-01,2014-01-01,2014,2,387032.1741431503,78561,12598.285985661683,102275.7367876107,2.2195760671435574
sst_8pcs,H4,2012-12-01,2014-02-01,2014,2,316252.6371524142,78561,-1337.5787451973597,90276.60181196203,2.006381784806193
sst_8pcs,H4,2012-12-01,2014-03-01,2014,2,179665.23418575912,78561,-6256.530417464138,79027.6551697852,1.5122671642240042
sst_8pcs,H4,2012-12-01,2014-04-01,2014,2,167662.21621444265,78561,8064.956974579708,71835.63238804259,1.4608785075613733
sst_8pcs,H4,2012-12-01,2014-05-01,2014,2,272498.14466097904,78561,-4118.430293255642,81443.45120172121,1.8624227729119465
sst_8pcs,H4,2012-12-01,2014-06-01,2014,2,223243.55718421587,78561,-5853.532427998863,74689.38640435388,1.6857220418897354
sst_8pcs,H4,2012-12-01,2014-07-01,2014,2,205322.4618745307,78561,-5414.788791182889,71863.1881158979,1.61664524791159
sst_8pcs,H4,2012-12-01,2014-08-01,2014,2,156023.84846381302,78561,-839.5910231245962,62825.18538213203,1.409262811046093
sst_8pcs,H4,2012-12-01,2014-09-01,2014,2,129374.43750438259,78561,1374.964154648241,61965.43737318844,1.2832779611748895
sst_8pcs,H4,2012-12-01,2014-10-01,2014,2,171283.07785394212,78561,8841.84402081174,74042.89255686975,1.4765689366986174
sst_8pcs,H4,2012-12-01,2014-11-01,2014,2,252418.85272091784,78561,-24668.243978659648,79966.02629256417,1.7924926880738967
sst_8pcs,H4,2012-12-01,2014-12-01,2014,2,199635.6878963062,78561,6204.683110241064,77286.36335609271,1.5941000992856473
controle,A,2014-12-01,2015-01-01,2015,1,311447.61327685846,78561,16034.311256903882,98438.9834220892,1.9910813391428754
controle,A,2014-12-01,2015-02-01,2015,1,189938.32878448092,78561,-10374.329332921474,76203.4409747645,1.5549012215872373
controle,A,2014-12-01,2015-03-01,2015,1,232279.6059385542,78561,-16514.434233287757,84902.04065201133,1.7194994404226793
controle,A,2014-12-01,2015-04-01,2015,1,192999.24560436158,78561,7238.0222332502635,81165.74125646576,1.5673800124458304
controle,A,2014-12-01,2015-05-01,2015,1,268138.779512271,78561,-15976.926299764466,85977.12979189752,1.8474653963832461
controle,A,2014-12-01,2015-06-01,2015,1,226880.12796840575,78561,-3825.7744428138717,75950.18933212748,1.6993965324757254
controle,A,2014-12-01,2015-07-01,2015,1,266699.3940142251,78561,-36126.709606755016,78309.31218114066,1.8425000698036762
controle,A,2014-12-01,2015-08-01,2015,1,200655.40983215097,78561,-15378.906528414253,75566.38926147646,1.5981661767558006
controle,A,2014-12-01,2015-09-01,2015,1,189718.13960853886,78561,10089.403238917828,77819.05280018518,1.5539996876429445
controle,A,2014-12-01,2015-10-01,2015,1,154113.7871125156,78561,16273.614325485794,70900.18355627901,1.4006100713055227
controle,A,2014-12-01,2015-11-01,2015,1,166555.3704416224,78561,3789.367565087613,68336.73260711948,1.456048424964895
controle,A,2014-12-01,2015-12-01,2015,1,317231.8885608965,78561,16594.8878707883,90803.56596011487,2.00948568558537
controle,A,2014-12-01,2016-01-01,2016,2,476380.32888963463,78561,-10783.986830531298,115472.94647697605,2.4624839497818445
controle,A,2014-12-01,2016-02-01,2016,2,187070.03633909134,78561,-3735.9339307335413,78553.30266595609,1.5431161403975577
controle,A,2014-12-01,2016-03-01,2016,2,357450.120798302,78561,-5252.304144089854,101658.34035523354,2.133065652712872
controle,A,2014-12-01,2016-04-01,2016,2,291287.630157,78561,-7721.495626246556,93094.09699761734,1.925562057125714
controle,A,2014-12-01,2016-05-01,2016,2,276965.44639823143,78561,29585.732687245138,93165.61189821472,1.8776268798792137
controle,A,2014-12-01,2016-06-01,2016,2,234972.4662311477,78561,35508.023878641594,84490.75738920737,1.7294379556691175
controle,A,2014-12-01,2016-07-01,2016,2,160872.23572142932,78561,3415.8788496017232,68494.18472456871,1.4309914775316037
controle,A,2014-12-01,2016-08-01,2016,2,163508.5121592101,78561,11796.516997427998,66661.86504105927,1.4426689405104949
controle,A,2014-12-01,2016-09-01,2016,2,174204.30080344717,78561,12978.913278840719,75505.94907400555,1.4891071020406268
controle,A,2014-12-01,2016-10-01,2016,2,167364.17670117258,78561,1542.2836461782604,65873.19455562193,1.459579487439422
controle,A,2014-12-01,2016-11-01,2016,2,257403.1917392793,78561,4916.805992554044,81512.39392183343,1.8101037262525945
controle,A,2014-12-01,2016-12-01,2016,2,211401.0460888794,78561,-10113.04721879453,82966.0721576491,1.6404011479927587
sst_8pcs,A,2014-12-01,2015-01-01,2015,1,303110.24254699383,78561,16972.385339225486,97700.90786150986,1.96425019336918
sst_8pcs,A,2014-12-01,2015-02-01,2015,1,193056.58089379474,78561,-12055.678542170144,76877.05561718692,1.5676128100226325
sst_8pcs,A,2014-12-01,2015-03-01,2015,1,229359.89115693694,78561,-17687.76367477383,84192.67450773127,1.708658358625681
sst_8pcs,A,2014-12-01,2015-04-01,2015,1,194843.2695056951,78561,8421.794601415811,81331.69862649319,1.5748500290392358
sst_8pcs,A,2014-12-01,2015-05-01,2015,1,271060.37913680356,78561,-16669.797865037905,86518.72923712118,1.8575029803583745
sst_8pcs,A,2014-12-01,2015-06-01,2015,1,213003.19467812864,78561,-3584.8564490502326,72822.49525128913,1.6466054825548384
sst_8pcs,A,2014-12-01,2015-07-01,2015,1,261548.98002930303,78561,-34560.64726838436,77229.29062585002,1.8246224492366663
sst_8pcs,A,2014-12-01,2015-08-01,2015,1,195900.49745044668,78561,-16004.381840181673,74164.61931610738,1.5791168508120483
sst_8pcs,A,2014-12-01,2015-09-01,2015,1,185893.50957007677,78561,7715.777846794121,77049.13835072872,1.5382559793403399
sst_8pcs,A,2014-12-01,2015-10-01,2015,1,150165.4032230119,78561,9712.161381143856,69164.2685541493,1.3825518950590727
sst_8pcs,A,2014-12-01,2015-11-01,2015,1,173083.58024150316,78561,2793.8918147146787,68895.85839631743,1.4843093854279314
sst_8pcs,A,2014-12-01,2015-12-01,2015,1,313208.74416884675,78561,14224.944610539551,89760.40899185113,1.996702849111489
sst_8pcs,A,2014-12-01,2016-01-01,2016,2,491720.83306736173,78561,-9959.616063807896,117059.32439889119,2.5018185187696402
sst_8pcs,A,2014-12-01,2016-02-01,2016,2,189858.43693796732,78561,-3765.777608552491,78877.74469351367,1.5545741759718341
sst_8pcs,A,2014-12-01,2016-03-01,2016,2,345763.3968250618,78561,-4368.348637450064,100669.83747813573,2.097905910901646
sst_8pcs,A,2014-12-01,2016-04-01,2016,2,294095.0848252008,78561,-10434.21929222066,93019.48486040492,1.9348191699002784
sst_8pcs,A,2014-12-01,2016-05-01,2016,2,274395.3242879089,78561,23555.20937841689,91584.90168578016,1.8688947837782235
sst_8pcs,A,2014-12-01,2016-06-01,2016,2,241620.45589256377,78561,37643.534313492295,85373.0514095532,1.7537324914782175
sst_8pcs,A,2014-12-01,2016-07-01,2016,2,159152.02905881914,78561,5790.835957326812,68660.78175695967,1.4233201197096401
sst_8pcs,A,2014-12-01,2016-08-01,2016,2,162668.42490423162,78561,13999.261415298066,66373.57615072027,1.4389580372595556
sst_8pcs,A,2014-12-01,2016-09-01,2016,2,174543.519062573,78561,13339.167896412,75664.67551999826,1.4905562242828723
sst_8pcs,A,2014-12-01,2016-10-01,2016,2,167353.49219699076,78561,2905.8134019127797,66167.31632819571,1.4595328970269863
sst_8pcs,A,2014-12-01,2016-11-01,2016,2,272229.55523494293,78561,8534.747245903985,83117.94042668807,1.8615046925558953
sst_8pcs,A,2014-12-01,2016-12-01,2016,2,212238.42398903734,78561,-9191.065977370386,83193.97657161445,1.643646822763529
controle,B,2016-12-01,2017-01-01,2017,1,243771.1863318026,78561,339.8777313721421,88580.87740431055,1.761520427967397
controle,B,2016-12-01,2017-02-01,2017,1,289977.65135199943,78561,-18470.372976050872,91890.35030156946,1.9212273590443316
controle,B,2016-12-01,2017-03-01,2017,1,240201.4998616077,78561,-20964.228605661738,84157.76567326779,1.7485753669699091
controle,B,2016-12-01,2017-04-01,2017,1,168658.40968636662,78561,-2329.8263127238138,77748.47034166193,1.4652121085052614
controle,B,2016-12-01,2017-05-01,2017,1,263966.98853145674,78561,-10554.280782509983,90338.97477788595,1.8330373212513296
controle,B,2016-12-01,2017-06-01,2017,1,212939.04057715027,78561,-16710.597667088725,75113.78994572021,1.6463574946082726
controle,B,2016-12-01,2017-07-01,2017,1,301041.3984653294,78561,-2065.905816032221,93400.76788540535,1.9575353340416892
controle,B,2016-12-01,2017-08-01,2017,1,153826.1466760076,78561,639.9638120428099,66597.08103755752,1.3993024003398056
controle,B,2016-12-01,2017-09-01,2017,1,230241.58461190914,78561,-1654.983638035133,82077.33180180566,1.7119393766043625
controle,B,2016-12-01,2017-10-01,2017,1,246350.4062556716,78561,-9398.835845330856,86515.10734581233,1.770814787345855
controle,B,2016-12-01,2017-11-01,2017,1,189930.46209666337,78561,13069.737886407036,74004.21950231509,1.5548690215325385
controle,B,2016-12-01,2017-12-01,2017,1,240670.2853548063,78561,-7747.45225223503,77922.50860134936,1.750280825125043
controle,B,2016-12-01,2018-01-01,2018,2,196812.8997516632,78561,5344.173669856566,75535.35823229524,1.5827899301325414
controle,B,2016-12-01,2018-02-01,2018,2,452101.4228764947,78561,-3683.87723338501,116043.28964408902,2.398912654901667
controle,B,2016-12-01,2018-03-01,2018,2,255521.52760816232,78561,21933.348639808566,89542.01589087055,1.8034754969727018
controle,B,2016-12-01,2018-04-01,2018,2,256259.53436920178,78561,1867.6461887716373,86993.54517838154,1.8060780515667756
controle,B,2016-12-01,2018-05-01,2018,2,507854.16199559544,78561,-19753.07900589092,100214.80378781832,2.542529534748963
controle,B,2016-12-01,2018-06-01,2018,2,236826.31283636598,78561,8304.93574415797,75039.58842859023,1.7362468677828318
controle,B,2016-12-01,2018-07-01,2018,2,148302.55760154777,78561,3198.457215964617,64618.46401990033,1.3739496537417284
controle,B,2016-12-01,2018-08-01,2018,2,159624.70695359135,78561,3574.134182292831,64505.864821071606,1.4254321668284466
controle,B,2016-12-01,2018-09-01,2018,2,166299.4271182162,78561,-8297.068891546,70380.13403304237,1.454929250153353
controle,B,2016-12-01,2018-10-01,2018,2,222633.8914888086,78561,-4358.481865545117,73340.19542411232,1.6834186618060054
controle,B,2016-12-01,2018-11-01,2018,2,311560.7058704267,78561,-32344.312687656213,92678.05836419875,1.991442806216761
controle,B,2016-12-01,2018-12-01,2018,2,407856.0762297043,78561,18384.102552502038,109723.03062245194,2.2785049002609776
sst_8pcs,B,2016-12-01,2017-01-01,2017,1,243675.56777474348,78561,19.356016786673536,88413.98801020774,1.7611749183846788
sst_8pcs,B,2016-12-01,2017-02-01,2017,1,292801.3774365004,78561,-20516.21831103428,91777.80869632038,1.9305589003589085
sst_8pcs,B,2016-12-01,2017-03-01,2017,1,233082.19684771026,78561,-15299.781940570881,83350.9256089957,1.7224675541109062
sst_8pcs,B,2016-12-01,2017-04-01,2017,1,173532.62477298785,78561,1939.6496619893462,79040.51969027557,1.4862335693087718
sst_8pcs,B,2016-12-01,2017-05-01,2017,1,263364.1737808311,78561,-8223.09470044022,90361.22057775452,1.8309430943973342
sst_8pcs,B,2016-12-01,2017-06-01,2017,1,208479.48004448388,78561,-15996.404173218758,74305.61157003157,1.629026526048461
sst_8pcs,B,2016-12-01,2017-07-01,2017,1,304418.49630451266,78561,-3811.092082398962,93991.64896085678,1.968484578245005
sst_8pcs,B,2016-12-01,2017-08-01,2017,1,151592.20128784704,78561,-5066.302788438683,66140.71545597778,1.3891045321273539
sst_8pcs,B,2016-12-01,2017-09-01,2017,1,233734.21057802747,78561,-5646.905715650878,82335.95259678793,1.724875048546104
sst_8pcs,B,2016-12-01,2017-10-01,2017,1,249558.8720542869,78561,-12623.950864067283,86957.31994804695,1.7823090223017035
sst_8pcs,B,2016-12-01,2017-11-01,2017,1,189358.2143322198,78561,9470.21390722957,73706.42032377965,1.5525248964040816
sst_8pcs,B,2016-12-01,2017-12-01,2017,1,239911.62157806216,78561,-10986.054014149819,77661.87648390025,1.7475199467410567
sst_8pcs,B,2016-12-01,2018-01-01,2018,2,197482.14411935446,78561,7151.507237795682,75592.57672516904,1.5854787129422585
sst_8pcs,B,2016-12-01,2018-02-01,2018,2,448735.0774736114,78561,-992.0516108945196,115669.90238762362,2.389964820334383
sst_8pcs,B,2016-12-01,2018-03-01,2018,2,247519.35496295418,78561,20388.04342264423,88428.68764105921,1.7750111309511551
sst_8pcs,B,2016-12-01,2018-04-01,2018,2,247953.69689792432,78561,836.6040393967355,85922.93017250353,1.7765678250705652
sst_8pcs,B,2016-12-01,2018-05-01,2018,2,507907.4549639994,78561,-19590.661880986343,100275.08256302656,2.542662934651687
sst_8pcs,B,2016-12-01,2018-06-01,2018,2,219449.23249774234,78561,9094.278874701738,72696.28485777536,1.671335091169629
sst_8pcs,B,2016-12-01,2018-07-01,2018,2,145902.60756012745,78561,7242.563844614602,64559.20667809644,1.3627871358504164
sst_8pcs,B,2016-12-01,2018-08-01,2018,2,158416.7389426151,78561,7002.502336790647,64645.356844839735,1.420028409247294
sst_8pcs,B,2016-12-01,2018-09-01,2018,2,166390.894813588,78561,-5780.981806596023,70218.71745061707,1.4553293138631587
sst_8pcs,B,2016-12-01,2018-10-01,2018,2,225997.2301263731,78561,-2958.389094473381,73969.15662199465,1.6960867316638073
sst_8pcs,B,2016-12-01,2018-11-01,2018,2,316819.7338546354,78561,-34652.86776134612,93483.48058252266,2.008179877125746
sst_8pcs,B,2016-12-01,2018-12-01,2018,2,418667.6225143675,78561,18564.17441735648,110102.6537393651,2.308506951381712
controle,C,2018-12-01,2019-01-01,2019,1,299464.20471797,78561,14830.01287553241,90453.98232049507,1.9524007130754004
controle,C,2018-12-01,2019-02-01,2019,1,209560.96043310815,78561,11975.76256347903,77816.61466972683,1.6332463211544965
controle,C,2018-12-01,2019-03-01,2019,1,255707.5176878137,78561,15395.228435786457,85744.38704381246,1.8041317382264037
controle,C,2018-12-01,2019-04-01,2019,1,234050.80251550337,78561,-2827.897937219805,78718.02330765907,1.726042820993825
controle,C,2018-12-01,2019-05-01,2019,1,277393.2969512206,78561,-1302.0890898941398,85194.39988205729,1.879076580015966
controle,C,2018-12-01,2019-06-01,2019,1,250715.69424386893,78561,6946.9025111270075,76499.08543844335,1.7864351644854861
controle,C,2018-12-01,2019-07-01,2019,1,167003.19095541674,78561,9485.044993191577,63900.489549640806,1.4580045631748473
controle,C,2018-12-01,2019-08-01,2019,1,164361.31151576337,78561,25942.007166156276,65186.3538071303,1.4464262589893757
controle,C,2018-12-01,2019-09-01,2019,1,152862.50901704736,78561,3891.5433854680805,65854.0472068305,1.3949125779968827
controle,C,2018-12-01,2019-10-01,2019,1,185920.60799765156,78561,23131.99960811026,72780.0184804367,1.538368094064875
controle,C,2018-12-01,2019-11-01,2019,1,231547.2652217078,78561,13495.838231520329,81500.82466048471,1.716786646122925
controle,C,2018-12-01,2019-12-01,2019,1,258818.2993219828,78561,8972.317113583837,87664.49899364685,1.8150725469615825
controle,C,2018-12-01,2020-01-01,2020,2,254906.0209986524,78561,12680.86686871797,82157.91565418974,1.8013020590145024
controle,C,2018-12-01,2020-02-01,2020,2,202671.97841481218,78561,19508.10273818922,77950.7967134926,1.6061768127464067
controle,C,2018-12-01,2020-03-01,2020,2,239652.9688824632,78561,29920.396859400098,88831.06889758626,1.74657767759429
controle,C,2018-12-01,2020-04-01,2020,2,335516.4527632635,78561,8076.568235681245,98727.72903592762,2.0665856496378034
controle,C,2018-12-01,2020-05-01,2020,2,316839.24061739043,78561,14985.42972861765,95115.05065186624,2.0082416985359806
controle,C,2018-12-01,2020-06-01,2020,2,185336.28366126886,78561,-5960.420338242112,72707.02098822872,1.5359487460335175
controle,C,2018-12-01,2020-07-01,2020,2,197333.2441674016,78561,16135.125279658028,78332.29895746334,1.5848808811175377
controle,C,2018-12-01,2020-08-01,2020,2,199096.78447401358,78561,2501.1948127895657,68835.00699411135,1.5919470610690991
controle,C,2018-12-01,2020-09-01,2020,2,125980.16027603528,78561,27495.465784616074,61956.588457483434,1.266331986121749
controle,C,2018-12-01,2020-10-01,2020,2,215849.0170002049,78561,30941.756653004715,83190.64265541443,1.6575686953991444
controle,C,2018-12-01,2020-11-01,2020,2,427276.2359160411,78561,9094.43868827998,110533.2506824295,2.3321198638209797
controle,C,2018-12-01,2020-12-01,2020,2,294285.96205646294,78561,12436.132631470853,91310.40315107709,1.9354469481948222
sst_8pcs,C,2018-12-01,2019-01-01,2019,1,292942.14566279674,78561,15805.54366826487,89561.2659537344,1.9310229157593057
sst_8pcs,C,2018-12-01,2019-02-01,2019,1,210567.04579789,78561,9707.018241988451,77621.76179395003,1.6371621691667373
sst_8pcs,C,2018-12-01,2019-03-01,2019,1,259553.35310763912,78561,11526.358304016077,85333.86501376661,1.8176481569852456
sst_8pcs,C,2018-12-01,2019-04-01,2019,1,247777.5158983649,78561,-5790.5388164773285,79863.30211786316,1.7759365517356889
sst_8pcs,C,2018-12-01,2019-05-01,2019,1,277171.1577656901,78561,-3269.2276075162754,84751.49687188407,1.8783240381433204
sst_8pcs,C,2018-12-01,2019-06-01,2019,1,249075.14792379888,78561,6223.751289736543,76226.81084316444,1.7805808447813072
sst_8pcs,C,2018-12-01,2019-07-01,2019,1,172364.25359055254,78561,5441.851790041402,63922.45022785675,1.4812218165806543
sst_8pcs,C,2018-12-01,2019-08-01,2019,1,162970.95565968266,78561,25252.958057403906,64706.74030528549,1.4402955028558129
sst_8pcs,C,2018-12-01,2019-09-01,2019,1,150008.93372775483,78561,2667.622831312364,65345.87803471437,1.3818314109324792
sst_8pcs,C,2018-12-01,2019-10-01,2019,1,185207.84241286662,78561,22046.337125371057,72482.93533605925,1.535416434276093
sst_8pcs,C,2018-12-01,2019-11-01,2019,1,230034.7459021142,78561,12597.563801996535,81505.57890791251,1.7111702390611114
sst_8pcs,C,2018-12-01,2019-12-01,2019,1,253870.20926493878,78561,7097.645309854375,86423.96179612237,1.797638534132249
sst_8pcs,C,2018-12-01,2020-01-01,2020,2,250059.16451930217,78561,9836.940962489374,81372.33948704047,1.784094631699237
sst_8pcs,C,2018-12-01,2020-02-01,2020,2,203326.69591399375,78561,19677.969321173732,78562.90182349608,1.6087690412573257
sst_8pcs,C,2018-12-01,2020-03-01,2020,2,240116.5349780862,78561,32424.487897466293,88978.08736402253,1.7482660836333308
sst_8pcs,C,2018-12-01,2020-04-01,2020,2,340102.9753480425,78561,14064.431261937278,100052.26742764327,2.080662855903226
sst_8pcs,C,2018-12-01,2020-05-01,2020,2,325620.0901582172,78561,20788.562728906738,97170.71376021532,2.0358796186649792
sst_8pcs,C,2018-12-01,2020-06-01,2020,2,186930.3660340356,78561,-7222.105451004843,72568.81393929281,1.5425399718389348
sst_8pcs,C,2018-12-01,2020-07-01,2020,2,201413.04961301986,78561,16095.028163325818,78840.2673682965,1.6011805321899188
sst_8pcs,C,2018-12-01,2020-08-01,2020,2,196304.32434148152,78561,-1290.6844149895996,68438.95221064052,1.580743598991627
sst_8pcs,C,2018-12-01,2020-09-01,2020,2,121132.35278696977,78561,25570.724615270163,60700.05346724031,1.2417282878135938
sst_8pcs,C,2018-12-01,2020-10-01,2020,2,208410.41399784273,78561,27063.98285545226,81419.81692629686,1.6287566679746814
sst_8pcs,C,2018-12-01,2020-11-01,2020,2,426233.9900885108,78561,411.05715939755464,109314.48033636196,2.3292737819927063
sst_8pcs,C,2018-12-01,2020-12-01,2020,2,299818.7539006129,78561,9281.462192024508,92139.6524178475,1.9535561388309188
