modelo,bloco,n,sse,soma_erro,soma_erro_absoluto,sse_area,peso_area,rmse,mae,vies,rmse_area
climatologia,A,1885464,6485774.285755846,247451.14781482104,2121301.138238399,6041394.89377114,1619418.8409421304,1.8546919754495994,1.1250817508254727,0.131241512866234,1.9314746752941558
climatologia,B,1885464,6480609.393105339,-148707.09489403025,2069122.9012579178,6098058.811854319,1619418.8409421304,1.85395334407063,1.0974078005509083,-0.07887029128852646,1.9405114534403007
climatologia,C,1885464,6442198.222806653,261445.6663313614,2069330.4517185695,6116110.21061824,1619418.8409421304,1.848450902249978,1.0975178797996512,0.1386638335875739,1.9433814701428103
climatologia,H1,1885464,6382357.920456741,-169080.93299965456,2027669.8388177098,6046501.1306679,1619418.8409421304,1.8398459261305475,1.0754221978344374,-0.08967603359154805,1.9322907520715327
climatologia,H2,1885464,7433148.430645667,-151075.95096210175,2220416.359224756,7032203.462504971,1619418.8409421304,1.985533780645192,1.1776498300814844,-0.08012666959544269,2.0838483958305773
climatologia,H3,1885464,6341771.932883258,-144365.0922607495,2080498.1396333869,5969597.2873274945,1619418.8409421304,1.8339867236841647,1.103440924691952,-0.07656740847915923,1.9199632825287094
climatologia,H4,1885464,5587663.077899226,46772.597255323955,1931279.5697691725,5239646.653712498,1619418.8409421304,1.7214958629537196,1.024299360671523,0.024806942617479812,1.798752482636744
controle,A,1885464,5675537.182681706,33959.913626570546,1971821.4770536146,5251850.922601694,1619418.8409421304,1.7349795664840835,1.0458017109070312,0.01801143571373972,1.8008461057638379
controle,B,1885464,6103228.28450055,-81676.92595651542,2006961.5930654835,5743645.042354269,1619418.8409421304,1.7991637198344124,1.064439094602434,-0.0433192709892713,1.8832769998018384
controle,C,1885464,5682150.009807064,307751.7277990246,1940960.4981996343,5372585.23726582,1619418.8409421304,1.7359900241334432,1.0294338678434773,0.16322333802131708,1.8214282299683189
controle,H1,1885464,5628813.872730554,-48215.411208250516,1943429.453021147,5296694.018145535,1619418.8409421304,1.727823282102703,1.0307433358691267,-0.025572172795794837,1.8085180545525215
controle,H2,1885464,6081580.547455426,-31074.738785495432,2048006.0882047324,5688669.805577651,1619418.8409421304,1.7959701295737975,1.0862080040800208,-0.01648121565062787,1.874242446511122
controle,H3,1885464,5755652.240357472,-54128.22451875356,1994552.9286577727,5391931.0177739905,1619418.8409421304,1.747182015039248,1.0578578687568538,-0.028708171844571712,1.8247046123414883
controle,H4,1885464,5444237.331689848,23185.52162394044,1897446.9522888837,5099162.240423221,1619418.8409421304,1.6992583093427673,1.0063554394509169,0.012296984521550366,1.7744747390384574
sst_8pcs,A,1885464,5669873.2488842,27327.37198359669,1965469.7566167908,5245660.970684017,1619418.8409421304,1.7341136341509809,1.0424329271822697,0.014493711883969512,1.7997845336172662
sst_8pcs,B,1885464,6084750.825519506,-80435.86298496045,2003608.0441875278,5722118.624965608,1619418.8409421304,1.7964381808337824,1.0626604613970503,-0.04266104417000826,1.8797445511015465
sst_8pcs,C,1885464,5691012.018394204,276008.7412874412,1937304.3937307075,5381926.8832456535,1619418.8409421304,1.7373432411991652,1.0274947671929602,0.14638770153524078,1.823011057141487
sst_8pcs,H1,1885464,5618485.34870306,-16758.390342408464,1947507.1340509367,5284713.173650291,1619418.8409421304,1.7262373300068512,1.0329060295242638,-0.008888204888774575,1.8064715100371604
sst_8pcs,H2,1885464,6093564.046339708,-2446.4365712510394,2052358.6686607772,5699224.4885292975,1619418.8409421304,1.7977387006102732,1.08851649708548,-0.001297524944125711,1.8759803631194056
sst_8pcs,H3,1885464,5737154.194922111,-4044.2874529637916,2001461.2620412118,5374113.206901377,1619418.8409421304,1.7443721282906657,1.06152186519669,-0.002144982589412363,1.8216872197335492
sst_8pcs,H4,1885464,5403936.878718882,33673.21704496669,1893228.416137158,5061799.322644269,1619418.8409421304,1.6929573274557834,1.0041180399822844,0.017859379465726574,1.7679617623718464
