modelo,ano,n,sse,soma_erro,soma_erro_absoluto,sse_area,peso_area,rmse,mae,vies,rmse_area
climatologia,2007,942732,3200374.170781959,1731.7326540728682,1016210.2048889787,3034078.3397065625,809709.4204710652,1.842494727953078,1.077941774426856,0.0018369299589627468,1.9357479098393606
climatologia,2008,942732,3181983.749674781,-170812.66565372742,1011459.6339287311,3012422.790961337,809709.4204710652,1.837193305361049,1.072902621242019,-0.18118899714205886,1.9288273978339496
climatologia,2009,942732,3854579.022096865,-70632.36491968003,1124213.812587251,3650459.2307505365,809709.4204710652,2.0220614625283484,1.192506261150837,-0.07492305864198948,2.123289221891553
climatologia,2010,942732,3578569.408548802,-80443.58604242172,1096202.5466375048,3381744.2317544343,809709.4204710652,1.9483213877397372,1.1627933990121315,-0.0853302805488959,2.043646533481391
climatologia,2011,942732,3236952.2950850422,-200374.5164787329,1022141.9015892454,3058682.6445304514,809709.4204710652,1.8529940509056677,1.0842338030206309,-0.21254663730384976,1.9435808592142145
climatologia,2012,942732,3104819.6377982153,56009.42421798341,1058356.2380441413,2910914.6427970426,809709.4204710652,1.814780331777859,1.1226480463632733,0.059411820345531295,1.8960515436593406
climatologia,2013,942732,2792524.0605995357,19536.384553717886,975592.1377511699,2609563.8293808475,809709.4204710652,1.7210929965067674,1.0348562876312355,0.020723158388298992,1.795226977870997
climatologia,2014,942732,2795139.01729969,27236.21270160607,955687.4320180027,2630082.82433165,809709.4204710652,1.7218986351434566,1.0137424337118106,0.02889072684666063,1.8022710910148523
climatologia,2015,942732,3214234.89051626,122151.87967828455,1056913.5182518403,3013100.2990146186,809709.4204710652,1.846480310574875,1.1211176858872303,0.12957222166881419,1.9290442868163757
climatologia,2016,942732,3271539.395239586,125299.2681365365,1064387.6199865588,3028294.5947565213,809709.4204710652,1.8628674430172396,1.1290458157637153,0.13291080406365383,1.9339020094375077
climatologia,2017,942732,3004807.0996516915,-131576.98618679174,1019510.0746211333,2792728.2420068397,809709.4204710652,1.7853122045580876,1.0814421008527697,-0.13956987371468427,1.8571618015626814
climatologia,2018,942732,3475802.2934536478,-17130.10870723852,1049612.8266367847,3305330.569847479,809709.4204710652,1.9201422697907788,1.1133735002490472,-0.018170708862368646,2.0204255602922947
climatologia,2019,942732,3082390.468052464,148962.02279046708,998717.1062659211,2935630.5605354,809709.4204710652,1.8082134778386711,1.0593860251544671,0.15801099654033923,1.904084001624095
climatologia,2020,942732,3359807.7547541885,112483.64354089432,1070613.3454526484,3180479.6500828397,809709.4204710652,1.8878308967225037,1.135649734444835,0.11931667063480854,1.9818998944820685
controle,2007,942732,2810380.127512768,23704.804970572626,966407.266725764,2645490.4793262547,809709.4204710652,1.7265867685603635,1.0251134646174778,0.025144797217631975,1.8075424498828816
controle,2008,942732,2818433.745217786,-71920.21617882315,977022.1862953831,2651203.5388192805,809709.4204710652,1.729058911369013,1.0363732071207756,-0.07628914280922165,1.8094931332161128
controle,2009,942732,3138915.485014908,-77732.1430084631,1034436.2652396703,2939161.137602148,809709.4204710652,1.8247177083491173,1.0972750105434739,-0.08245412588992747,1.9052286441725212
controle,2010,942732,2942665.0624405183,46657.40422296767,1013569.8229650621,2749508.667975502,809709.4204710652,1.7667548492871872,1.0751409976165678,0.049491694588671725,1.842735279423642
controle,2011,942732,2865897.1024964508,-78800.42759991589,979766.5624102335,2697618.696375927,809709.4204710652,1.7435570898995145,1.039284295441582,-0.08358730540590102,1.8252639882905457
controle,2012,942732,2889755.1378610213,24672.20308116233,1014786.3662475392,2694312.321398063,809709.4204710652,1.75079943500515,1.0764314420721257,0.026170961716757604,1.824145064859232
controle,2013,942732,2754882.0265625366,43452.91084397753,968554.5175325163,2576587.879322829,809709.4204710652,1.7094538407246085,1.0273911541482799,0.04609253832900287,1.7838481557273758
controle,2014,942732,2689355.3051273115,-20267.389220037097,928892.4347563675,2522574.3611003915,809709.4204710652,1.6890012345089525,0.985319724753554,-0.02149856928590214,1.7650515449355135
controle,2015,942732,2716657.6906548813,-28177.473953523153,964372.7617956714,2523054.4412058955,809709.4204710652,1.6975529710840147,1.0229553699202651,-0.02988916675526359,1.765219493566186
controle,2016,942732,2958879.492026825,62137.387580093695,1007448.7152579431,2728796.481395799,809709.4204710652,1.7716156757599635,1.068648051893797,0.06591203818274302,1.8357814501795953
controle,2017,942732,2781575.0598007706,-75846.90446584638,988347.2446186612,2580140.8505654,809709.4204710652,1.7177156296982543,1.0483862270705366,-0.08045436504313674,1.7850776456722932
controle,2018,942732,3321653.2246997785,-5830.021490669034,1018614.3484468223,3163504.191788869,809709.4204710652,1.8770810310232022,1.0804919621343312,-0.006184176935405857,1.9766037323870178
controle,2019,942732,2687405.6605790546,129936.66985684133,931312.725360364,2545990.223669325,809709.4204710652,1.6883889039135294,0.9878870403893831,0.13782991333363176,1.773224690482913
controle,2020,942732,2994744.34922801,177815.05794218328,1009647.7728392703,2826595.0135964947,809709.4204710652,1.782320295828821,1.0709806952975716,0.18861676270900243,1.8683885545873011
sst_8pcs,2007,942732,2804959.9266551016,32255.607444245954,966536.5829847214,2639325.5880771875,809709.4204710652,1.7249209861260597,1.0252506364319036,0.03421503401204792,1.8054351275897509
sst_8pcs,2008,942732,2813525.4220479587,-49013.997786654414,980970.5510662153,2645387.585573103,809709.4204710652,1.7275526708729507,1.040561422616624,-0.05199144378959706,1.8075072982471903
sst_8pcs,2009,942732,3126101.3802564563,-33757.3990339917,1039890.2320217162,2925998.880511747,809709.4204710652,1.820989344805873,1.1030602886310386,-0.03580805471119226,1.9009578256636457
sst_8pcs,2010,942732,2967462.6660832516,31310.962462740656,1012468.4366390611,2773225.608017551,809709.4204710652,1.7741833832632137,1.0739727055399213,0.03321300482294083,1.8506658236071092
sst_8pcs,2011,942732,2852562.690242162,-43942.15555632056,983595.989194343,2685131.0103661646,809709.4204710652,1.7394961597931045,1.0433463478425926,-0.04661150311681428,1.8210343758417475
sst_8pcs,2012,942732,2884591.504679949,39897.86810335676,1017865.272846869,2688982.196535212,809709.4204710652,1.7492345051420797,1.0796973825507874,0.042321537937989546,1.8223398297473916
sst_8pcs,2013,942732,2743524.5488640284,45077.178475907385,965730.8592969374,2567440.0047947373,809709.4204710652,1.7059264418104843,1.0243959675675987,0.04781547510417317,1.7806786676678412
sst_8pcs,2014,942732,2660412.3298548535,-11403.961430940697,927497.5568402206,2494359.317849532,809709.4204710652,1.6798880916014254,0.9838401123969702,-0.012096716172720028,1.7551527195462544
sst_8pcs,2015,942732,2684234.272601541,-40722.17004576464,955707.1453363355,2493702.1662107836,809709.4204710652,1.6873923820644137,1.013763344552148,-0.04319591362737728,1.7549215023645461
sst_8pcs,2016,942732,2985638.976282659,68049.54202936133,1009762.6112804553,2751958.804473234,809709.4204710652,1.7796087045324396,1.0711025098123912,0.07218333739531631,1.8435561438248649
sst_8pcs,2017,942732,2783509.036792213,-86740.58500396417,988044.0079229348,2578928.988310257,809709.4204710652,1.7183126736751255,1.0480645697005457,-0.09200980236585177,1.7846583812945385
sst_8pcs,2018,942732,3301241.788727293,6304.72201900373,1015564.036264593,3143189.636655351,809709.4204710652,1.8713048470525107,1.0772563530935546,0.006687714025835264,1.9702470953834872
sst_8pcs,2019,942732,2691543.3067140896,109306.88399599199,927746.0472023134,2550716.266990338,809709.4204710652,1.6896881623439106,0.9841036977659753,0.11594693295230456,1.7748697186515823
sst_8pcs,2020,942732,2999468.711680115,166701.85729144927,1009558.3465283941,2831210.616255316,809709.4204710652,1.7837255925493978,1.0708858366199452,0.17682847011817704,1.8699133965865633
