modelo,mes,n,sse,soma_erro,soma_erro_absoluto,sse_area,peso_area,rmse,mae,vies,rmse_area
climatologia,1,1099854,4203581.56792057,63644.17076813034,1311945.248875578,3951828.5682931994,944660.9905495761,1.9549795562521208,1.1928358208231074,0.05786601746061781,2.045319021872065
climatologia,2,1099854,4312398.341874877,-115287.89881787554,1333850.3371833935,4068582.0856870175,944660.9905495761,1.9801218490342922,1.2127521809107331,-0.10482109336136937,2.0753127317758704
climatologia,3,1099854,4032731.1581088495,-1449.7099101892672,1282717.568010997,3801800.265211244,944660.9905495761,1.914838346504682,1.166261674741372,-0.0013180930470673992,2.0061188444567732
climatologia,4,1099854,4177317.79952851,-5327.539813667536,1311265.8153959159,3953277.216528759,944660.9905495761,1.9488626793190678,1.1922180720313023,-0.004843860924875061,2.0456938706609047
climatologia,5,1099854,4902439.78600787,-52804.30250533251,1340521.3935935218,4659956.521557822,944660.9905495761,2.111244906306534,1.2188175826914498,-0.04801028364249483,2.2210224146026385
climatologia,6,1099854,3426735.277555565,1903.7724466645159,1120984.8137402236,3223497.3627991783,944660.9905495761,1.765113995586921,1.0192123806798208,0.0017309319661196086,1.8472499725572284
climatologia,7,1099854,2998447.2761063557,-31296.48783728294,1054340.3550906181,2795279.1208270523,944660.9905495761,1.651127797670697,0.9586184667152351,-0.028455129351061995,1.720182794387206
climatologia,8,1099854,2756401.4917507097,-34957.45716021955,1010982.7909031129,2559537.260720754,944660.9905495761,1.5830831224853963,0.9191972670037231,-0.03178372507643701,1.6460489166555572
climatologia,9,1099854,2522550.6204836196,177871.3440471175,1029423.3092215611,2339624.115740095,944660.9905495761,1.5144412339486433,0.9359635999155898,0.16172268687218258,1.5737475020081315
climatologia,10,1099854,3041723.854393411,19266.510149886133,1108174.6617726905,2856610.2060793517,944660.9905495761,1.663000472228852,1.0075652420891232,0.017517334255170353,1.73895162561649
climatologia,11,1099854,4302782.809614977,-79653.41652828433,1276530.4791390067,4092721.186556079,944660.9905495761,1.9779130374422877,1.1606363018537067,-0.07242180919311503,2.081460094191044
climatologia,12,1099854,4476413.280207414,531.3554460235173,1338881.6257332922,4240798.540456009,944660.9905495761,2.017425790277174,1.217326686754144,0.00048311452794963446,2.1187798303467997
controle,1,1099854,4034279.6109410115,78195.84898574288,1279995.8717148697,3777948.936108787,944660.9905495761,1.9152059326611777,1.1637870769346383,0.07109657189567241,1.999816056220334
controle,2,1099854,3994138.474610115,-97168.02191444204,1282648.2437715533,3749833.778853844,944660.9905495761,1.9056539502917822,1.1661986443396608,-0.0883462913390705,1.9923609343373998
controle,3,1099854,3583262.5735887554,22446.227065605533,1220010.0798640654,3359816.5306249773,944660.9905495761,1.804977520230362,1.1092472999726013,0.020408369715985517,1.8859049065915001
controle,4,1099854,3393605.675544802,-10734.287748309458,1203149.9491654981,3182801.575217193,944660.9905495761,1.756560730353576,1.0939178737955202,-0.009759738791066322,1.8355524185329029
controle,5,1099854,4086267.86806094,-22721.30115203462,1243004.580616792,3855769.7659924533,944660.9905495761,1.9275067030295223,1.1301541664773616,-0.020658470262448124,2.0203078716210237
controle,6,1099854,2996978.2464186447,11885.532967099618,1058615.9302683098,2796368.3407544103,944660.9905495761,1.6507232794833457,0.9625058692047397,0.01080646428262262,1.7205179084864894
controle,7,1099854,2746418.301459336,-35647.71226268822,1009590.2112352939,2548746.3469152446,944660.9905495761,1.5802137008700141,0.9179311174349449,-0.03241131301308012,1.6425754112693467
controle,8,1099854,2578600.830194674,-16865.792273390638,976235.4420191888,2387296.5541593977,944660.9905495761,1.5311739780853668,0.8876045748064642,-0.015334573746506935,1.5897000750856907
controle,9,1099854,2329267.1165191084,172288.00271804424,985534.9130673999,2155254.649678875,944660.9905495761,1.455265147608999,0.8960597616296344,0.15664624824571646,1.5104672193336113
controle,10,1099854,2841029.4047077266,55065.46913036815,1073245.8209885333,2665358.6981671583,944660.9905495761,1.6072015591331617,0.975807535353359,0.05006616253645315,1.6797314009616626
controle,11,1099854,3876692.739773657,-48785.05156571731,1214548.483205526,3678556.0285654156,944660.9905495761,1.877427483391023,1.1042815530111505,-0.044355934120089854,1.9733344454953103
controle,12,1099854,3910658.6274038497,41842.948630242514,1256599.4645742383,3686787.0791044226,944660.9905495761,1.8856341463717448,1.142514792485401,0.038044093698111306,1.9755409552715089
sst_8pcs,1,1099854,4045204.0305772396,93728.33793518397,1283676.3401130238,3786783.353745763,944660.9905495761,1.9177972711960594,1.1671334014451225,0.08521889081203866,2.0021528921955314
sst_8pcs,2,1099854,4020055.6384414104,-99017.86077913642,1288083.0364534508,3773122.5289674196,944660.9905495761,1.9118266563423625,1.1711400208149907,-0.09002818626757408,1.9985382449975613
sst_8pcs,3,1099854,3542334.9040179057,33517.75663209922,1215968.12962237,3319635.5982530117,944660.9905495761,1.7946397792215298,1.1055723119817449,0.03047473267551804,1.8745939700698757
sst_8pcs,4,1099854,3411649.4962307657,9627.746595755636,1206516.7278921243,3201139.982452359,944660.9905495761,1.7612243611330318,1.0969789880221597,0.008753658754485265,1.8408327917641103
sst_8pcs,5,1099854,4109474.7459936906,-13517.634693831002,1247837.4350500728,3879505.067479649,944660.9905495761,1.932972336201746,1.134548253722833,-0.012290390082530047,2.026516624874918
sst_8pcs,6,1099854,2963929.931474781,30003.655748135512,1054133.8120574062,2765659.8319005026,944660.9905495761,1.641596611404505,0.9584306753963764,0.027279671436513858,1.7110448372658607
sst_8pcs,7,1099854,2746163.4007593677,-16258.41483488325,1010639.5118567715,2546942.0699781375,944660.9905495761,1.5801403677355845,0.9188851537174675,-0.014782339142180008,1.6419939125217637
sst_8pcs,8,1099854,2536102.9905607705,-15445.960499745772,970281.5735707169,2345080.576981911,944660.9905495761,1.5185039423654412,0.8821912486300153,-0.014043646247361714,1.5755815768337256
sst_8pcs,9,1099854,2329040.0266729724,173811.38242380548,986010.5951502302,2154515.759001251,944660.9905495761,1.455194205982903,0.8964922572907225,0.15803132272447568,1.5102082787439266
sst_8pcs,10,1099854,2827815.9719363493,41868.01971760568,1069355.6434613285,2651476.427935375,944660.9905495761,1.603459711221331,0.9722705408729962,0.038066888621222164,1.675351328664931
sst_8pcs,11,1099854,3884772.9079240314,-51385.10041185721,1215311.6092221942,3686704.048001348,944660.9905495761,1.8793830205397835,1.1049753960272857,-0.04671992865585542,1.9755187093071063
sst_8pcs,12,1099854,3882232.5168923866,46392.42513128903,1253123.2609754205,3658991.425923785,944660.9905495761,1.87876842238037,1.1393541878971396,0.04218053044430354,1.968079805494471
