block,intensity,n,hybrid_rmse,hybrid_mae,hybrid_bias,unet_rmse,delta_rmse,unet_mae,delta_mae,unet_bias,delta_bias,delta_sse,contribution_to_global_delta_mse
H1,"[0,1)",525576,0.7593440965404291,0.42541390693442666,0.37185560577965543,0.7476168331101636,-0.011727263430265533,0.4176011604940258,-0.007812746440400864,0.30571017397762007,-0.06614543180203536,-9288.256471606845,-0.0007037492000155509
H1,"[1,3)",574356,1.1122815450170962,0.7765645586249575,0.5106657029902653,1.1075979561710054,-0.004683588846090769,0.7652540003493071,-0.011310558275650417,0.44175382456452855,-0.0689118784257367,-5971.5809812231455,-0.00045245255137069297
H1,"[3,5)",337418,1.2851288158790086,0.9369944598264492,-0.02744248213761272,1.3241760366480306,0.039047220769022006,0.974690141344646,0.0376956815181968,-0.056754795708250365,-0.029312313570637644,34378.20497731189,0.0026047551900306685
H1,"[5,10)",308622,2.075222737230249,1.6327256046823961,-0.5715102118012717,2.0919018003689502,0.016679063138701267,1.6423382188167928,0.009612614134396624,-0.525584917748264,0.045925294053007715,21450.38116908376,0.0016252445907277814
H1,"[10,infinity)",139492,4.494172128412581,3.3333224125191445,-2.626239458777319,4.473495847526217,-0.020676280886363863,3.295770277413264,-0.03755213510588051,-2.606387204472255,0.019852254305063877,-25864.330720103346,-0.0019596790968091633
H2,"[0,1)",513597,0.789303865249486,0.41332092357481137,0.34315844682502467,0.7680099260971752,-0.021293939152310815,0.4200962281431995,0.006775304568388152,0.3253636421307077,-0.01779480469431699,-17031.567366510048,-0.001290441531823773
H2,"[1,3)",568960,1.2234619378703853,0.8289597217742452,0.5151265794217849,1.2390358227017402,0.015573884831354912,0.8502842207650664,0.021324498990821228,0.5106732799795405,-0.004453299442244374,21819.989533971762,0.0016532489413725036
H2,"[3,5)",358612,1.3707218344877217,1.0115854212719644,-0.0629084943646687,1.3814425775823602,0.010720743094638552,1.0129175120664016,0.0013320907944371907,-0.06766167262081516,-0.004753178256146462,10580.93585807283,0.0008016924563072939
H2,"[5,10)",310277,2.2131528951546007,1.7452388734575033,-0.5883452949255965,2.266087404328483,0.052934509173882205,1.7729241149125625,0.02768524145505924,-0.6049244932039668,-0.01657919827837029,73568.65835387586,0.005574123046776804
H2,"[10,infinity)",134018,4.519875251240637,3.3920760827884346,-2.615504740239106,4.487720813499131,-0.03215443774150639,3.368313744552782,-0.023762338235652436,-2.3956808508848777,0.21982388935422836,-38816.19445518125,-0.0029410111444474487
H3,"[0,1)",506410,0.7952128958369591,0.434191855785237,0.37648495372656166,0.8079133615770032,0.012700465740044131,0.45247127697812023,0.018279421192883227,0.39023048023798057,0.013745526511418915,10310.735539825866,0.0007812200179770729
H3,"[1,3)",583441,1.1683351176075092,0.8080478932240465,0.5066910917746607,1.1742877578292872,0.005952640221777994,0.8082100040447384,0.00016211082069195193,0.5080906671163693,0.0013995753417086476,8135.962894970551,0.0006164426441275047
H3,"[3,5)",353399,1.2831748972659636,0.9498939494115028,-0.03602442229520207,1.2909902521411214,0.007815354875157832,0.9619762370289389,0.012082287617436016,-0.03984368871707452,-0.0038192664218724484,7109.686082553468,0.0005386840800804371
H3,"[5,10)",303584,2.161310500208034,1.710326918550633,-0.5933203024438193,2.1558114139971694,-0.00549908621086459,1.7014508771728898,-0.008876041377743116,-0.5898707453902894,0.0034495570535298947,-7207.152645219583,-0.0005460688907512257
H3,"[10,infinity)",138630,4.339472293989674,3.220146377341898,-2.4209148988760734,4.372334965806216,0.03286267181654168,3.2296838692246403,0.009537491882742444,-2.4672488406487574,-0.04633394177268402,39688.835036885925,0.0030071290550750317
H4,"[0,1)",512522,0.7135737711815527,0.38281684439932956,0.3234703536398673,0.7410997050825304,0.027525933900977684,0.41537967454151786,0.032562830142188304,0.3567707115985155,0.033300357958648164,20522.019459425792,0.0015549048221722907
H4,"[1,3)",596981,1.1538304081205673,0.7889557549025047,0.4984549362004169,1.1844431174615278,0.030612709340960498,0.8047012252275744,0.015745470325069677,0.5308033042389305,0.0323483680385136,42732.42997872154,0.0032377350371595942
H4,"[3,5)",355848,1.2954723687284297,0.9424732827865875,0.014688720301154546,1.3372683044712155,0.04179593574278573,0.9606131558982777,0.018139873111690186,0.01417114896686093,-0.0005175713342936167,39156.752406870946,0.00296681441407003
H4,"[5,10)",295294,2.1109330146089387,1.6582964305275654,-0.46871355993560165,2.230844643616056,0.11991162900711716,1.7469849828301294,0.088688552302564,-0.4564460658376017,0.012267494097999931,153738.8064881619,0.011648425343133567
H4,"[10,infinity)",124819,4.478585056316039,3.283762374251894,-2.507911997185334,4.435240414590897,-0.04334464172514174,3.2728665802715815,-0.010895793980312707,-2.328853468698255,0.17905852848707893,-48225.889080183115,-0.0036539614258031153
A,"[0,1)",534890,0.8163217011884376,0.41611648914913324,0.3587222327149257,0.8374716394234406,0.021149938235002996,0.44651703659048403,0.03040054744135079,0.38830880808092394,0.029586575365998236,18709.18290998839,0.001417550489276182
A,"[1,3)",591228,1.2301081758617392,0.8359283390082092,0.5380034366411801,1.2535608870914703,0.023452711229731138,0.8613864739398062,0.025458134931596987,0.5704534161765593,0.0324499795353792,34438.30575460009,0.0026093088836184994
A,"[3,5)",345475,1.3738041163651666,1.0164358075635207,0.0076465590464957316,1.3948008276613448,0.020996711296178194,1.0216673050009668,0.005231497437446109,0.03583601220666379,0.02818945316016806,20083.014061882976,0.0015216424226823875
A,"[5,10)",295922,2.148885747884677,1.6857912855570336,-0.5927831184265904,2.179401900968154,0.030516153083476993,1.7106080607764433,0.024816775219409726,-0.5416025217269052,0.05118059669968522,39086.1733408866,0.002961466805358302
A,"[10,infinity)",117949,4.556524134952301,3.472780474617184,-2.6619678738263173,4.5644169965348915,0.007892861582590172,3.44443544556245,-0.028345029054734017,-2.6389116511714192,0.02305622265489804,8491.186944127548,0.0006433571292286331
B,"[0,1)",508281,0.735360003086202,0.3984043566726432,0.3347047383395987,0.7489284322145239,0.013568429128321902,0.4149217665000968,0.016517409827453644,0.3393483697089282,0.004643631369329493,10236.50610865152,0.0007755958297382743
B,"[1,3)",573083,1.1287499288301257,0.7851271935965761,0.4577777869145427,1.156871636412759,0.028121707582633215,0.7999394863097642,0.014812292713188069,0.4628597462432983,0.005081959328755603,36835.242959478055,0.0027909191401372406
B,"[3,5)",365473,1.3138435345368187,0.9702516764259729,-0.07680606935474528,1.3739763192334555,0.060132784696636854,1.011810144971323,0.04155846854535017,-0.04412111281629084,0.03268495653845444,59069.972929877345,0.004475591982350789
B,"[5,10)",304211,2.2562659232982556,1.7768068584226115,-0.5416031215508798,2.3270135602307946,0.07074763693253905,1.8261632211179284,0.04935636269531685,-0.4074667959209283,0.13413632562995143,98642.30068645836,0.007473893556664366
B,"[10,infinity)",134416,4.676899511481939,3.4350993767657894,-2.4511746376521026,4.544316235859057,-0.1325832756228822,3.3075117409360537,-0.12758763582973565,-2.1405037418371466,0.310670895814956,-164334.17738646874,-0.01245121150825994
C,"[0,1)",551279,0.7339152703461711,0.39538621185592593,0.34493083209952385,0.7142045403097834,-0.01971073003638768,0.38690560547492453,-0.008480606381001399,0.285720475989123,-0.059210356110400875,-15735.431391272461,-0.0011922363779853554
C,"[1,3)",594235,1.2299464517345726,0.8402070757315924,0.6101395051190779,1.2404021369785905,0.010455685244017854,0.8483606460307409,0.008153570299148538,0.5961594076171692,-0.01398009750190865,15348.607107245945,0.001162927617911555
C,"[3,5)",340514,1.401362906440564,0.9794578660300248,0.1749838586920903,1.4431356190167903,0.04177271257622639,1.0132259435491477,0.03376807751912292,0.20575314113099843,0.03076928243890814,40460.69729486026,0.003065611230737615
C,"[5,10)",276432,2.309822945226638,1.7995275988215806,-0.17641010446132643,2.37801957811166,0.06819663288502209,1.840446516142221,0.04091891732064035,-0.033762503521647474,0.14264760093967896,88373.9491346376,0.006695884873101157
C,"[10,infinity)",123004,4.393442940524553,3.212950991844357,-2.0928730859275277,4.305078829198013,-0.08836411132653943,3.147099005156837,-0.06585198668752001,-1.7926729495635998,0.30020013636392795,-94545.44351102272,-0.007163484389066088
