model,block,intensity,n,sse,error_sum,absolute_error_sum,observed_sum,predicted_sum,rmse,mae,bias,observed_mean,predicted_mean
hybrid,H1,"[0,1)",525576,303048.93849037396,195438.38186324819,223587.33955096823,221421.4324951172,416859.8143583654,0.7593440965404291,0.42541390693442666,0.37185560577965543,0.4212928910283521,0.7931484968080076
hybrid,H1,"[1,3)",574356,710576.1477151422,293303.91050667677,446024.5136335961,1149901.3500213623,1443205.2605280392,1.1122815450170962,0.7765645586249575,0.5106657029902653,2.0020707540643126,2.512736457054578
hybrid,H1,"[3,5)",337418,557264.7471753526,-9259.58743790901,316158.79664572084,1296102.949142456,1286843.361704547,1.2851288158790086,0.9369944598264492,-0.02744248213761272,3.841238313138173,3.81379583100056
hybrid,H1,"[5,10)",308622,1329095.8917406322,-176380.62458653207,503895.04156829044,2174594.6464538574,1998214.0218673253,2.075222737230249,1.6327256046823961,-0.5715102118012717,7.046142680864803,6.474632469063532
hybrid,H1,"[10,infinity)",139492,2817401.2645472065,-366339.39458376577,464971.8099671205,1987067.2578811646,1620727.8632973987,4.494172128412581,3.3333224125191445,-2.626239458777319,14.24502665300637,11.61878719422905
unet,H1,"[0,1)",525576,293760.6820187671,160673.93039846164,219481.1475278081,221421.4324951172,382095.36289357883,0.7476168331101636,0.4176011604940258,0.30571017397762007,0.4212928910283521,0.7270030650059721
unet,H1,"[1,3)",574356,704604.5667339191,253723.95966158435,439528.22662462667,1149901.3500213623,1403625.3096829467,1.1075979561710054,0.7652540003493071,0.44175382456452855,2.0020707540643126,2.443824578628841
unet,H1,"[3,5)",337418,591642.9521526645,-19150.089658286422,328877.99811222777,1296102.949142456,1276952.8594841696,1.3241760366480306,0.974690141344646,-0.056754795708250365,3.841238313138173,3.7844835174299227
unet,H1,"[5,10)",308622,1350546.272909716,-162207.0684853047,506861.70576767623,2174594.6464538574,2012387.5779685527,2.0919018003689502,1.6423382188167928,-0.525584917748264,7.046142680864803,6.52055776311654
unet,H1,"[10,infinity)",139492,2791536.933827103,-363570.1639262438,459733.58753693104,1987067.2578811646,1623497.0939549208,4.473495847526217,3.295770277413264,-2.606387204472255,14.24502665300637,11.638639448534114
climatology,H1,"[0,1)",525576,339760.9302849509,217139.7937725425,239203.88112509385,221421.4324951172,438561.2262676597,0.8040238950924355,0.4551271007905495,0.41314632664456236,0.4212928910283521,0.8344392176729144
climatology,H1,"[1,3)",574356,734739.7801652082,304357.2882781029,450596.611464262,1149901.3500213623,1454258.6382994652,1.1310353943717752,0.7845249487500122,0.5299105228779761,2.0020707540643126,2.5319812769422887
climatology,H1,"[3,5)",337418,538748.575199679,-13035.272411387414,310720.67652134225,1296102.949142456,1283067.6767310686,1.2635980408229313,0.9208775955086635,-0.03863241561323763,3.841238313138173,3.8026058975249355
climatology,H1,"[5,10)",308622,1359677.1709734534,-226370.7817787528,508027.55008739233,2174594.6464538574,1948223.8646751046,2.0989614496033204,1.6461157988976558,-0.7334888043585772,7.046142680864803,6.312653876506227
climatology,H1,"[10,infinity)",139492,3428565.3258820726,-456197.1747034788,521905.3601835966,1987067.2578811646,1530870.0831776857,4.957715074776677,3.7414716269291186,-3.270418193899857,14.24502665300637,10.974608459106513
hybrid,H2,"[0,1)",513597,319971.23489420407,176245.1488139922,212280.3863852524,213030.592918396,389275.74173238815,0.789303865249486,0.41332092357481137,0.34315844682502467,0.4147816146091118,0.7579400614341364
hybrid,H2,"[1,3)",568960,851652.9611700542,293086.4186278187,471644.92330067453,1146869.1215515137,1439955.5401793325,1.2234619378703853,0.8289597217742452,0.5151265794217849,2.0157289116133184,2.5308554910351035
hybrid,H2,"[3,5)",358612,673788.3219685111,-22559.740981102572,362766.6710931817,1382633.7814331055,1360074.0404520028,1.3707218344877217,1.0115854212719644,-0.0629084943646687,3.8555145433870184,3.7926060490223494
hybrid,H2,"[5,10)",310277,1519750.93724191,-182550.01307362932,541507.4819397738,2183237.488746643,2000687.4756730138,2.2131528951546007,1.7452388734575033,-0.5883452949255965,7.036414200042682,6.448068905117085
hybrid,H2,"[10,infinity)",134018,2737890.213329362,-350524.7142773645,454599.2524631404,1901108.510017395,1550583.7957400305,4.519875251240637,3.3920760827884346,-2.615504740239106,14.185471429340797,11.569966689101692
unet,H2,"[0,1)",513597,302939.667527694,167105.79050740507,215760.16248566285,213030.592918396,380136.38342580106,0.7680099260971752,0.4200962281431995,0.3253636421307077,0.4147816146091118,0.7401452567398195
unet,H2,"[1,3)",568960,873472.9507040259,290552.6693771593,483777.7102464922,1146869.1215515137,1437421.790928673,1.2390358227017402,0.8502842207650664,0.5106732799795405,2.0157289116133184,2.526402191592859
unet,H2,"[3,5)",358612,684369.2578265839,-24264.287741895765,363244.3748371564,1382633.7814331055,1358369.4936912097,1.3814425775823602,1.0129175120664016,-0.06766167262081516,3.8555145433870184,3.787852870766203
unet,H2,"[5,10)",310277,1593319.5955957859,-187694.15697784722,550097.5756027251,2183237.488746643,1995543.3317687958,2.266087404328483,1.7729241149125625,-0.6049244932039668,7.036414200042682,6.431489706838715
unet,H2,"[10,infinity)",134018,2699074.018874181,-321064.35627388954,451414.67141747475,1901108.510017395,1580044.1537435055,4.487720813499131,3.368313744552782,-2.3956808508848777,14.185471429340797,11.78979057845592
climatology,H2,"[0,1)",513597,445188.1130350251,219637.85465125128,245105.23446809434,213030.592918396,432668.4475696473,0.9310232803823142,0.4772326054632218,0.42764629593095616,0.4147816146091118,0.8424279105400679
climatology,H2,"[1,3)",568960,975799.9095683092,320485.18272746727,494356.8666492589,1146869.1215515137,1467354.304278981,1.309602571842321,0.8688780698981631,0.5632824499568815,2.0157289116133184,2.5790113615702
climatology,H2,"[3,5)",358612,773535.602912383,-18131.14335296303,379428.95368573815,1382633.7814331055,1364502.6380801424,1.468681906937048,1.0580486812648158,-0.05055922097688597,3.8555145433870184,3.8049553224101325
climatology,H2,"[5,10)",310277,1735509.7923020949,-229800.60640640557,581544.5797683746,2183237.488746643,1953436.8823402375,2.365041372324606,1.8742755014660273,-0.7406304895509676,7.036414200042682,6.295783710491714
climatology,H2,"[10,infinity)",134018,3503306.575998015,-447179.07378554344,519458.98288702965,1901108.510017395,1453929.4362318516,5.112784711470121,3.8760389118404217,-3.3367090524074636,14.185471429340797,10.848762376933335
hybrid,H3,"[0,1)",506410,320235.2252063128,190655.7454166681,219879.09768820187,216283.62846374512,406939.3738804132,0.7952128958369591,0.434191855785237,0.37648495372656166,0.4270919382787566,0.8035768920053182
hybrid,H3,"[1,3)",583441,796401.0181850195,295624.3572760998,471448.2708705309,1166531.5704345703,1462155.92771067,1.1683351176075092,0.8080478932240465,0.5066910917746607,1.9993993744604344,2.506090466235095
hybrid,H3,"[3,5)",353399,581884.8179806237,-12730.994814702117,335691.5718280757,1361698.0590820312,1348967.0642673292,1.2831748972659636,0.9498939494115028,-0.03602442229520207,3.85314632775427,3.817121905459068
hybrid,H3,"[5,10)",303584,1418120.730365512,-180122.55069710442,519227.88724127534,2135967.240333557,1955844.6896364528,2.161310500208034,1.710326918550633,-0.5933203024438193,7.035836013536804,6.442515711092986
hybrid,H3,"[10,infinity)",138630,2610544.273529844,-335611.43243119004,446408.89229090733,1947619.8234558105,1612008.3910246205,4.339472293989674,3.220146377341898,-2.4209148988760734,14.049050158377051,11.628135259500977
unet,H3,"[0,1)",506410,330545.96074613865,197616.61749731575,229135.97937448986,216283.62846374512,413900.24596106086,0.8079133615770032,0.45247127697812023,0.39023048023798057,0.4270919382787566,0.8173224185167371
unet,H3,"[1,3)",583441,804536.98107999,296440.9269130416,471542.85296986625,1166531.5704345703,1462972.497347612,1.1742877578292872,0.8082100040447384,0.5080906671163693,1.9993993744604344,2.5074900415768036
unet,H3,"[3,5)",353399,588994.5040631772,-14080.719748925418,339961.44018979,1361698.0590820312,1347617.3393331058,1.2909902521411214,0.9619762370289389,-0.03984368871707452,3.85314632775427,3.8133026390371954
unet,H3,"[5,10)",303584,1410913.5777202924,-179075.32036856562,516533.26309565455,2135967.240333557,1956891.9199649915,2.1558114139971694,1.7014508771728898,-0.5898707453902894,7.035836013536804,6.445965268146515
unet,H3,"[10,infinity)",138630,2650233.10856673,-342034.70677913725,447731.07479061186,1947619.8234558105,1605585.1166766733,4.372334965806216,3.2296838692246403,-2.4672488406487574,14.049050158377051,11.581801317728294
climatology,H3,"[0,1)",506410,330229.453131723,197217.3599048101,225107.25985761732,216283.62846374512,413500.9883685552,0.8075264683713859,0.4445158268154604,0.3894420724409275,0.4270919382787566,0.816534010719684
climatology,H3,"[1,3)",583441,840819.1108753855,303416.42224856094,484946.4679878168,1166531.5704345703,1469947.9926831312,1.2004741551304947,0.831183389559213,0.5200464524237428,1.9993993744604344,2.5194458268841773
climatology,H3,"[3,5)",353399,631002.7489836927,-17669.94381597638,345047.1914294064,1361698.0590820312,1344028.1152660549,1.3362353829358682,0.9763671980662266,-0.04999998250129848,3.85314632775427,3.8031463452529715
climatology,H3,"[5,10)",303584,1494456.4828393173,-224639.24118855596,533200.0101619065,2135967.240333557,1911327.9991450012,2.218718462245121,1.7563508292989962,-0.7399574456774928,7.035836013536804,6.295878567859312
climatology,H3,"[10,infinity)",138630,3063518.4605431813,-405593.78683654964,492997.16986458004,1947619.8234558105,1542026.036619261,4.700906781217999,3.55620839547414,-2.9257288237506285,14.049050158377051,11.123321334626421
hybrid,H4,"[0,1)",512522,260969.80967120195,165785.67258821207,196202.05472523317,220463.38176727295,386249.054355485,0.7135737711815527,0.38281684439932956,0.3234703536398673,0.4301539870820627,0.75362434072193
hybrid,H4,"[1,3)",596981,794775.4974224905,297568.1262678611,470991.59551745217,1198213.5791778564,1495781.7054457176,1.1538304081205673,0.7889557549025047,0.4984549362004169,2.0071217998191844,2.5055767360196013
hybrid,H4,"[3,5)",355848,597201.428501393,5226.951741725243,335377.2327330416,1375003.638267517,1380230.5900092423,1.2954723687284297,0.9424732827865875,0.014688720301154546,3.8640195765256995,3.878708296826854
hybrid,H4,"[5,10)",295294,1315841.3419174612,-138408.30196762356,489684.98615620687,2070534.0604782104,1932125.7585105868,2.1109330146089387,1.6582964305275654,-0.46871355993560165,7.011771524237575,6.543057964301973
hybrid,H4,"[10,infinity)",124819,2503585.0652688625,-313035.0675766762,409875.9357917472,1777097.002029419,1464061.9344527428,4.478585056316039,3.283762374251894,-2.507911997185334,14.237391759503112,11.729479762317778
unet,H4,"[0,1)",512522,281491.82913062774,182852.83864989434,212891.2215553678,220463.38176727295,403316.2204171673,0.7410997050825304,0.41537967454151786,0.3567707115985155,0.4301539870820627,0.7869246986805782
unet,H4,"[1,3)",596981,837507.927401212,316879.487367861,480391.3421375826,1198213.5791778564,1515093.0665457174,1.1844431174615278,0.8047012252275744,0.5308033042389305,2.0071217998191844,2.5379251040581146
unet,H4,"[3,5)",355848,636358.1809082639,5042.775017559528,341832.2703000903,1375003.638267517,1380046.4132850766,1.3372683044712155,0.9606131558982777,0.01417114896686093,3.8640195765256995,3.8781907254925603
unet,H4,"[5,10)",295294,1469580.1484056232,-134785.78456544876,515874.18351984024,2070534.0604782104,1935748.2759127617,2.230844643616056,1.7469849828301294,-0.4564460658376017,7.011771524237575,6.555325458399973
unet,H4,"[10,infinity)",124819,2455359.1761886794,-290685.1611094475,408515.93368291855,1777097.002029419,1486411.8409199715,4.435240414590897,3.2728665802715815,-2.328853468698255,14.237391759503112,11.908538290804858
climatology,H4,"[0,1)",512522,284498.3908634272,184808.46040835214,210416.70599969313,220463.38176727295,405271.8421756251,0.7450469669579709,0.4105515587617568,0.3605863951368959,0.4301539870820627,0.7907403822189586
climatology,H4,"[1,3)",596981,841932.0687356662,318045.86438685283,485315.16865700856,1198213.5791778564,1516259.4435647093,1.187567411290488,0.8129491033332863,0.5327570967700025,2.0071217998191844,2.5398788965891868
climatology,H4,"[3,5)",355848,608762.0933400786,12766.173453956842,339570.2612389028,1375003.638267517,1387769.811721474,1.3079511867445743,0.954256483776508,0.03587535535947046,3.8640195765256995,3.8998949318851697
climatology,H4,"[5,10)",295294,1267699.4267859897,-138973.38249981403,481574.0648328066,2070534.0604782104,1931560.6779783964,2.0719574651343966,1.6308291561386503,-0.4706271800301193,7.011771524237575,6.5411443442074555
climatology,H4,"[10,infinity)",124819,2599252.21222721,-330427.0561488867,416181.0450576544,1777097.002029419,1446669.9458805323,4.563350862860203,3.3342763926778325,-2.6472496667084875,14.237391759503112,11.590142092794625
hybrid,A,"[0,1)",534890,356440.5971865025,191876.9350568866,222576.54888097988,229505.521774292,421382.45683117857,0.8163217011884376,0.41611648914913324,0.3587222327149257,0.4290705037938492,0.7877927365087748
hybrid,A,"[1,3)",591228,894626.1813505855,318082.69583849167,494224.2400151455,1169232.660293579,1487315.3561320708,1.2301081758617392,0.8359283390082092,0.5380034366411801,1.977634111194969,2.5156375478361492
hybrid,A,"[3,5)",345475,652028.0092302647,2641.694986588113,351153.1606180073,1336077.3458480835,1338719.0408346716,1.3738041163651666,1.0164358075635207,0.0076465590464957316,3.8673633283105393,3.875009887357035
hybrid,A,"[5,10)",295922,1366481.9660320363,-175417.56597103347,498862.7288046085,2063465.6143188477,1888048.0483478142,2.148885747884677,1.6857912855570336,-0.5927831184265904,6.973005097014915,6.380221978588325
hybrid,A,"[10,infinity)",117949,2448846.7811817206,-313976.4487499403,409610.98420062225,1635610.5089187622,1321634.0601688218,4.556524134952301,3.472780474617184,-2.6619678738263173,13.86709941516047,11.205131541334152
unet,A,"[0,1)",534890,375149.78009649087,207702.4983544054,238837.497701884,229505.521774292,437208.0201286974,0.8374716394234406,0.44651703659048403,0.38830880808092394,0.4290705037938492,0.8173793118747731
unet,A,"[1,3)",591228,929064.4871051856,337268.03233923484,509275.80221448373,1169232.660293579,1506500.692632814,1.2535608870914703,0.8613864739398062,0.5704534161765593,1.977634111194969,2.5480875273715284
unet,A,"[3,5)",345475,672111.0232921477,12380.446317097172,352960.51219520904,1336077.3458480835,1348457.7921651807,1.3948008276613448,1.0216673050009668,0.03583601220666379,3.8673633283105393,3.9031993405172027
unet,A,"[5,10)",295922,1405568.139372923,-160272.10143446922,506206.55856108665,2063465.6143188477,1903193.5128843784,2.179401900968154,1.7106080607764433,-0.5416025217269052,6.973005097014915,6.4314025752880095
unet,A,"[10,infinity)",117949,2457337.968125848,-311256.99034401774,406267.71636864543,1635610.5089187622,1324353.5185747445,4.5644169965348915,3.44443544556245,-2.6389116511714192,13.86709941516047,11.22818776398905
climatology,A,"[0,1)",534890,444927.0375872119,232294.9745003949,255440.86188621173,229505.521774292,461800.4962746869,0.9120363748337128,0.47755774437026627,0.4342855063665331,0.4290705037938492,0.8633560101603823
climatology,A,"[1,3)",591228,1149053.509936406,386297.735436504,547779.1347219299,1169232.660293579,1555530.395730083,1.3940958360211508,0.9265108126170105,0.6533820039587165,1.977634111194969,2.6310161151536855
climatology,A,"[3,5)",345475,829294.2772292717,38085.91200119257,375900.6251515746,1336077.3458480835,1374163.257849276,1.549337460186802,1.088068963460669,0.11024216513841109,3.8673633283105393,3.97760549344895
climatology,A,"[5,10)",295922,1640453.7516847316,-121863.59484689683,547625.07409399,2063465.6143188477,1941602.0194719508,2.354471125670736,1.8505723606017466,-0.4118098514030617,6.973005097014915,6.561195245611853
climatology,A,"[10,infinity)",117949,2420064.4559532264,-286875.43462044,395509.9621053338,1635610.5089187622,1348735.0742983222,4.529667616306674,3.3532286166507035,-2.4321989556540538,13.86709941516047,11.434900459506416
hybrid,B,"[0,1)",508281,274855.153710474,170124.05910798957,202501.36481392774,217050.5952835083,387174.65439149784,0.735360003086202,0.3984043566726432,0.3347047383395987,0.4270287405657664,0.761733478905365
hybrid,B,"[1,3)",573083,730151.5265922421,262344.66745834687,449943.04748790665,1150573.031425476,1412917.698883823,1.1287499288301257,0.7851271935965761,0.4577777869145427,2.0076900404051004,2.465467827319643
hybrid,B,"[3,5)",365473,630873.9495602577,-28070.54458528682,354600.7909384296,1411933.5565567017,1383863.0119714148,1.3138435345368187,0.9702516764259729,-0.07680606935474528,3.863304694345962,3.7864986249912165
hybrid,B,"[5,10)",304211,1548657.8639360368,-164761.62721011468,540524.1912076011,2130294.8446273804,1965533.2174172658,2.2562659232982556,1.7768068584226115,-0.5416031215508798,7.002688412409086,6.461085290858207
hybrid,B,"[10,infinity)",134416,2940133.4612678476,-329477.09009464504,461732.31782735034,1901744.7843551636,1572267.6942605185,4.676899511481939,3.4350993767657894,-2.4511746376521026,14.148202478537998,11.697027840885896
unet,B,"[0,1)",508281,285091.65981912555,172484.32870402373,210896.85039843572,217050.5952835083,389534.92398753203,0.7489284322145239,0.4149217665000968,0.3393483697089282,0.4270287405657664,0.7663771102746946
unet,B,"[1,3)",573083,766986.7695517201,265257.0519563481,458431.7206328586,1150573.031425476,1415830.0833818242,1.156871636412759,0.7999394863097642,0.4628597462432983,2.0076900404051004,2.4705497866483985
unet,B,"[3,5)",365473,689943.9224901351,-16125.075464308262,369789.28911310434,1411933.5565567017,1395808.4810923934,1.3739763192334555,1.011810144971323,-0.04412111281629084,3.863304694345962,3.819183581529671
unet,B,"[5,10)",304211,1647300.1646224952,-123955.88145390153,555538.9396595061,2130294.8446273804,2006338.9631734788,2.3270135602307946,1.8261632211179284,-0.4074667959209283,7.002688412409086,6.595221616488157
unet,B,"[10,infinity)",134416,2775799.283881379,-287717.9509627819,444582.49816966057,1901744.7843551636,1614026.8333923817,4.544316235859057,3.3075117409360537,-2.1405037418371466,14.148202478537998,12.007698736700851
climatology,B,"[0,1)",508281,321411.6352369823,187057.47882014862,217834.56298135297,217050.5952835083,404108.0741036569,0.7952045554779715,0.4285711308928584,0.36801981348928764,0.4270287405657664,0.795048554055054
climatology,B,"[1,3)",573083,776506.4862993575,268232.0696364604,461275.107948903,1150573.031425476,1418805.1010619365,1.1640289486346724,0.8049010491480344,0.4680509972141215,2.0076900404051004,2.4757410376192217
climatology,B,"[3,5)",365473,639425.8414728647,-36277.258895576,362063.2579881549,1411933.5565567017,1375656.2976611257,1.3227185456060255,0.9906703312916546,-0.09926111886671793,3.863304694345962,3.764043575479244
climatology,B,"[5,10)",304211,1513429.3433929407,-192517.37644943595,539327.8869722784,2130294.8446273804,1937777.4681779444,2.230455783408857,1.7728743765750692,-0.6328416015510154,7.002688412409086,6.36984681085807
climatology,B,"[10,infinity)",134416,3234870.450666295,-376615.66455602646,489299.6691584587,1901744.7843551636,1525129.119799137,4.905722327463846,3.6401891825263264,-2.801866329574057,14.148202478537998,11.34633614896394
hybrid,C,"[0,1)",551279,296936.3030731679,190153.12418899342,217968.11548572298,226930.41324615479,417083.5374351482,0.7339152703461711,0.39538621185592593,0.34493083209952385,0.41164349312445203,0.7565743252239759
hybrid,C,"[1,3)",594235,898939.855380294,362566.2488244352,499280.4516473628,1187268.663406372,1549834.9122308074,1.2299464517345726,0.8402070757315924,0.6101395051190779,1.9979783476341382,2.608117852753216
hybrid,C,"[3,5)",340514,668707.5209358768,59584.45365867843,333519.1157933479,1307841.007232666,1367425.4608913444,1.401362906440564,0.9794578660300248,0.1749838586920903,3.840784834787016,4.015768693479107
hybrid,C,"[5,10)",276432,1474842.6844100906,-48765.39799645339,497447.0131974472,1951806.7026138306,1903041.3046173772,2.309822945226638,1.7995275988215806,-0.17641010446132643,7.060711866259444,6.884301761798118
hybrid,C,"[10,infinity)",123004,2374265.1365758246,-257431.76106142963,395205.8238008233,1742972.3443984985,1485540.583337069,4.393442940524553,3.212950991844357,-2.0928730859275277,14.170046050522735,12.077172964595208
unet,C,"[0,1)",551279,281200.87168189546,157511.69828280772,213292.93528061092,226930.41324615479,384442.1115289625,0.7142045403097834,0.38690560547492453,0.285720475989123,0.41164349312445203,0.697363969113575
unet,C,"[1,3)",594235,914288.46248754,354258.78558538854,504125.5884940773,1187268.663406372,1541527.4489917606,1.2404021369785905,0.8483606460307409,0.5961594076171692,1.9979783476341382,2.594137755251307
unet,C,"[3,5)",340514,709168.218230737,70061.8250990808,345017.6189416945,1307841.007232666,1377902.8323317468,1.4431356190167903,1.0132259435491477,0.20575314113099843,3.840784834787016,4.046537975918015
unet,C,"[5,10)",276432,1563216.6335447282,-9333.036373496056,508758.3113502264,1951806.7026138306,1942473.6662403345,2.37801957811166,1.840446516142221,-0.033762503521647474,7.060711866259444,7.026949362737796
unet,C,"[10,infinity)",123004,2279719.693064802,-220505.94348812103,387105.7660303116,1742972.3443984985,1522466.4009103775,4.305078829198013,3.147099005156837,-1.7926729495635998,14.170046050522735,12.377373100959135
climatology,C,"[0,1)",551279,383424.4638813104,237593.0337477122,258023.3322284196,226930.41324615479,464523.446993867,0.8339772139548669,0.4680449141513092,0.4309850978319729,0.41164349312445203,0.842628590956425
climatology,C,"[1,3)",594235,1040450.7431930276,394344.75176869705,528664.9750088565,1187268.663406372,1581613.4151750691,1.3232187568656855,0.8896564069919417,0.6636175112012874,1.9979783476341382,2.6615958588354256
climatology,C,"[3,5)",340514,715245.8023102051,55219.36008453369,342363.2694206238,1307841.007232666,1363060.3673171997,1.4493062753574784,1.0054308175893614,0.16216472768970935,3.840784834787016,4.002949562476726
climatology,C,"[5,10)",276432,1512010.364612366,-103054.7451942265,504347.9053952992,1951806.7026138306,1848751.957419604,2.3387469069742886,1.824491757087816,-0.3728032398355708,7.060711866259444,6.687908626423873
climatology,C,"[10,infinity)",123004,2784953.757539596,-321466.9442794323,434991.92210268974,1742972.3443984985,1421505.4001190662,4.758273234039825,3.5364046868613195,-2.6134674017058983,14.170046050522735,11.556578648816837
