calendar_month,n,hybrid_rmse,hybrid_mae,hybrid_bias,unet_rmse,delta_rmse,unet_mae,delta_mae,unet_bias,delta_bias,delta_sse,contribution_to_global_delta_mse
1,1099854,1.9160821111336548,1.1621388908353487,0.05897912311334353,1.9251825360276258,0.009100424893971004,1.1766355527817585,0.01449666194640975,0.10699730755838928,0.04801818444504575,38447.75071879197,0.0029130950349464542
2,1099854,1.9032552366747357,1.1647431895020157,-0.08672410337505097,1.9186905509255234,0.015435314250787702,1.1798368107575568,0.015093621255541034,-0.07701273879863264,0.00971136457641833,64883.614740788005,0.004916077856757049
3,1099854,1.8009412512569252,1.1056151237765421,0.0012984330450198547,1.8221619910106022,0.021220739753676998,1.1233665430840776,0.017751419307535432,0.032858058992458396,0.03155962594743854,84562.19890542189,0.00640707758373853
4,1099854,1.7817724438668174,1.1041230810521816,-0.02187178298030771,1.7848620619652795,0.003089618098462088,1.1159782202896917,0.011855139237510137,0.028166334650842333,0.05003811763115004,12119.883519176394,0.0009182948766515369
5,1099854,1.9491002011707992,1.1391244010479027,-0.032950388153481336,1.932913668871493,-0.016186532299306222,1.1416355333299066,0.0025111322820039472,-0.02620260471864289,0.006747783434838447,-69110.80307711102,-0.005236361907816176
6,1099854,1.644752837323421,0.9587261469600155,0.009392464737342638,1.6668589386485637,0.02210610132514268,0.9716277124167854,0.012901565456769903,0.012791858597911012,0.003399393860568374,80516.81981957098,0.006100568789097688
7,1099854,1.5916383747761462,0.9236754110332803,-0.025282287459641624,1.6294088550082182,0.03777048023207197,0.950230694223529,0.02655528319024869,-0.0255983608505807,-0.0003160733909390763,133808.78835794982,0.010138375059928395
8,1099854,1.5369568168311691,0.8887259172538119,-0.029013777496754774,1.5302379196057727,-0.006718897225396425,0.8939660936091016,0.005240176355289727,-0.017245098561580078,0.011768678935174696,-22665.974032571074,-0.0017173471836997663
9,1099854,1.455977440501064,0.8983920152930989,0.15120976283235732,1.4681058644072074,0.012128423906143437,0.9140845125059917,0.015692497212892786,0.16257426311509782,0.011364500282740497,39005.79622449353,0.0029553768215670392
10,1099854,1.6097684749240806,0.9731978850340665,0.026999238213190523,1.634980346918476,0.02521187199439545,0.995649789129301,0.022451904095234565,0.04798204735509195,0.020982809141901426,89974.86744126119,0.006817182662521661
11,1099854,1.8746647872290483,1.1011154176737963,-0.05849388957619179,1.879011731112049,0.004346943883000831,1.1095002003287264,0.008384782654930145,-0.03192389879267942,0.026569990783512368,17946.341013090685,0.0013597517650138628
12,1099854,1.8856526141597851,1.1469755685876573,0.0654520683510396,1.8992154082107051,0.01356279405091998,1.1512446969210801,0.004269128333422856,0.0412237769710767,-0.0242282913799629,56459.22937277332,0.004277782124776964
