model,calendar_month,n,sse,error_sum,absolute_error_sum,observed_sum,predicted_sum,rmse,mae,bias,observed_mean,predicted_mean
hybrid,1,1099854,4037971.702151179,64868.42447270334,1278183.1076408217,3995953.4130096436,4060821.837482347,1.9160821111336548,1.1621388908353487,0.05897912311334353,3.6331671412838826,3.6921462643972265
unet,1,1099854,4076419.452869971,117681.41670732468,1294127.3192692283,3995953.4130096436,4113634.8297169684,1.9251825360276258,1.1766355527817585,0.10699730755838928,3.6331671412838826,3.7401644488422723
climatology,1,1099854,4203581.56792057,63644.17076813034,1311945.248875578,3995953.4130096436,4059597.583777774,1.9549795562521208,1.1928358208231074,0.05786601746061781,3.6331671412838826,3.6910331587445007
hybrid,2,1099854,3984089.6779703787,-95383.85199346331,1281047.45594655,4223475.407600403,4128091.5556069394,1.9032552366747357,1.1647431895020157,-0.08672410337505097,3.8400327748959433,3.7533086715208923
unet,2,1099854,4048973.2927111667,-84702.7688186313,1297648.2356589418,4223475.407600403,4138772.6387817715,1.9186905509255234,1.1798368107575568,-0.07701273879863264,3.8400327748959433,3.7630200360973105
climatology,2,1099854,4312398.341874877,-115287.89881787554,1333850.3371833935,4223475.407600403,4108187.5087825274,1.9801218490342922,1.2127521809107331,-0.10482109336136937,3.8400327748959433,3.735211681534574
hybrid,3,1099854,3567254.7946757353,1428.0867782972673,1216015.216346125,4202913.677215576,4204341.763993873,1.8009412512569252,1.1056151237765421,0.0012984330450198547,3.8213378113964,3.8226362444414197
unet,3,1099854,3651816.993581157,36139.067615091335,1235539.185877195,4202913.677215576,4239052.744830668,1.8221619910106022,1.1233665430840776,0.032858058992458396,3.8213378113964,3.854195870388859
climatology,3,1099854,4032731.1581088495,-1449.7099101892672,1282717.568010997,4202913.677215576,4201463.967305386,1.914838346504682,1.166261674741372,-0.0013180930470673992,3.8213378113964,3.8200197183493323
hybrid,4,1099854,3491720.8377913525,-24055.767998023355,1214374.1871875662,4260086.64226532,4236030.874267297,1.7817724438668174,1.1041230810521816,-0.02187178298030771,3.873320133640756,3.8514483506604487
unet,4,1099854,3503840.721310529,30978.855831067543,1227413.1094984985,4260086.64226532,4291065.498096388,1.7848620619652795,1.1159782202896917,0.028166334650842333,3.873320133640756,3.9014864682915986
climatology,4,1099854,4177317.79952851,-5327.539813667536,1311265.8153959159,4260086.64226532,4254759.102451652,1.9488626793190678,1.1922180720313023,-0.004843860924875061,3.873320133640756,3.868476272715881
hybrid,5,1099854,4178336.100851701,-36240.61621215906,1252870.52899014,4220301.094055176,4184060.4778430164,1.9491002011707992,1.1391244010479027,-0.032950388153481336,3.837146652242185,3.804196264088703
unet,5,1099854,4109225.29777459,-28819.039610218257,1255632.4078750312,4220301.094055176,4191482.0544449575,1.932913668871493,1.1416355333299066,-0.02620260471864289,3.837146652242185,3.8109440475235417
climatology,5,1099854,4902439.786007871,-52804.30250533251,1340521.3935935218,4220301.094055176,4167496.7915498433,2.111244906306534,1.2188175826914498,-0.04801028364249483,3.837146652242185,3.78913636859969
hybrid,6,1099854,2975338.1245349892,10330.33991122525,1054458.7876385609,3884919.6491241455,3895249.9890353708,1.644752837323421,0.9587261469600155,0.009392464737342638,3.532213956692566,3.5416064214299086
unet,6,1099854,3055854.94435456,14069.176846346818,1068648.626012451,3884919.6491241455,3898988.8259704923,1.6668589386485637,0.9716277124167854,0.012791858597911012,3.532213956692566,3.545005815290477
climatology,6,1099854,3426735.277555565,1903.7724466645159,1120984.8137402236,3884919.6491241455,3886823.42157081,1.765113995586921,1.0192123806798208,0.0017309319661196086,3.532213956692566,3.5339448886586857
hybrid,7,1099854,2786274.1240095124,-27806.82499163668,1015908.0955265975,3558562.7212524414,3530755.8962608045,1.5916383747761462,0.9236754110332803,-0.025282287459641624,3.235486456613734,3.2102041691540917
unet,7,1099854,2920082.912367462,-28154.459574954584,1045115.0299645253,3558562.7212524414,3530408.261677487,1.6294088550082182,0.950230694223529,-0.0255983608505807,3.235486456613734,3.209888095763153
climatology,7,1099854,2998447.2761063557,-31296.48783728294,1054340.3550906181,3558562.7212524414,3527266.2334151585,1.651127797670697,0.9586184667152351,-0.028455129351061995,3.235486456613734,3.207031327262672
hybrid,8,1099854,2598114.995990687,-31910.919234915724,977468.754995274,3312042.3679351807,3280131.448700265,1.5369568168311691,0.8887259172538119,-0.029013777496754774,3.0113472951275173,2.982333517630763
unet,8,1099854,2575449.021958116,-18967.090633348096,983232.1839203448,3312042.3679351807,3293075.2773018326,1.5302379196057727,0.8939660936091016,-0.017245098561580078,3.0113472951275173,2.9941021965659376
climatology,8,1099854,2756401.4917507097,-34957.45716021955,1010982.7909031129,3312042.3679351807,3277084.910774961,1.5830831224853963,0.9191972670037231,-0.03178372507643701,3.0113472951275173,2.9795635700510803
hybrid,9,1099854,2331547.8369079735,166308.66249021952,988100.0515881759,3192245.059967041,3358553.7224572604,1.455977440501064,0.8983920152930989,0.15120976283235732,2.9024261947195185,3.0536359575518754
unet,9,1099854,2370553.633132467,178807.9535841928,1005359.507417765,3192245.059967041,3371053.013551234,1.4681058644072074,0.9140845125059917,0.16257426311509782,2.9024261947195185,3.065000457834616
climatology,9,1099854,2522550.6204836196,177871.3440471175,1029423.3092215611,3192245.059967041,3370116.4040141585,1.5144412339486433,0.9359635999155898,0.16172268687218258,2.9024261947195185,3.064148881591701
hybrid,10,1099854,2850111.6593820825,29695.22014573045,1070375.5866462581,3741371.7641830444,3771066.9843287747,1.6097684749240806,0.9731978850340665,0.026999238213190523,3.4016985565202695,3.42869779473346
unet,10,1099854,2940086.5268233437,52773.2467116873,1095069.4031730182,3741371.7641830444,3794145.0108947316,1.634980346918476,0.995649789129301,0.04798204735509195,3.4016985565202695,3.449680603875361
climatology,10,1099854,3058073.9815964573,20732.801950569963,1111391.974883819,3741371.7641830444,3762104.5661336146,1.6674640313132103,1.0104904604464038,0.018850503749197587,3.4016985565202695,3.420549060269467
hybrid,11,1099854,3865291.773186773,-64334.73842593285,1211066.1965901956,4165708.0488204956,4101373.310394563,1.8746647872290483,1.1011154176737963,-0.05849388957619179,3.7875100229853196,3.729016133409128
unet,11,1099854,3883238.1141998637,-35111.62778272363,1220288.233332351,4165708.0488204956,4130596.4210377717,1.879011731112049,1.1095002003287264,-0.03192389879267942,3.7875100229853196,3.75558612419264
climatology,11,1099854,4320664.482485542,-89976.37296249118,1276931.6316926572,4165708.0488204956,4075731.6758580045,1.9820187203555613,1.1610010344033457,-0.08180756078760561,3.7875100229853196,3.705702462197714
hybrid,12,1099854,3910735.229292327,71987.7191841643,1261505.667013409,4030106.8630218506,4102094.582206015,1.8856526141597851,1.1469755685876573,0.0654520683510396,3.664219853745907,3.7296719220969465
unet,12,1099854,3967194.4586651004,45340.1359967466,1266201.0848874378,4030106.8630218506,4075446.9990185974,1.8992154082107051,1.1512446969210801,0.0412237769710767,3.664219853745907,3.705443630716984
climatology,12,1099854,4491182.362223729,-2741.0861482314067,1340796.3505002542,4030106.8630218506,4027365.7768736193,2.020751107821845,1.2190675766967745,-0.002492227284922732,3.664219853745907,3.6617276264609844
