model,intensity,n,sse,error_sum,absolute_error_sum,observed_sum,predicted_sum,rmse,mae,bias,observed_mean,predicted_mean
hybrid,"[0,1)",3652555,2132457.262232237,1280279.06703599,1494994.9075302863,1544685.5659484863,2824964.6329844766,0.7640851968421931,0.4093011351041357,0.3505160270101313,0.42290549107364195,0.7734215180837734
hybrid,"[1,3)",4082284,5677123.187815828,2122576.42479973,3303557.0424726685,8168589.97631073,10291166.40111046,1.1792681024162681,0.8092423365137429,0.5199482507340817,2.0009852269736084,2.5209334777076897
hybrid,"[3,5)",2456739,4361748.79535228,-5167.767432008735,2389267.3396498044,9471290.337562561,9466122.570130553,1.3324496736828082,0.9725360893647247,-0.00210350689756166,3.8552285519799057,3.853125045082344
hybrid,"[5,10)",2094342,9972791.415643679,-1066406.081502491,3591149.3301152033,14709900.597572327,13643494.516069835,2.182149830623279,1.7146909769823664,-0.5091843077694526,7.023638258494709,6.514453950725256
hybrid,"[10,infinity)",912328,18432666.195700668,-2266395.9087750115,3042405.0163417114,12893220.231056213,10626824.322281202,4.494884920227691,3.3347710651670357,-2.4841897966246913,14.132220244315874,11.648030447691184
unet,"[0,1)",3652555,2150180.4510207395,1245947.7023943136,1540295.7943242593,1544685.5659484863,2790633.2683428,0.7672538430040653,0.42170365520143005,0.34111675317532897,0.42290549107364195,0.7640222442489709
unet,"[1,3)",4082284,5830462.145063593,2114380.913200618,3347073.2433199873,8168589.97631073,10282970.889511347,1.1950879916349966,0.8199021046355391,0.5179406707619112,2.0009852269736084,2.518925897735519
unet,"[3,5)",2456739,4572588.0589637095,13864.873820321634,2441683.5036892723,9471290.337562561,9485155.211382883,1.3642737685275377,0.9938717558883025,0.0056436087921108566,3.8552285519799057,3.8608721607720162
unet,"[5,10)",2094342,10440444.532171564,-957323.3496590331,3659870.5375567153,14709900.597572327,13752577.247913294,2.2327273591361387,1.7475037685137935,-0.4570998192554192,7.023638258494709,6.56653843923929
unet,"[10,infinity)",912328,18109060.182528723,-2136835.2728836387,3005351.247996554,12893220.231056213,10756384.958172575,4.455253849123531,3.2941565401879083,-2.342178770007759,14.132220244315874,11.790041474308115
climatology,"[0,1)",3652555,2549440.024020631,1475748.9558052118,1651131.8385464828,1544685.5659484863,3020434.521753698,0.8354568374372834,0.45204845335566,0.4040319600403585,0.42290549107364195,0.8269374511140005
climatology,"[1,3)",4082284,6359301.60877336,2295179.314482645,3452934.332438036,8168589.97631073,10463769.290793376,1.248110693636037,0.8458339332682479,0.5622292115106752,2.0009852269736084,2.563214438484284
climatology,"[3,5)",2456739,4736014.941448174,20957.827063780278,2455094.235435743,9471290.337562561,9492248.164626341,1.3884396960633552,0.9993305090348397,0.008530750341725466,3.8552285519799057,3.863759302321631
climatology,"[5,10)",2094342,10523236.332590893,-1237219.7283640876,3695647.0713120475,14709900.597572327,13472680.869208239,2.241562543267943,1.7645862382132658,-0.5907438844105154,7.023638258494709,6.432894374084194
climatology,"[10,infinity)",912328,21034531.238809597,-2624355.1349303573,3270344.111359343,12893220.231056213,10268865.096125856,4.801654606529082,3.5846144274420415,-2.87654783688581,14.132220244315874,11.255672407430065
