model,region,calendar_month,n,sse,error_sum,absolute_error_sum,observed_sum,predicted_sum,rmse,mae,bias,observed_mean,predicted_mean
hybrid,full_domain,1,1099854,4037971.702151179,64868.42447270334,1278183.1076408217,3995953.4130096436,4060821.837482347,1.9160821111336548,1.1621388908353487,0.05897912311334353,3.6331671412838826,3.6921462643972265
hybrid,south_of_35S,1,365400,368714.5910184411,-21966.04620910336,244994.923861872,945921.0233688354,923954.977159732,1.0045253258722089,0.6704841922875534,-0.06011506899043065,2.588727485957404,2.5286124169669733
hybrid,35S_to_15S,1,292320,1388018.5603278882,59471.07668961031,399224.1161072481,964655.9839248657,1024127.060614476,2.179055901237194,1.3657092094528192,0.20344511730162257,3.299999945008435,3.5034450623100573
hybrid,north_of_15S,1,442134,2281238.5508048497,27363.393992196383,633964.0676717015,2085376.4057159424,2112739.7997081387,2.2714772652446653,1.4338731417889181,0.0618893683638815,4.716616242396971,4.778505610760853
unet,full_domain,1,1099854,4076419.452869971,117681.41670732468,1294127.3192692283,3995953.4130096436,4113634.8297169684,1.9251825360276258,1.1766355527817585,0.10699730755838928,3.6331671412838826,3.7401644488422723
unet,south_of_35S,1,365400,370469.64552401163,-13656.100730996579,248206.66560725495,945921.0233688354,932264.9226378389,1.0069132212611729,0.6792738522366036,-0.037373017873553856,2.588727485957404,2.5513544680838502
unet,35S_to_15S,1,292320,1411990.7939375269,71045.12699203461,407229.2712738508,964655.9839248657,1035701.1109169003,2.197792401632371,1.3930941135531294,0.24303888544073143,3.299999945008435,3.5430388304491665
unet,north_of_15S,1,442134,2293959.013408432,60292.39044628665,638691.3823881224,2085376.4057159424,2145668.796162229,2.277801477603073,1.4445651824743684,0.1363667812162979,4.716616242396971,4.852983023613269
climatology,full_domain,1,1099854,4203581.56792057,63644.17076813034,1311945.248875578,3995953.4130096436,4059597.583777774,1.9549795562521208,1.1928358208231074,0.05786601746061781,3.6331671412838826,3.6910331587445007
climatology,south_of_35S,1,365400,379919.11452934664,-16572.576116770506,247495.2928031683,945921.0233688354,929348.447252065,1.0196738944038428,0.6773270191657589,-0.04535461444107965,2.588727485957404,2.5433728715163246
climatology,35S_to_15S,1,292320,1300697.1915186064,62304.591345764464,390801.40777910955,964655.9839248657,1026960.5752706302,2.10939948795298,1.3368958941540419,0.21313831193816524,3.299999945008435,3.5131382569466
climatology,north_of_15S,1,442134,2522965.261872617,17912.15553913638,673648.5482933,2085376.4057159424,2103288.5612550788,2.388793885645043,1.523629823296331,0.04051295656777443,4.716616242396971,4.757129198964745
hybrid,full_domain,2,1099854,3984089.6779703787,-95383.85199346331,1281047.45594655,4223475.407600403,4128091.5556069394,1.9032552366747357,1.1647431895020157,-0.08672410337505097,3.8400327748959433,3.7533086715208923
hybrid,south_of_35S,2,365400,469624.3510239317,-44216.93230261593,288450.6787934878,1019270.9655761719,975054.0332735559,1.1336814289918369,0.7894107246674542,-0.12100966694749844,2.789466244050826,2.6684565771033277
hybrid,35S_to_15S,2,292320,970774.5263359833,7971.393875180983,339738.3865270162,943301.1798858643,951272.5737610452,1.8223421521002126,1.162213965951752,0.02726940980836406,3.226947112362699,3.2542165221710633
hybrid,north_of_15S,2,442134,2543690.8006104636,-59138.31356602836,652858.390626046,2260903.2621383667,2201764.9485723386,2.3985854948093284,1.47660752311753,-0.13375653889098862,5.113615469831243,4.979858930940255
unet,full_domain,2,1099854,4048973.2927111667,-84702.7688186313,1297648.2356589418,4223475.407600403,4138772.6387817715,1.9186905509255234,1.1798368107575568,-0.07701273879863264,3.8400327748959433,3.7630200360973105
unet,south_of_35S,2,365400,467731.4944512986,-40876.526693187654,288892.740619041,1019270.9655761719,978394.4388829842,1.1313944276815118,0.7906205271457062,-0.11186788914391804,2.789466244050826,2.677598354906908
unet,35S_to_15S,2,292320,989657.6016790582,18740.183625612874,347073.1412898246,943301.1798858643,962041.3635114771,1.8399804874048837,1.1873054915497558,0.06410845520529855,3.226947112362699,3.291055567567998
unet,north_of_15S,2,442134,2591584.19658081,-62566.42575105652,661682.3537500761,2260903.2621383667,2198336.83638731,2.42106084915414,1.4965651900782933,-0.14151009818529342,5.113615469831243,4.97210537164595
climatology,full_domain,2,1099854,4312398.341874877,-115287.89881787554,1333850.3371833935,4223475.407600403,4108187.5087825274,1.9801218490342922,1.2127521809107331,-0.10482109336136937,3.8400327748959433,3.735211681534574
climatology,south_of_35S,2,365400,465122.1080284415,-40703.329532176256,288074.0851483941,1019270.9655761719,978567.6360439956,1.1282340949638843,0.788380090718101,-0.1113938958187637,2.789466244050826,2.6780723482320625
climatology,35S_to_15S,2,292320,964709.3037800221,11644.262121624197,340806.5633849426,943301.1798858643,954945.4420074885,1.8166404012239556,1.1658681013442207,0.03983395635476258,3.226947112362699,3.266781068717462
climatology,north_of_15S,2,442134,2882566.9300664137,-86228.83140732348,704969.6886500567,2260903.2621383667,2174674.430731043,2.5533640725914397,1.594470655163495,-0.19502872750641995,5.113615469831243,4.918586742324822
hybrid,full_domain,3,1099854,3567254.7946757353,1428.0867782972673,1216015.216346125,4202913.677215576,4204341.763993873,1.8009412512569252,1.1056151237765421,0.0012984330450198547,3.8213378113964,3.8226362444414197
hybrid,south_of_35S,3,365400,425273.0366297047,3809.578241696142,278439.11854536366,1053440.1426315308,1057249.7208732269,1.0788216481012467,0.7620118186791561,0.010425775155161856,2.882977949183171,2.893403724338333
hybrid,35S_to_15S,3,292320,897481.1318154093,37406.80067826111,327569.1543852023,872915.0428771973,910321.8435554584,1.7521988803135433,1.120584135143686,0.1279652458889611,2.9861625714189834,3.1141278173079447
hybrid,north_of_15S,3,442134,2244500.6262306212,-39788.29214165997,610006.943415559,2276558.491706848,2236770.199565188,2.253112664955971,1.3796879303911462,-0.08999147801720739,5.149023806599013,5.0590323285818055
unet,full_domain,3,1099854,3651816.993581157,36139.067615091335,1235539.185877195,4202913.677215576,4239052.744830668,1.8221619910106022,1.1233665430840776,0.032858058992458396,3.8213378113964,3.854195870388859
unet,south_of_35S,3,365400,426564.6312996809,12645.57107359171,279242.53231561184,1053440.1426315308,1066085.7137051225,1.080458648101064,0.7642105427356646,0.034607474202495096,2.882977949183171,2.9175854233856664
unet,35S_to_15S,3,292320,898384.1908607818,43372.03491971502,329400.4293332393,872915.0428771973,916287.0777969123,1.7530802031340802,1.126848759350162,0.14837176696673174,2.9861625714189834,3.1345343383857154
unet,north_of_15S,3,442134,2326868.171420695,-19878.538378215395,626896.2242283439,2276558.491706848,2256679.9533286327,2.294081976406609,1.4178873921217185,-0.044960438188909685,5.149023806599013,5.104063368410103
climatology,full_domain,3,1099854,4032731.1581088495,-1449.7099101892672,1282717.568010997,4202913.677215576,4201463.967305386,1.914838346504682,1.166261674741372,-0.0013180930470673992,3.8213378113964,3.8200197183493323
climatology,south_of_35S,3,365400,426317.8232668398,16928.50081771612,280028.7834352851,1053440.1426315308,1070368.6434492469,1.0801460290534892,0.7663622973051043,0.046328683135512104,2.882977949183171,2.929306632318683
climatology,35S_to_15S,3,292320,959292.7417739044,34156.80410685064,339787.392595198,872915.0428771973,907071.8469840479,1.8115332687660313,1.1623816112315202,0.11684730468955475,2.9861625714189834,3.1030098761085383
climatology,north_of_15S,3,442134,2647120.593068105,-52535.01483475603,662901.3919805139,2276558.491706848,2224023.476872092,2.446864424184293,1.499322359240669,-0.11882147682547832,5.149023806599013,5.030202329773535
hybrid,full_domain,4,1099854,3491720.8377913525,-24055.767998023355,1214374.1871875662,4260086.64226532,4236030.874267297,1.7817724438668174,1.1041230810521816,-0.02187178298030771,3.873320133640756,3.8514483506604487
hybrid,south_of_35S,4,365400,435032.03902500396,-14631.57802331623,289404.52935662365,1149119.2922592163,1134487.7142359,1.0911296314081826,0.7920211531379958,-0.04004263279506357,3.1448256493136735,3.1047830165186094
hybrid,35S_to_15S,4,292320,660845.204180219,35731.58779709402,286818.93613529205,686822.3085403442,722553.8963374383,1.5035594560362415,0.9811813633528054,0.12223449574813225,2.349556337371183,2.4717908331193152
hybrid,north_of_15S,4,442134,2395843.5945861298,-45155.77777180115,638150.7216956506,2424145.0414657593,2378989.263693958,2.3278354349514476,1.4433423389643198,-0.1021314302265855,5.482828828965335,5.380697398738749
unet,full_domain,4,1099854,3503840.721310529,30978.855831067543,1227413.1094984985,4260086.64226532,4291065.498096388,1.7848620619652795,1.1159782202896917,0.028166334650842333,3.873320133640756,3.9014864682915986
unet,south_of_35S,4,365400,459681.3037161168,-5636.579279243946,298219.3876142502,1149119.2922592163,1143482.7129799724,1.1216158779447094,0.8161450126279425,-0.015425777994646814,3.1448256493136735,3.1293998713190265
unet,35S_to_15S,4,292320,682868.7047863408,35326.08991654636,291600.1207844396,686822.3085403442,722148.3984568906,1.5284081327690326,0.9975373590053352,0.12084732456399276,2.349556337371183,2.4704036619351757
unet,north_of_15S,4,442134,2361290.712808071,1289.3451937651262,637593.6010998087,2424145.0414657593,2425434.3866595244,2.3109884387747153,1.4420822671402984,0.002916186481395066,5.482828828965335,5.48574501544673
climatology,full_domain,4,1099854,4177317.79952851,-5327.539813667536,1311265.8153959159,4260086.64226532,4254759.102451652,1.9488626793190678,1.1922180720313023,-0.004843860924875061,3.873320133640756,3.868476272715881
climatology,south_of_35S,4,365400,462594.34716706973,-2959.4447390437126,297303.01885885,1149119.2922592163,1146159.8475201726,1.1251641577818547,0.813637161627942,-0.008099191951405892,3.1448256493136735,3.1367264573622675
climatology,35S_to_15S,4,292320,692251.3917553332,37001.65176724084,292919.7358485479,686822.3085403442,723823.9603075851,1.5388725531359642,1.002051641518021,0.12657926849767664,2.349556337371183,2.4761356058688597
climatology,north_of_15S,4,442134,3022472.060606107,-39369.74684186466,721043.060688518,2424145.0414657593,2384775.2946238946,2.614593582210253,1.6308247289023645,-0.08904482994265236,5.482828828965335,5.393783999022682
hybrid,full_domain,5,1099854,4178336.100851701,-36240.61621215906,1252870.52899014,4220301.094055176,4184060.4778430164,1.9491002011707992,1.1391244010479027,-0.032950388153481336,3.837146652242185,3.804196264088703
hybrid,south_of_35S,5,365400,554417.9074300687,-7856.780993970043,302072.3249281851,1145391.4127349854,1137534.6317410152,1.2317834172676096,0.8266894497213604,-0.021501863694499294,3.1346234612342236,3.1131215975397244
hybrid,35S_to_15S,5,292320,465061.85138803825,33189.88800179871,245608.59963567267,602713.0718231201,635902.9598249188,1.2613223552445896,0.8402045690875501,0.11353957307676078,2.061826326707444,2.1753658997842047
hybrid,north_of_15S,5,442134,3158856.342033594,-61573.723219987725,705189.6044262823,2472196.6094970703,2410622.8862770824,2.672932435605415,1.5949680513742042,-0.13926484554453564,5.5915098352469395,5.452244989702403
unet,full_domain,5,1099854,4109225.29777459,-28819.039610218257,1255632.4078750312,4220301.094055176,4191482.0544449575,1.932913668871493,1.1416355333299066,-0.02620260471864289,3.837146652242185,3.8109440475235417
unet,south_of_35S,5,365400,567232.9448620209,-7275.32576829195,310257.9224961996,1145391.4127349854,1138116.0869666934,1.245938058009001,0.8490911945708801,-0.019910579551975782,3.1346234612342236,3.114712881682248
unet,35S_to_15S,5,292320,460611.83052925696,15024.857938965783,243865.06664071605,602713.0718231201,617737.9297620859,1.255273264768867,0.834240102082362,0.051398665636856126,2.061826326707444,2.1132249923443003
unet,north_of_15S,5,442134,3081380.522383312,-36568.57178089209,701509.4187381156,2472196.6094970703,2435628.037716178,2.639950050656612,1.586644362881198,-0.08270925054597043,5.5915098352469395,5.508800584700969
climatology,full_domain,5,1099854,4902439.786007871,-52804.30250533251,1340521.3935935218,4220301.094055176,4167496.7915498433,2.111244906306534,1.2188175826914498,-0.04801028364249483,3.837146652242185,3.78913636859969
climatology,south_of_35S,5,365400,581174.783532655,5337.52744603157,308350.9553205967,1145391.4127349854,1150728.940181017,1.261156869293947,0.8438723462523172,0.014607354805778792,3.1346234612342236,3.1492308160400024
climatology,35S_to_15S,5,292320,473834.70261316333,31467.411662243772,248826.09258794226,602713.0718231201,634180.4834853639,1.2731634639682872,0.8512113183769234,0.1076471389649828,2.061826326707444,2.1694734656724273
climatology,north_of_15S,5,442134,3847430.299862052,-89609.24161360785,783344.3456849828,2472196.6094970703,2382587.3678834625,2.9499076747011657,1.771735142931742,-0.20267439648072272,5.5915098352469395,5.3888354387662165
hybrid,full_domain,6,1099854,2975338.1245349892,10330.33991122525,1054458.7876385609,3884919.6491241455,3895249.9890353708,1.644752837323421,0.9587261469600155,0.009392464737342638,3.532213956692566,3.5416064214299086
hybrid,south_of_35S,6,365400,465903.93981147127,-10308.954567444736,278312.9070278044,1181718.8148498535,1171409.8602824088,1.1291819309088569,0.7616664122271604,-0.02821279301435341,3.234041638888488,3.2058288458741346
hybrid,35S_to_15S,6,292320,417111.3654468007,20919.93304244658,215714.38270116888,515412.1036529541,536332.0366954007,1.1945291350274363,0.7379391854856626,0.07156517871663444,1.7631776944887592,1.8347428732053939
hybrid,north_of_15S,6,442134,2092322.8192767173,-280.6385637765877,560431.4979095876,2187788.730621338,2187508.0920575615,2.1753913089571824,1.2675602824247572,-0.0006347364459113928,4.948248111706717,4.947613375260807
unet,full_domain,6,1099854,3055854.94435456,14069.176846346818,1068648.626012451,3884919.6491241455,3898988.8259704923,1.6668589386485637,0.9716277124167854,0.012791858597911012,3.532213956692566,3.545005815290477
unet,south_of_35S,6,365400,465155.6315800134,-4630.748565346003,279830.18331360817,1181718.8148498535,1177088.0662845075,1.1282747528166603,0.7658187830148007,-0.012673094048565961,3.234041638888488,3.221368544839922
unet,35S_to_15S,6,292320,409146.89249719935,12988.714867718518,211338.15443163365,515412.1036529541,528400.8185206726,1.1830697868151396,0.7229685085920692,0.044433206307192524,1.7631776944887592,1.8076109007959518
unet,north_of_15S,6,442134,2181552.4202773473,5711.210543974303,577480.2882672092,2187788.730621338,2193499.941165312,2.2212931117863395,1.3061205161041882,0.012917374696300901,4.948248111706717,4.961165486403019
climatology,full_domain,6,1099854,3426735.277555565,1903.7724466645159,1120984.8137402236,3884919.6491241455,3886823.42157081,1.765113995586921,1.0192123806798208,0.0017309319661196086,3.532213956692566,3.5339448886586857
climatology,south_of_35S,6,365400,476166.0221857169,1230.3115632534027,280152.6781080365,1181718.8148498535,1182949.126413107,1.1415499768799462,0.7667013631856501,0.003367026719357971,3.234041638888488,3.237408665607846
climatology,35S_to_15S,6,292320,417932.2211312522,21338.42156207841,217431.1608586572,515412.1036529541,536750.5252150325,1.195703946089588,0.7438121266374426,0.07299678968964973,1.7631776944887592,1.836174484178409
climatology,north_of_15S,6,442134,2532637.0342385955,-20664.960678667296,623400.9747735299,2187788.730621338,2167123.7699426706,2.39336821951354,1.4099819845873196,-0.04673913491988242,4.948248111706717,4.901508976786835
hybrid,full_domain,7,1099854,2786274.1240095124,-27806.82499163668,1015908.0955265975,3558562.7212524414,3530755.8962608045,1.5916383747761462,0.9236754110332803,-0.025282287459641624,3.235486456613734,3.2102041691540917
hybrid,south_of_35S,7,365400,476401.531658467,-27743.136971382155,290147.3180445635,1142586.742401123,1114843.6054297409,1.1418322446042226,0.7940539629024727,-0.07592538853689698,3.126947844556987,3.05102245602009
hybrid,35S_to_15S,7,292320,373237.4326669368,20595.65442365635,203654.32312985792,462328.6380767822,482924.2925004386,1.129960681068111,0.696682824062185,0.07045585120298423,1.5815840109358998,1.652039862138884
hybrid,north_of_15S,7,442134,1936635.1596841086,-20659.34244391087,522106.454352176,1953647.3407745361,1932987.9983306252,2.09289263384178,1.1808783182297131,-0.046726427833893955,4.418677009174902,4.371950581341008
unet,full_domain,7,1099854,2920082.912367462,-28154.459574954584,1045115.0299645253,3558562.7212524414,3530408.261677487,1.6294088550082182,0.950230694223529,-0.0255983608505807,3.235486456613734,3.209888095763153
unet,south_of_35S,7,365400,489723.98247686774,-26738.43647763133,293935.65898033977,1142586.742401123,1115848.3059234917,1.157687688458741,0.8044216173517782,-0.07317579769466702,3.126947844556987,3.05377204686232
unet,35S_to_15S,7,292320,385789.061647822,13835.166113780811,209028.98879805394,462328.6380767822,476163.80419056304,1.148803340959981,0.7150690640327516,0.047328838648675466,1.5815840109358998,1.6289128495845753
unet,north_of_15S,7,442134,2044569.8682427723,-15251.189211104065,542150.3821861316,1953647.3407745361,1938396.151563432,2.1504236187579906,1.226212827301523,-0.03449449535910847,4.418677009174902,4.3841825138157935
climatology,full_domain,7,1099854,2998447.2761063557,-31296.48783728294,1054340.3550906181,3558562.7212524414,3527266.2334151585,1.651127797670697,0.9586184667152351,-0.028455129351061995,3.235486456613734,3.207031327262672
climatology,south_of_35S,7,365400,481715.52030091686,-23012.013415396214,292990.77752512693,1142586.742401123,1119574.7289857268,1.148182829669272,0.8018357348799314,-0.06297759555390316,3.126947844556987,3.063970249003084
climatology,35S_to_15S,7,292320,390629.2229330886,27039.293161490932,208948.63598632254,462328.6380767822,489367.93123827316,1.155987398518967,0.714794184408602,0.09249895033350757,1.5815840109358998,1.6740829612694073
climatology,north_of_15S,7,442134,2126102.5328723504,-35323.76758337766,552400.9415791687,1953647.3407745361,1918323.5731911585,2.192881409475853,1.249397109426483,-0.07989380500793347,4.418677009174902,4.338783204166969
hybrid,full_domain,8,1099854,2598114.995990687,-31910.919234915724,977468.754995274,3312042.3679351807,3280131.448700265,1.5369568168311691,0.8887259172538119,-0.029013777496754774,3.0113472951275173,2.982333517630763
hybrid,south_of_35S,8,365400,468212.45584034926,-86301.98202415419,283467.71149058186,1143679.8648834229,1057377.8828592687,1.131975976312158,0.77577370413405,-0.23618495354174654,3.1299394222315895,2.8937544686898433
hybrid,35S_to_15S,8,292320,331307.3954789748,23169.825570445755,200954.30923073489,427749.267578125,450919.09314857074,1.0645996037127214,0.6874463233125852,0.07926185539971865,1.4632911452453647,1.5425530006450832
hybrid,north_of_15S,8,442134,1798595.1446713628,31221.23721879271,493046.7342739573,1740613.2354736328,1771834.4726924256,2.0169250118306885,1.115152271198228,0.0706148751708593,3.93684547099665,4.00746034616751
unet,full_domain,8,1099854,2575449.021958116,-18967.090633348096,983232.1839203448,3312042.3679351807,3293075.2773018326,1.5302379196057727,0.8939660936091016,-0.017245098561580078,3.0113472951275173,2.9941021965659376
unet,south_of_35S,8,365400,457519.93406932085,-85966.10300263762,281482.2334238589,1143679.8648834229,1057713.7618807852,1.1189759154062366,0.7703399929498054,-0.23526574439692838,3.1299394222315895,2.8946736778346613
unet,35S_to_15S,8,292320,335589.4490604634,24347.699336211197,201752.0966604147,427749.267578125,452096.9669143362,1.0714573393837314,0.6901754811864215,0.08329125388687465,1.4632911452453647,1.5465823991322394
unet,north_of_15S,8,442134,1782339.6388283316,42651.31303307833,499997.8538360712,1740613.2354736328,1783264.5485067111,2.0077899509325565,1.1308740197226885,0.09646693770006001,3.93684547099665,4.03331240869671
climatology,full_domain,8,1099854,2756401.4917507097,-34957.45716021955,1010982.7909031129,3312042.3679351807,3277084.910774961,1.5830831224853963,0.9191972670037231,-0.03178372507643701,3.0113472951275173,2.9795635700510803
climatology,south_of_35S,8,365400,478937.6675701032,-80465.82569974661,285926.6104218364,1143679.8648834229,1063214.0391836762,1.1448674971913027,0.7825030389212818,-0.2202129876840356,3.1299394222315895,2.909726434547554
climatology,35S_to_15S,8,292320,336484.20560364414,30832.457241669763,204338.60396191757,427749.267578125,458581.72481979476,1.0728847610376255,0.6990236862408237,0.10547501793127313,1.4632911452453647,1.5687661631766379
climatology,north_of_15S,8,442134,1940979.618576962,14675.911297857296,520717.5765193589,1740613.2354736328,1755289.14677149,2.0952388146341328,1.177737013030798,0.033193356081769994,3.93684547099665,3.9700388270784197
hybrid,full_domain,9,1099854,2331547.8369079735,166308.66249021952,988100.0515881759,3192245.059967041,3358553.7224572604,1.455977440501064,0.8983920152930989,0.15120976283235732,2.9024261947195185,3.0536359575518754
hybrid,south_of_35S,9,365400,348887.2566750913,2013.066342671243,253565.8167367512,961421.4458465576,963434.5121892288,0.977143352619458,0.6939403851580492,0.005509212760457699,2.6311479087207377,2.6366571214811954
hybrid,35S_to_15S,9,292320,481037.4780027526,67038.25125808266,242800.37755195427,520525.0473022461,587563.2985603288,1.2828036647163683,0.8305978980294002,0.22933172981008024,1.7806686073557954,2.010000337165876
hybrid,north_of_15S,9,442134,1501623.1022301298,97257.3448894656,491733.8572994704,1710298.5668182373,1807555.9117077028,1.842907400148193,1.1121828615294693,0.21997255331973023,3.8682810342978313,4.088253587617561
unet,full_domain,9,1099854,2370553.633132467,178807.9535841928,1005359.507417765,3192245.059967041,3371053.013551234,1.4681058644072074,0.9140845125059917,0.16257426311509782,2.9024261947195185,3.065000457834616
unet,south_of_35S,9,365400,350419.14632222825,2190.3388326466084,254777.15597465634,961421.4458465576,963611.7846792042,0.9792862171677513,0.6972554898047519,0.0059943591479108055,2.6311479087207377,2.6371422678686485
unet,35S_to_15S,9,292320,483185.48696329957,73279.05492146639,246027.6475923634,520525.0473022461,593804.1022237125,1.2856645692097972,0.8416380938436078,0.2506809486913875,1.7806686073557954,2.031349556047183
unet,north_of_15S,9,442134,1536948.999846939,103338.55983007979,504554.7038507452,1710298.5668182373,1813637.126648317,1.8644587172014624,1.141180510548262,0.23372678832679636,3.8682810342978313,4.1020078226246275
climatology,full_domain,9,1099854,2522550.6204836196,177871.3440471175,1029423.3092215611,3192245.059967041,3370116.4040141585,1.5144412339486433,0.9359635999155898,0.16172268687218258,2.9024261947195185,3.064148881591701
climatology,south_of_35S,9,365400,367724.40646347305,4544.572338819504,259654.69951164722,961421.4458465576,965966.0181853771,1.0031755906301825,0.7106039942847489,0.012437253253474286,2.6311479087207377,2.643585161974212
climatology,35S_to_15S,9,292320,503301.8684896416,77115.90322005237,250519.1619635718,520525.0473022461,597640.9505222985,1.3121545971993653,0.8570031539531054,0.26380645600729463,1.7806686073557954,2.04447506336309
climatology,north_of_15S,9,442134,1651524.345530505,96210.86848824564,519249.44774634205,1710298.5668182373,1806509.435306483,1.932704836217403,1.1744164614038777,0.21760567721153687,3.8682810342978313,4.085886711509368
hybrid,full_domain,10,1099854,2850111.6593820825,29695.22014573045,1070375.5866462581,3741371.7641830444,3771066.9843287747,1.6097684749240806,0.9731978850340665,0.026999238213190523,3.4016985565202695,3.42869779473346
hybrid,south_of_35S,10,365400,315822.1482094816,-17409.064055953848,234034.18852131194,923158.1993103027,905749.1352543489,0.9296875607520418,0.6404876533150299,-0.04764385346456992,2.526431853613308,2.478788000148738
hybrid,35S_to_15S,10,292320,626096.3615414203,54910.76561312714,279877.10949573776,696016.6749954224,750927.4406085495,1.4634952761949471,0.9574340089481997,0.18784470995185804,2.381009424587515,2.568854134539373
hybrid,north_of_15S,10,442134,1908193.1496311806,-7806.481411442841,556464.2886292085,2122196.8898773193,2114390.4084658762,2.077467362004323,1.2585874160983062,-0.017656369814225643,4.799895257721232,4.782238887907006
unet,full_domain,10,1099854,2940086.5268233437,52773.2467116873,1095069.4031730182,3741371.7641830444,3794145.0108947316,1.634980346918476,0.995649789129301,0.04798204735509195,3.4016985565202695,3.449680603875361
unet,south_of_35S,10,365400,327924.6867073699,-14909.291434496641,237744.08080080152,923158.1993103027,908248.9078758061,0.9473332586665764,0.650640615218395,-0.040802658550893926,2.526431853613308,2.485629195062414
unet,35S_to_15S,10,292320,630791.8602880536,59418.47841343947,283159.27956745226,696016.6749954224,755435.1534088618,1.4689728709057963,0.9686620127512735,0.20326518340667582,2.381009424587515,2.5842746079941907
unet,north_of_15S,10,442134,1981369.9798279202,8264.05973274447,574166.0428047646,2122196.8898773193,2130460.949610064,2.1169267589690555,1.2986244957518864,0.018691301127586817,4.799895257721232,4.8185865588488195
climatology,full_domain,10,1099854,3058073.9815964573,20732.801950569963,1111391.974883819,3741371.7641830444,3762104.5661336146,1.6674640313132103,1.0104904604464038,0.018850503749197587,3.4016985565202695,3.420549060269467
climatology,south_of_35S,10,365400,330525.36263734766,-17264.355919659138,241406.8173393607,923158.1993103027,905893.8433906436,0.9510823532616303,0.6606645247382614,-0.04724782681899053,2.526431853613308,2.4791840267943175
climatology,35S_to_15S,10,292320,654669.2504313232,50592.89782280079,286000.2561408113,696016.6749954224,746609.5728182232,1.496517178178867,0.9783807339245051,0.1730736789231007,2.381009424587515,2.5540831035106155
climatology,north_of_15S,10,442134,2072879.3685277863,-12595.73995257169,583984.9014036469,2122196.8898773193,2109601.1499247476,2.16526002404191,1.3208323752609998,-0.028488512425128332,4.799895257721232,4.771406745296104
hybrid,full_domain,11,1099854,3865291.773186773,-64334.73842593285,1211066.1965901956,4165708.0488204956,4101373.310394563,1.8746647872290483,1.1011154176737963,-0.05849388957619179,3.7875100229853196,3.729016133409128
hybrid,south_of_35S,11,365400,318550.64418426214,-38450.881628087765,233819.674460764,927957.7341079712,889506.8524798835,0.9336948692579708,0.6399005869205364,-0.10522956110587785,2.539566869479943,2.434337308374065
hybrid,35S_to_15S,11,292320,813886.4309869215,38632.00118487527,307026.68440113607,858972.282409668,897604.2835945432,1.6686015359430924,1.0503102230471266,0.13215654483058042,2.938465662320977,3.0706222071515574
hybrid,north_of_15S,11,442134,2732854.6980155893,-64515.85798272035,670219.8377282955,2378778.0323028564,2314262.174320136,2.4861728191020114,1.5158749106114786,-0.14591924163877998,5.380219644503378,5.234300402864598
unet,full_domain,11,1099854,3883238.1141998637,-35111.62778272363,1220288.233332351,4165708.0488204956,4130596.4210377717,1.879011731112049,1.1095002003287264,-0.03192389879267942,3.7875100229853196,3.75558612419264
unet,south_of_35S,11,365400,324087.67321948585,-39316.71053811908,236164.1287189722,927957.7341079712,888641.0235698521,0.9417746253988356,0.6463167178953809,-0.10759909835281631,2.539566869479943,2.431967771127127
unet,35S_to_15S,11,292320,808332.4575991039,39685.81672388804,308239.74919420877,858972.282409668,898658.099133556,1.6628985087678017,1.0544600068220058,0.13576155146376587,2.938465662320977,3.074227213784743
unet,north_of_15S,11,442134,2750817.9833812737,-35480.7339684926,675884.3554191701,2378778.0323028564,2343297.298334364,2.4943303482679973,1.5286866773855214,-0.08024882494558798,5.380219644503378,5.29997081955779
climatology,full_domain,11,1099854,4320664.482485542,-89976.37296249118,1276931.6316926572,4165708.0488204956,4075731.6758580045,1.9820187203555613,1.1610010344033457,-0.08180756078760561,3.7875100229853196,3.705702462197714
climatology,south_of_35S,11,365400,330370.568167639,-32826.12996286154,236858.61245507002,927957.7341079712,895131.6041451097,0.9508596176620293,0.6482173301999726,-0.0898361520603764,2.539566869479943,2.4497307174195666
climatology,35S_to_15S,11,292320,865039.0949900689,37770.036342015905,318359.0505095664,858972.282409668,896742.3187516839,1.720238260710227,1.0890772116501313,0.12920784189250104,2.938465662320977,3.067673504213478
climatology,north_of_15S,11,442134,3125254.8193278345,-94920.27934164554,721713.9687280208,2378778.0323028564,2283857.752961211,2.6586781115808042,1.6323421603586714,-0.2146866772101796,5.380219644503378,5.165532967293198
hybrid,full_domain,12,1099854,3910735.229292327,71987.7191841643,1261505.667013409,4030106.8630218506,4102094.582206015,1.8856526141597851,1.1469755685876573,0.0654520683510396,3.664219853745907,3.7296719220969465
hybrid,south_of_35S,12,365400,348846.38911541394,14576.370536933173,241059.09689295522,886740.9992218018,901317.369758735,0.9770861211886717,0.6597129088477154,0.039891544983396754,2.426767923431313,2.4666594684147096
hybrid,35S_to_15S,12,292320,1126306.8510107894,79804.9668429072,364448.1866429936,918266.7407989502,998071.7076418573,1.9629041712067061,1.2467439335077777,0.27300549686270936,3.1413065845612693,3.4143120814239785
hybrid,north_of_15S,12,442134,2435581.9891661243,-22393.61819567605,655998.3834774604,2225099.1230010986,2202705.5048054224,2.347061233550611,1.4837094262767856,-0.0506489394520124,5.032635180739547,4.981986241287534
unet,full_domain,12,1099854,3967194.4586651004,45340.1359967466,1266201.0848874378,4030106.8630218506,4075446.9990185974,1.8992154082107051,1.1512446969210801,0.0412237769710767,3.664219853745907,3.705443630716984
unet,south_of_35S,12,365400,354964.36870615935,2704.844389870763,241764.50121740997,886740.9992218018,889445.8436116725,0.9856168258426422,0.6616434078199507,0.0074024203335269914,2.426767923431313,2.43417034376484
unet,35S_to_15S,12,292320,1131552.0499920193,74684.96682947944,366510.2601735911,918266.7407989502,992951.7076284296,1.967469474123871,1.2537980985686614,0.2554904448189636,3.1413065845612693,3.3967970293802328
unet,north_of_15S,12,442134,2480678.039966922,-32049.675222603604,657926.3234964367,2225099.1230010986,2193049.447778495,2.3686900971472165,1.4880699595517122,-0.07248860124442727,5.032635180739547,4.960146579495119
climatology,full_domain,12,1099854,4491182.362223729,-2741.0861482314067,1340796.3505002542,4030106.8630218506,4027365.7768736193,2.020751107821845,1.2190675766967745,-0.002492227284922732,3.664219853745907,3.6617276264609844
climatology,south_of_35S,12,365400,358238.89326467115,8769.03699657321,243058.1936480701,886740.9992218018,895510.036218375,0.9901525169109715,0.6651838906624797,0.023998459213391377,2.426767923431313,2.450766382644704
climatology,35S_to_15S,12,292320,1174753.2376284844,81406.95607390336,373208.7465114875,918266.7407989502,999673.6968728536,2.004675396575859,1.276713008044224,0.27848575558943406,3.1413065845612693,3.4197923401507033
climatology,north_of_15S,12,442134,2958190.2313305726,-92917.07921870798,724529.4103406966,2225099.1230010986,2132182.0437823907,2.586640615690149,1.6387100072392002,-0.2101559238120298,5.032635180739547,4.822479256927517
