model,region,n,sse,error_sum,absolute_error_sum,observed_sum,predicted_sum,rmse,mae,bias,observed_mean,predicted_mean
hybrid,full_domain,13198248,40576786.85674469,64885.73412620914,13821373.636109674,46787686.70845032,46852572.44257653,1.7533987173382521,1.0472127540041432,0.004916238437572103,3.5449922374886667,3.5499084759262387
hybrid,south_of_35S,4384800,4995686.290621687,-248486.3416547277,3217768.288660264,12480406.637191772,12231920.295537045,1.0673889063545228,0.7338460793332111,-0.05666993743266003,2.846288687555139,2.7896187501224787
hybrid,35S_to_15S,3507840,8551164.589182135,478842.1449774861,3413434.5659440146,8469678.34186554,8948520.486843025,1.561322954688514,0.9730873032817958,0.1365062673832005,2.4144996185303604,2.5510058859135607
hybrid,north_of_15S,5305608,27029935.97694087,-165470.06919654922,7190170.781505395,25837601.729393005,25672131.660196457,2.257121454315226,1.3552020393337378,-0.031187767584139124,4.869866324348314,4.838678556764174
unet,full_domain,13198248,41102735.369748324,280034.8668725812,13994274.326886788,46787686.70845032,47067721.575322896,1.764725739441376,1.0603130299481256,0.021217578793229313,3.5449922374886667,3.5662098162818956
unet,south_of_35S,4384800,5061475.442934575,-221465.06819384173,3250517.1910820045,12480406.637191772,12258941.56899793,1.0743942428992292,0.7413148127809717,-0.05050745032700277,2.846288687555139,2.795781237228136
unet,35S_to_15S,3507840,8627900.379840925,481748.1905988585,3445224.2057397882,8469678.34186554,8951426.532464398,1.568312749202342,0.9821497576114613,0.13733471041976217,2.4144996185303604,2.5518343289501226
unet,north_of_15S,5305608,27413359.546972826,19751.744467564393,7298532.930064995,25837601.729393005,25857353.47386057,2.273073879583049,1.375626116755138,0.003722805089928316,4.869866324348314,4.873589129438241
climatology,full_domain,13198248,45202524.14564265,-69688.7659428076,14525151.589091651,46787686.70845032,46717997.94250751,1.8506453532404494,1.100536343088238,-0.005280152785643034,3.5449922374886667,3.539712084703024
climatology,south_of_35S,4384800,5138806.617114221,-176993.72622326016,3261300.524575442,12480406.637191772,12303412.910968512,1.082570635598681,0.7437740659951291,-0.0403652906000867,2.846288687555139,2.805923396955052
climatology,35S_to_15S,3507840,8733594.432648532,502670.68642773543,3471946.8081280747,8469678.34186554,8972349.028293274,1.5778896308371275,0.9897677226236301,0.1432992059009919,2.4144996185303604,2.557798824431352
climatology,north_of_15S,5305608,31330123.0958799,-395365.72614728287,7791904.256388135,25837601.729393005,25442236.003245723,2.430040271390769,1.4686166517368293,-0.0745184578557788,4.869866324348314,4.795347866492534
