block,intensity,n,hybrid_rmse,hybrid_mae,hybrid_bias,blend_rmse,delta_rmse,blend_mae,delta_mae,blend_bias,delta_bias,delta_absolute_bias,delta_sse
H1,"[0,1)",525576,0.7593440965404291,0.42541390693442666,0.37185560577965543,0.7531194302226157,-0.0062246663178133765,0.4178693280384326,-0.007544578895994081,0.3553192478291466,-0.01653635795050884,-0.01653635795050884,-4948.077703805291
H1,"[1,3)",574356,1.1122815450170962,0.7765645586249575,0.5106657029902653,1.1080069649693665,-0.004274580047729737,0.7708999036815198,-0.005664654943437708,0.49343773338383107,-0.01722796960643419,-0.01722796960643419,-5451.098479048698
H1,"[3,5)",337418,1.2851288158790086,0.9369944598264492,-0.02744248213761272,1.2919588129800752,0.006829997101066576,0.9440901913396166,0.007095731513167336,-0.03477056053027213,-0.00732807839265941,0.00732807839265941,5939.063275992172
H1,"[5,10)",308622,2.075222737230249,1.6327256046823961,-0.5715102118012717,2.0749816666662273,-0.0002410705640216726,1.631729176474809,-0.0009964282075871633,-0.5600288882880197,0.01148132351325204,-0.01148132351325204,-308.77387796365656
H1,"[10,infinity)",139492,4.494172128412581,3.3333224125191445,-2.626239458777319,4.482812110636819,-0.01136001777576201,3.3182742848462996,-0.015048127672844913,-2.621276395201053,0.004963063576265636,-0.004963063576265636,-14225.212894098368
H2,"[0,1)",513597,0.789303865249486,0.41332092357481137,0.34315844682502467,0.7759737236183146,-0.01333014163117141,0.40952533336689834,-0.0037955902079130355,0.3387097456514454,-0.004448701173579261,-0.004448701173579261,-10716.392438280454
H2,"[1,3)",568960,1.2234619378703853,0.8289597217742452,0.5151265794217849,1.2186799373835895,-0.004782000486795779,0.8290206628950649,6.094112081977965e-05,0.5140132545612238,-0.001113324860561038,-0.001113324860561038,-6644.4990161029855
H2,"[3,5)",358612,1.3707218344877217,1.0115854212719644,-0.0629084943646687,1.3634650078084924,-0.007256826679229222,1.0052950834017864,-0.006290337870177964,-0.06409678892870531,-0.0011882945640366155,0.0011882945640366155,-7115.407178550027
H2,"[5,10)",310277,2.2131528951546007,1.7452388734575033,-0.5883452949255965,2.2115832673029856,-0.0015696278516150741,1.7405010057651555,-0.004737867692347741,-0.5924900944951891,-0.004144799569592572,0.004144799569592572,-2154.932443544036
H2,"[10,infinity)",134018,4.519875251240637,3.3920760827884346,-2.615504740239106,4.490698146275714,-0.029177104964922762,3.3662728193912272,-0.0258032633972074,-2.5605487679005488,0.05495597233855731,-0.05495597233855731,-35233.65998303052
H3,"[0,1)",506410,0.7952128958369591,0.434191855785237,0.37648495372656166,0.7961275081245531,0.000914612287594041,0.4370581354617565,0.0028662796765194787,0.3799213353544164,0.0034363816278547565,0.0034363816278547565,737.0592389170197
H3,"[1,3)",583441,1.1683351176075092,0.8080478932240465,0.5066910917746607,1.1670456614013944,-0.0012894562061147585,0.8062778855876475,-0.001770007636399007,0.5070409856100877,0.0003498938354270509,0.0003498938354270509,-1756.9574471313972
H3,"[3,5)",353399,1.2831748972659636,0.9498939494115028,-0.03602442229520207,1.281280832921373,-0.001894064344590607,0.9501770021802772,0.00028305276877438335,-0.03697923890067019,-0.0009548166054681173,0.0009548166054681173,-1716.5452295461437
H3,"[5,10)",303584,2.161310500208034,1.710326918550633,-0.5933203024438193,2.15483017581251,-0.00648032439552404,1.7041423031562024,-0.006184615394430493,-0.5924579131804368,0.0008623892633824459,-0.0008623892633824459,-8491.241965514142
H3,"[10,infinity)",138630,4.339472293989674,3.220146377341898,-2.4209148988760734,4.341611316611132,0.002139022621458153,3.2172261631927634,-0.002920214149134459,-2.4324983843192443,-0.011583485443170893,0.011583485443170893,2574.2252141749486
H4,"[0,1)",512522,0.7135737711815527,0.38281684439932956,0.3234703536398673,0.7155977569164543,0.00202398573490159,0.3853040299701557,0.002487185570826167,0.33179544312952935,0.008325089489662041,0.008325089489662041,1482.5328153202136
H4,"[1,3)",596981,1.1538304081205673,0.7889557549025047,0.4984549362004169,1.1561977061692346,0.00236729804866731,0.7892517559491407,0.00029600104663596305,0.5065420282100453,0.008087092009628427,0.008087092009628427,3264.6055512770545
H4,"[3,5)",355848,1.2954723687284297,0.9424732827865875,0.014688720301154546,1.2985217458610594,0.0030493771326296493,0.9418723077476253,-0.0006009750389621704,0.01455932746758115,-0.00012939283357339681,-0.00012939283357339681,2814.78128525021
H4,"[5,10)",295294,2.1109330146089387,1.6582964305275654,-0.46871355993560165,2.1307496878126133,0.01981667320367464,1.6735812328884367,0.015284802360871375,-0.4656466864111017,0.003066873524499969,-0.003066873524499969,24821.244260277366
H4,"[10,infinity)",124819,4.478585056316039,3.283762374251894,-2.507911997185334,4.456785913785267,-0.021799142530771753,3.2718538573596834,-0.01190851689221084,-2.463147365063564,0.04476463212176984,-0.04476463212176984,-24312.672367833555
A,"[0,1)",534890,0.8163217011884376,0.41611648914913324,0.3587222327149257,0.8179414508870784,0.00161974969864076,0.42091841242007705,0.004801923270943809,0.3661188765564252,0.007396643841499517,0.007396643841499517,1415.9058470222517
A,"[1,3)",591228,1.2301081758617392,0.8359283390082092,0.5380034366411801,1.2319547049788233,0.0018465291170841613,0.839620287579016,0.003691948570806791,0.5461159315250249,0.0081124948838448,0.0081124948838448,2687.882591102156
A,"[3,5)",345475,1.3738041163651666,1.0164358075635207,0.0076465590464957316,1.3739751909751359,0.00017107460996923507,1.0148511978877865,-0.00158460967573415,0.014693922336537756,0.007047363290042024,0.007047363290042024,162.39925503800623
A,"[5,10)",295922,2.148885747884677,1.6857912855570336,-0.5927831184265904,2.149708894017602,0.0008231461329253342,1.686170427949708,0.0003791423926744475,-0.5799879692516691,0.012795149174921305,-0.012795149174921305,1047.0819877414033
A,"[10,infinity)",117949,4.556524134952301,3.472780474617184,-2.6619678738263173,4.550218019754455,-0.006306115197846296,3.4594710161198208,-0.013309458497363202,-2.656203818162593,0.005764055663724399,-0.005764055663724399,-6773.5946459299885
B,"[0,1)",508281,0.735360003086202,0.3984043566726432,0.3347047383395987,0.7365502663060348,0.0011902632198328433,0.3998811111910919,0.0014767545184486974,0.3358656461819311,0.0011609078423324148,0.0011609078423324148,890.4883144728374
B,"[1,3)",573083,1.1287499288301257,0.7851271935965761,0.4577777869145427,1.132988416408322,0.004238487578196226,0.7866210425908297,0.0014938489942535327,0.4590482767467316,0.0012704898321889146,0.0012704898321889146,5493.77414909564
B,"[3,5)",365473,1.3138435345368187,0.9702516764259729,-0.07680606935474528,1.3252094460068233,0.011365911470004653,0.9774362877635046,0.007184611337531677,-0.06863483022013167,0.008171239134613609,-0.008171239134613609,10962.451277373708
B,"[5,10)",304211,2.2562659232982556,1.7768068584226115,-0.5416031215508798,2.26818661588948,0.011920692591224302,1.784902747457045,0.008095889034433368,-0.5080690401433919,0.033534081407487815,-0.033534081407487815,16407.500992684625
B,"[10,infinity)",134416,4.676899511481939,3.4350993767657894,-2.4511746376521026,4.636404863150148,-0.04049464833179073,3.395174627973858,-0.0399247487919312,-2.3735069136983635,0.07766772395373911,-0.07766772395373911,-50693.51386927534
C,"[0,1)",551279,0.7339152703461711,0.39538621185592593,0.34493083209952385,0.7255969664247561,-0.008318303921414971,0.38839247893775136,-0.006993732918174567,0.3301282430719236,-0.014802589027600233,-0.014802589027600233,-6692.894411644258
C,"[1,3)",594235,1.2299464517345726,0.8402070757315924,0.6101395051190779,1.2289360280769177,-0.001010423657654913,0.8394584254056598,-0.0007486503259325206,0.6066444807436007,-0.003495024375477218,-0.003495024375477218,-1476.384599784622
C,"[3,5)",340514,1.401362906440564,0.9794578660300248,0.1749838586920903,1.4068802165109047,0.005517310070340731,0.9846198137397018,0.005161947709676928,0.18267617930181732,0.007692320609727021,0.007692320609727021,5275.906230460387
C,"[5,10)",276432,2.309822945226638,1.7995275988215806,-0.17641010446132643,2.318196744608301,0.008373799381663272,1.8042449820863071,0.004717383264726482,-0.14074820422640671,0.03566190023491972,-0.03566190023491972,10712.875697946176
C,"[10,infinity)",123004,4.393442940524553,3.212950991844357,-2.0928730859275277,4.359902048801234,-0.033540891723318644,3.185914012554723,-0.02703697928963411,-2.0178230518365456,0.0750500340909821,-0.0750500340909821,-36113.35894995602
