calendar_month,n,hybrid_rmse,hybrid_mae,hybrid_bias,blend_rmse,delta_rmse,blend_mae,delta_mae,blend_bias,delta_bias,delta_absolute_bias,delta_sse
1,1099854,1.9160821111336548,1.1621388908353487,0.05897912311334353,1.9126656577862151,-0.003416453347439674,1.1611786036962675,-0.0009602871390812506,0.07098366922460497,0.012004546111261442,0.012004546111261442,-14386.902157023549
2,1099854,1.9032552366747357,1.1647431895020157,-0.08672410337505097,1.9008650613985127,-0.0023901752762229833,1.1629964289522794,-0.0017467605497363259,-0.0842962622309464,0.0024278411441045755,-0.0024278411441045755,-10000.438205569983
3,1099854,1.8009412512569252,1.1056151237765421,0.0012984330450198547,1.7998245174799699,-0.0011167337769553143,1.105271358432626,-0.0003437653439162247,0.009188339531879483,0.00788990648685963,0.00788990648685963,-4422.619352411944
4,1099854,1.7817724438668174,1.1041230810521816,-0.02187178298030771,1.7728444188722565,-0.008928024994560912,1.1012985872034537,-0.0028244938487278493,-0.009362253572520182,0.012509529407787528,-0.012509529407787528,-34904.64560288796
5,1099854,1.9491002011707992,1.1391244010479027,-0.032950388153481336,1.937214904160268,-0.011885297010531204,1.1344121274505328,-0.00471227359736992,-0.031263442294771716,0.0016869458587096195,-0.0016869458587096195,-50802.26649235282
6,1099854,1.644752837323421,0.9587261469600155,0.009392464737342638,1.6426260013532414,-0.002126835970179597,0.9562281362801175,-0.002498010679897966,0.010242313202484737,0.0008498484651420987,0.0008498484651420987,-7689.866327403579
7,1099854,1.5916383747761462,0.9236754110332803,-0.025282287459641624,1.595710167128122,0.004071792351975745,0.9255635628841574,0.0018881518508770956,-0.025361305807376392,-7.901834773476821e-05,7.901834773476821e-05,14274.148737281095
8,1099854,1.5369568168311691,0.8887259172538119,-0.029013777496754774,1.5315890373611014,-0.005367779470067724,0.8870042771224892,-0.0017216401313226992,-0.026071607762961104,0.0029421697337936696,-0.0029421697337936696,-18116.000376498327
9,1099854,1.455977440501064,0.8983920152930989,0.15120976283235732,1.4552492526673897,-0.000728187833674232,0.8992164403653056,0.0008244250722067026,0.15405088790304242,0.0028411250706850966,0.0028411250706850966,-2331.602336636279
10,1099854,1.6097684749240806,0.9731978850340665,0.026999238213190523,1.6129338574660959,0.0031653825420152604,0.9759182293706632,0.002720344336596736,0.032244940498665886,0.0052457022854753635,0.0052457022854753635,11219.704912653659
11,1099854,1.8746647872290483,1.1011154176737963,-0.05849388957619179,1.872446291749601,-0.002218495479447302,1.1001058961253334,-0.0010095215484628994,-0.05185139188031371,0.0066424976958780815,-0.0066424976958780815,-9143.03019811958
12,1099854,1.8856526141597851,1.1469755685876573,0.0654520683510396,1.885210910342098,-0.0004417038176871557,1.1443413664446085,-0.0026342021430487694,0.0593949955060489,-0.006057072844990699,-0.006057072844990699,-1831.922117922455
