year,n,hybrid_rmse,hybrid_mae,hybrid_bias,blend_rmse,delta_rmse,blend_mae,delta_mae,blend_bias,delta_bias,delta_absolute_bias,delta_sse
2007,942732,1.7481633959563119,1.0308807883455398,0.008000495307690267,1.745840247684176,-0.0023231482721359775,1.0294885388926969,-0.0013922494528428864,0.011904170618740372,0.0039036753110501046,0.0039036753110501046,-7652.239101763815
2008,942732,1.7345388390677663,1.042494785376044,-0.07507927722904423,1.731067341655692,-0.003471497412074198,1.036216600698671,-0.0062781846773729555,-0.0968279280398936,-0.021748650810849368,0.021748650810849368,-11341.860577160027
2009,942732,1.8283880327279765,1.1018592787909602,-0.060757204340688604,1.8172104218750573,-0.011177610852919129,1.0981123252467397,-0.0037469535442204993,-0.05408359079297667,0.006673613547711933,-0.006673613547711933,-38415.46248934977
2010,942732,1.7694044647992797,1.065033024835121,-0.03078832598000221,1.7623615555686811,-0.007042909230598582,1.0591285881049497,-0.00590443673017127,-0.0345611788180911,-0.00377285283808889,0.00377285283808889,-23449.42857015785
2011,942732,1.7417509489452183,1.0379739542506479,-0.06915541079490177,1.7393120988331197,-0.002438850112098656,1.0344272093110003,-0.0035467449396475725,-0.07770790646180993,-0.008552495666908161,0.008552495666908161,-8003.597653062083
2012,942732,1.7439604965780962,1.075729325068386,0.024407937228470723,1.7437628491244064,-0.00019764745368977543,1.077405409696972,0.0016760846285861497,0.03323932253844758,0.008831385309976857,0.008831385309976857,-649.8625360373408
2013,942732,1.709805118538433,1.0264557133262973,0.04239028669364256,1.7104979810939278,0.0006928625554947221,1.0288135033829684,0.0023577900566711385,0.05373199112767982,0.011341704434037259,0.011341704434037259,2234.086242860183
2014,942732,1.6974595822482206,0.9912246082536226,-0.024211863712881664,1.6992821960783535,0.0018226138301329353,0.9933905744889522,0.0021659662353296083,-0.01906776563175027,0.005144098081131393,-0.005144098081131393,5836.40530143166
2015,942732,1.6984545002020295,1.0268086592710364,-0.015797466349813813,1.7023072692173509,0.003852769015321389,1.0286501101922974,0.0018414509212609786,-0.013581986706240204,0.0022154796435736087,-0.0022154796435736087,12352.004218321294
2016,942732,1.7835504103095075,1.0696807592692947,0.04041454857571952,1.779438305037277,-0.004112105272230382,1.0707523317047367,0.0010715724354419809,0.05480362199474957,0.014389073419030049,0.014389073419030049,-13812.329183347989
2017,942732,1.7174885262413162,1.048999189743177,-0.08088809321895936,1.720021034322798,0.0025325080814817547,1.0512839504667342,0.002284760723557211,-0.0682956893830271,0.012592403835932256,-0.012592403835932256,8206.972980428953
2018,942732,1.883337370145259,1.0823612735435422,-0.01440997168571143,1.8762424738911356,-0.007094896254123295,1.0814860551409893,-0.0008752184025528909,-0.0005412476233941317,0.013868724062317298,-0.013868724062317298,-25146.2721160776
2019,942732,1.6912567512434689,0.9887167274355256,0.13494163935750564,1.6836439415264481,-0.007612809717020719,0.9837199366047773,-0.004996790830748332,0.13552369214595042,0.0005820527884447813,0.0005820527884447813,-24221.120027209166
2020,942732,1.788974808637571,1.0727604685488095,0.1897600442749838,1.7877669658118795,-0.0012078428256914187,1.0729157161166547,0.0001552475678452403,0.20134652440242498,0.011586480127441179,0.011586480127441179,-4072.7360057700425
