model,year,sse,n,sum_error,sum_absolute_error,rmse,mae,bias
hybrid,2007,2810380.127523029,942732,23704.804968927456,966407.2667267568,1.7265867685635157,1.025113464618531,0.0251447972158868
hybrid,2008,2818433.7452706657,942732,-71920.21617720564,977022.1863000272,1.7290589113852333,1.036373207125702,-0.0762891428075058
hybrid,2009,3138915.485055344,942732,-77732.14300784202,1034436.2652467004,1.8247177083608703,1.097275010550931,-0.0824541258892686
hybrid,2010,2942665.062440873,942732,46657.404222835576,1013569.8229612,1.7667548492872935,1.075140997612471,0.0494916945885316
hybrid,2011,2865897.1024948983,942732,-78800.42759538363,979766.5624101346,1.7435570898990425,1.0392842954414772,-0.0835873054010934
hybrid,2012,2889755.137800468,942732,24672.20308411041,1014786.3662406196,1.7507994349868063,1.0764314420647858,0.0261709617198847
hybrid,2013,2754882.0266063544,942732,43452.91084654385,968554.5175370204,1.7094538407382034,1.0273911541530578,0.046092538331725
hybrid,2014,2689355.30508543,942732,-20267.389216048883,928892.4347530184,1.689001234495801,0.9853197247500016,-0.0214985692816716
hybrid,2015,2716657.6907038344,942732,-28177.47395099252,964372.761802892,1.6975529710993091,1.0229553699279244,-0.0298891667525792
hybrid,2016,2958879.492056218,942732,62137.3875777144,1007448.7152625106,1.7716156757687629,1.068648051898642,0.0659120381802191
hybrid,2017,2781575.059782196,942732,-75846.90446620429,988347.2446172524,1.7177156296925191,1.0483862270690425,-0.0804543650435163
hybrid,2018,3321653.224725514,942732,-5830.0214905715,1018614.348455924,1.877081031030474,1.0804919621439857,-0.0061841769353023
hybrid,2019,2687405.660548383,942732,129936.66986562897,931312.7253626764,1.6883889039038946,0.987887040391836,0.1378299133429532
hybrid,2020,2994744.3491738536,942732,177815.05793992747,1009647.7728340636,1.7823202958127051,1.0709806952920486,0.1886167627066096
