time_alvo,limite_emissao,atmosfera,indices,sst,inicializacao_sazonal,ultimo_alvo_treino,disponibilidade_historica_comprovada
2009-01-01,2008-12-31 23:59:59.999999999,2008-09-01,2008-10-01,2008-11-01,2008-12-01,2008-09-01,False
2009-02-01,2009-01-31 23:59:59.999999999,2008-10-01,2008-11-01,2008-12-01,2009-01-01,2008-09-01,False
2009-03-01,2009-02-28 23:59:59.999999999,2008-11-01,2008-12-01,2009-01-01,2009-02-01,2008-09-01,False
2009-04-01,2009-03-31 23:59:59.999999999,2008-12-01,2009-01-01,2009-02-01,2009-03-01,2008-09-01,False
2009-05-01,2009-04-30 23:59:59.999999999,2009-01-01,2009-02-01,2009-03-01,2009-04-01,2008-09-01,False
2009-06-01,2009-05-31 23:59:59.999999999,2009-02-01,2009-03-01,2009-04-01,2009-05-01,2008-09-01,False
2009-07-01,2009-06-30 23:59:59.999999999,2009-03-01,2009-04-01,2009-05-01,2009-06-01,2008-09-01,False
2009-08-01,2009-07-31 23:59:59.999999999,2009-04-01,2009-05-01,2009-06-01,2009-07-01,2008-09-01,False
2009-09-01,2009-08-31 23:59:59.999999999,2009-05-01,2009-06-01,2009-07-01,2009-08-01,2008-09-01,False
2009-10-01,2009-09-30 23:59:59.999999999,2009-06-01,2009-07-01,2009-08-01,2009-09-01,2008-09-01,False
2009-11-01,2009-10-31 23:59:59.999999999,2009-07-01,2009-08-01,2009-09-01,2009-10-01,2008-09-01,False
2009-12-01,2009-11-30 23:59:59.999999999,2009-08-01,2009-09-01,2009-10-01,2009-11-01,2008-09-01,False
2010-01-01,2009-12-31 23:59:59.999999999,2009-09-01,2009-10-01,2009-11-01,2009-12-01,2008-09-01,False
2010-02-01,2010-01-31 23:59:59.999999999,2009-10-01,2009-11-01,2009-12-01,2010-01-01,2008-09-01,False
2010-03-01,2010-02-28 23:59:59.999999999,2009-11-01,2009-12-01,2010-01-01,2010-02-01,2008-09-01,False
2010-04-01,2010-03-31 23:59:59.999999999,2009-12-01,2010-01-01,2010-02-01,2010-03-01,2008-09-01,False
2010-05-01,2010-04-30 23:59:59.999999999,2010-01-01,2010-02-01,2010-03-01,2010-04-01,2008-09-01,False
2010-06-01,2010-05-31 23:59:59.999999999,2010-02-01,2010-03-01,2010-04-01,2010-05-01,2008-09-01,False
2010-07-01,2010-06-30 23:59:59.999999999,2010-03-01,2010-04-01,2010-05-01,2010-06-01,2008-09-01,False
2010-08-01,2010-07-31 23:59:59.999999999,2010-04-01,2010-05-01,2010-06-01,2010-07-01,2008-09-01,False
2010-09-01,2010-08-31 23:59:59.999999999,2010-05-01,2010-06-01,2010-07-01,2010-08-01,2008-09-01,False
2010-10-01,2010-09-30 23:59:59.999999999,2010-06-01,2010-07-01,2010-08-01,2010-09-01,2008-09-01,False
2010-11-01,2010-10-31 23:59:59.999999999,2010-07-01,2010-08-01,2010-09-01,2010-10-01,2008-09-01,False
2010-12-01,2010-11-30 23:59:59.999999999,2010-08-01,2010-09-01,2010-10-01,2010-11-01,2008-09-01,False
