time_origem,nino34,nino12,tna,tsa
1976-12-01,0.64,0.25,-0.60,-0.47
1977-01-01,0.84,0.29,-0.40,-0.53
1977-02-01,0.55,-0.14,-0.40,-0.27
1977-03-01,0.40,-0.38,-0.27,-0.34
1977-04-01,-0.25,-0.68,-0.25,-0.34
1977-05-01,-0.03,-0.45,-0.28,-0.39
1977-06-01,0.36,0.08,-0.20,-0.41
1977-07-01,0.45,0.03,-0.42,-0.40
1977-08-01,0.25,-0.52,-0.62,-0.19
1977-09-01,0.44,-0.50,-0.61,-0.12
1977-10-01,0.89,-0.19,-0.66,-0.31
1977-11-01,1.03,-0.29,-0.57,-0.27
1977-12-01,1.09,-0.56,-0.44,-0.34
1978-01-01,0.72,-0.07,-0.13,-0.52
1978-02-01,0.51,-0.35,0.02,-0.56
1978-03-01,0.06,-0.77,0.09,-0.80
1978-04-01,-0.37,-0.37,0.10,-0.96
1978-05-01,-0.50,-0.54,-0.13,-0.99
1978-06-01,-0.45,-0.86,-0.39,-0.78
1978-07-01,-0.48,-0.40,-0.60,-0.33
1978-08-01,-0.62,-0.64,-0.66,-0.40
1978-09-01,-0.60,-0.30,-0.59,-0.50
1978-10-01,-0.34,-0.43,-0.35,-0.61
1978-11-01,-0.15,0.04,-0.30,-0.61
1978-12-01,0.07,0.23,-0.48,-0.43
1979-01-01,0.05,0.23,-0.08,-0.49
1979-02-01,0.09,-0.58,0.10,-0.51
1979-03-01,0.13,-0.25,-0.01,-0.65
1979-04-01,0.17,0.51,0.14,-0.30
1979-05-01,-0.09,0.27,0.15,-0.27
1979-06-01,0.04,0.76,0.18,-0.21
1979-07-01,-0.20,0.45,0.01,-0.12
1979-08-01,0.21,0.50,-0.25,0.07
1979-09-01,0.48,1.02,-0.27,0.14
1979-10-01,0.32,0.67,-0.32,-0.17
1979-11-01,0.35,0.12,-0.20,-0.12
1979-12-01,0.69,-0.34,-0.03,-0.28
1980-01-01,0.55,-0.10,0.15,-0.48
1980-02-01,0.33,-0.25,0.23,-0.61
1980-03-01,0.09,0.02,0.02,-0.61
1980-04-01,0.20,-0.00,0.40,-0.42
1980-05-01,0.13,0.25,0.50,-0.38
1980-06-01,0.37,0.21,0.23,-0.39
1980-07-01,0.02,-0.44,-0.08,-0.31
1980-08-01,-0.23,-0.44,-0.04,-0.16
1980-09-01,-0.12,-0.11,-0.17,-0.04
1980-10-01,-0.11,-0.52,-0.38,-0.25
1980-11-01,0.10,-0.68,-0.28,-0.43
1980-12-01,0.36,-1.13,-0.31,-0.86
1981-01-01,-0.46,-1.29,0.03,-0.61
1981-02-01,-0.45,-0.83,-0.01,-0.73
1981-03-01,-0.02,-0.19,0.45,-0.99
1981-04-01,-0.17,-0.31,0.18,-0.83
1981-05-01,-0.11,-0.22,0.16,-0.75
1981-06-01,-0.15,-0.06,-0.06,-0.53
1981-07-01,-0.43,-0.56,-0.12,-0.48
1981-08-01,-0.18,-0.55,-0.24,-0.07
1981-09-01,-0.07,-0.24,-0.23,0.05
1981-10-01,-0.03,-0.52,-0.39,0.12
1981-11-01,-0.27,-0.55,-0.18,0.08
1981-12-01,0.07,-0.17,-0.02,-0.16
1982-01-01,-0.04,-0.12,-0.06,-0.30
1982-02-01,-0.13,-0.35,-0.24,-0.47
1982-03-01,-0.02,-0.72,-0.23,-0.56
1982-04-01,0.24,-0.51,-0.32,-0.66
1982-05-01,0.65,0.08,-0.24,-0.71
1982-06-01,0.92,0.27,-0.40,-0.76
1982-07-01,0.64,0.60,-0.54,-0.70
1982-08-01,0.93,1.09,-0.64,-0.77
1982-09-01,1.39,2.01,-0.66,-0.46
1982-10-01,2.00,2.28,-0.77,-0.33
1982-11-01,2.07,3.08,-0.77,-0.46
1982-12-01,2.33,3.20,-0.79,-0.43
1983-01-01,2.43,2.73,-0.61,-0.01
1983-02-01,2.22,2.03,-0.19,0.11
1983-03-01,1.69,2.34,0.28,-0.48
1983-04-01,1.12,3.36,0.29,-0.56
1983-05-01,1.12,4.10,-0.03,-0.80
1983-06-01,0.62,4.56,0.10,-0.76
1983-07-01,-0.11,3.93,-0.05,-0.56
1983-08-01,-0.13,3.11,-0.33,-0.28
1983-09-01,-0.50,2.07,-0.56,-0.11
1983-10-01,-1.03,1.02,-0.58,-0.31
1983-11-01,-1.13,0.56,-0.26,-0.12
1983-12-01,-0.95,0.22,-0.06,0.12
1984-01-01,-0.80,-0.29,-0.30,0.35
1984-02-01,-0.53,-0.77,-0.38,0.38
1984-03-01,-0.48,-0.41,-0.25,0.44
1984-04-01,-0.60,-0.25,-0.34,0.19
1984-05-01,-0.64,-1.11,-0.36,-0.08
1984-06-01,-0.90,-0.92,-0.61,0.14
1984-07-01,-0.40,-0.54,-0.63,0.29
1984-08-01,-0.40,-0.52,-0.62,0.57
1984-09-01,-0.35,-0.36,-0.62,0.69
1984-10-01,-0.83,-0.61,-0.92,0.36
1984-11-01,-1.18,-0.18,-0.77,0.13
1984-12-01,-1.53,-0.50,-0.79,-0.01
1985-01-01,-0.89,-0.77,-0.68,-0.02
1985-02-01,-0.91,-1.13,-0.55,0.25
1985-03-01,-0.96,-0.59,-0.77,-0.21
1985-04-01,-0.98,-1.38,-0.81,-0.16
1985-05-01,-0.90,-1.41,-0.91,-0.10
1985-06-01,-0.76,-1.25,-0.54,-0.27
1985-07-01,-0.61,-1.04,-0.32,0.02
1985-08-01,-0.49,-1.02,-0.42,-0.10
1985-09-01,-0.57,-0.83,-0.54,-0.13
1985-10-01,-0.64,-0.82,-0.57,0.05
1985-11-01,-0.43,-0.92,-0.39,0.06
1985-12-01,-0.40,-0.75,-0.54,0.03
1986-01-01,-0.79,-0.59,-0.86,-0.14
1986-02-01,-0.64,-0.35,-0.80,0.20
1986-03-01,-0.51,-0.84,-0.76,0.04
1986-04-01,-0.41,-0.86,-0.80,-0.03
1986-05-01,-0.47,-0.82,-0.74,-0.08
1986-06-01,-0.08,-0.90,-0.84,0.10
1986-07-01,0.16,-0.14,-0.65,-0.06
1986-08-01,0.24,0.17,-0.74,0.01
1986-09-01,0.59,-0.13,-0.34,0.16
1986-10-01,0.90,0.14,-0.63,-0.08
1986-11-01,1.04,0.28,-0.91,-0.35
1986-12-01,0.98,0.53,-0.98,-0.24
1987-01-01,1.19,0.77,-0.57,-0.32
1987-02-01,1.17,1.02,-0.35,-0.19
1987-03-01,1.24,1.15,0.06,-0.18
1987-04-01,0.89,1.51,0.17,-0.27
1987-05-01,0.91,1.35,0.17,-0.06
1987-06-01,1.24,1.06,0.37,0.11
1987-07-01,1.34,1.19,0.21,0.25
1987-08-01,1.48,0.91,0.22,0.24
1987-09-01,1.53,1.31,0.02,0.17
1987-10-01,1.36,1.50,0.02,0.19
1987-11-01,1.29,0.90,0.05,0.45
1987-12-01,1.05,0.89,0.22,0.13
1988-01-01,0.69,0.09,-0.09,0.30
1988-02-01,0.35,-0.27,-0.20,0.39
1988-03-01,0.29,-0.52,0.12,0.43
1988-04-01,-0.49,-0.90,0.22,0.28
1988-05-01,-1.05,-1.08,0.08,0.37
1988-06-01,-1.46,-1.96,0.10,0.42
1988-07-01,-1.54,-1.54,-0.00,0.20
1988-08-01,-1.44,-1.59,-0.31,0.30
1988-09-01,-1.33,-1.43,-0.32,0.16
1988-10-01,-2.09,-1.26,-0.63,0.15
1988-11-01,-2.18,-0.65,-0.54,-0.05
1988-12-01,-1.98,-0.97,-0.52,-0.07
1989-01-01,-1.95,-0.28,-0.67,0.08
1989-02-01,-1.37,0.05,-0.66,-0.04
1989-03-01,-1.33,-0.45,-0.82,0.00
1989-04-01,-1.11,-0.49,-1.04,-0.02
1989-05-01,-0.80,-1.16,-0.86,-0.01
1989-06-01,-0.64,-0.73,-0.42,0.00
1989-07-01,-0.47,-0.44,-0.03,0.00
1989-08-01,-0.58,-0.46,0.05,0.19
1989-09-01,-0.38,-0.47,-0.32,0.06
1989-10-01,-0.40,-0.29,-0.30,0.06
1989-11-01,-0.30,-0.38,-0.35,-0.24
1989-12-01,-0.13,-0.43,-0.07,-0.51
1990-01-01,0.02,-0.33,-0.33,-0.68
1990-02-01,0.36,-0.27,-0.28,-0.14
1990-03-01,0.20,-0.41,-0.20,-0.03
1990-04-01,0.26,-0.33,-0.10,0.04
1990-05-01,0.32,-0.23,-0.07,-0.40
1990-06-01,0.00,-0.05,-0.27,-0.23
1990-07-01,0.15,-0.87,-0.22,-0.37
1990-08-01,0.17,-0.61,-0.04,-0.33
1990-09-01,0.12,-0.28,0.02,-0.22
1990-10-01,0.13,-0.73,-0.01,-0.13
1990-11-01,0.08,-0.55,0.02,-0.01
1990-12-01,0.32,-0.44,-0.12,-0.04
1991-01-01,0.51,-0.09,-0.39,-0.21
1991-02-01,0.32,-0.10,-0.29,-0.20
1991-03-01,0.10,0.00,-0.37,-0.21
1991-04-01,0.21,-0.68,-0.54,-0.00
1991-05-01,0.44,-0.01,-0.62,0.14
1991-06-01,0.65,0.24,-0.67,0.13
1991-07-01,0.62,0.60,-0.67,-0.20
1991-08-01,0.43,0.00,-0.62,-0.52
1991-09-01,0.22,0.16,-0.52,-0.51
1991-10-01,0.91,0.42,-0.53,-0.59
1991-11-01,1.14,0.64,-0.46,-0.52
1991-12-01,1.62,0.45,-0.47,-0.34
1992-01-01,1.61,0.36,-0.24,-0.61
1992-02-01,1.62,0.44,-0.14,-0.53
1992-03-01,1.50,0.92,-0.34,-0.74
1992-04-01,1.41,1.72,-0.44,-0.88
1992-05-01,1.27,1.83,-0.39,-1.01
1992-06-01,0.53,0.71,-0.36,-1.11
1992-07-01,0.27,-0.05,-0.29,-0.86
1992-08-01,-0.15,-0.24,-0.56,-0.86
1992-09-01,-0.14,-0.50,-0.58,-0.70
1992-10-01,-0.35,-0.26,-0.48,-0.74
1992-11-01,-0.14,-0.25,-0.61,-0.97
1992-12-01,0.04,-0.31,-0.52,-0.63
1993-01-01,0.28,0.03,-0.50,-0.59
1993-02-01,0.42,0.20,-0.43,-0.39
1993-03-01,0.47,0.53,-0.38,-0.44
1993-04-01,0.92,0.83,-0.22,-0.11
1993-05-01,0.93,1.13,-0.25,-0.32
1993-06-01,0.64,0.88,-0.18,-0.34
1993-07-01,0.33,0.32,-0.44,-0.21
1993-08-01,0.16,0.21,-0.45,-0.16
1993-09-01,0.26,0.12,-0.50,0.30
1993-10-01,0.36,0.32,-0.56,0.47
1993-11-01,0.28,-0.23,-0.65,0.57
1993-12-01,0.19,-0.29,-0.70,0.24
1994-01-01,0.04,-0.07,-0.83,-0.01
1994-02-01,-0.16,-0.33,-0.78,-0.14
1994-03-01,-0.06,-1.13,-0.76,-0.10
1994-04-01,0.03,-1.22,-0.62,-0.13
1994-05-01,0.14,-0.91,-0.70,-0.23
1994-06-01,0.27,-0.59,-0.67,-0.49
1994-07-01,0.16,-0.82,-0.67,-0.52
1994-08-01,0.52,-0.90,-0.63,-0.37
1994-09-01,0.40,-0.05,-0.62,-0.30
1994-10-01,0.90,0.65,-0.50,-0.27
1994-11-01,1.14,0.59,-0.34,-0.11
1994-12-01,1.21,0.68,-0.42,-0.07
1995-01-01,1.10,0.91,-0.30,0.07
1995-02-01,0.87,0.24,-0.22,0.34
1995-03-01,0.49,-0.57,-0.21,0.39
1995-04-01,0.27,-0.99,-0.04,0.29
1995-05-01,0.03,-1.01,0.10,0.24
1995-06-01,0.08,-0.53,0.23,0.33
1995-07-01,0.03,-0.25,0.31,0.09
1995-08-01,-0.38,-0.52,0.25,-0.26
1995-09-01,-0.57,-0.28,0.03,-0.19
1995-10-01,-0.72,-0.41,-0.06,-0.27
1995-11-01,-0.78,-0.26,0.20,-0.06
1995-12-01,-0.72,-0.69,0.17,-0.26
1996-01-01,-0.65,-0.61,0.49,-0.15
1996-02-01,-0.66,-0.32,0.22,0.16
1996-03-01,-0.48,-0.07,0.07,0.12
1996-04-01,-0.34,-1.28,0.15,0.34
1996-05-01,-0.40,-0.81,0.16,0.43
1996-06-01,-0.12,-1.07,-0.06,0.56
1996-07-01,-0.14,-0.98,-0.15,0.41
1996-08-01,-0.30,-0.46,-0.36,0.15
1996-09-01,-0.34,-0.53,-0.22,-0.01
1996-10-01,-0.28,-0.80,-0.34,-0.10
1996-11-01,-0.30,-0.79,-0.28,-0.06
1996-12-01,-0.43,-1.03,-0.15,-0.33
1997-01-01,-0.43,-0.56,0.06,-0.55
1997-02-01,-0.24,-0.03,0.16,-0.60
1997-03-01,-0.06,0.82,-0.00,-0.82
1997-04-01,0.34,0.98,0.12,-0.81
1997-05-01,0.87,2.16,0.23,-0.89
1997-06-01,1.15,3.17,0.29,-0.98
1997-07-01,1.60,3.63,0.06,-0.53
1997-08-01,1.94,3.98,-0.17,-0.29
1997-09-01,2.10,4.05,-0.12,0.06
1997-10-01,2.29,4.00,0.16,0.47
1997-11-01,2.42,4.12,0.27,0.60
1997-12-01,2.30,4.27,0.15,0.76
1998-01-01,2.42,3.55,0.19,0.38
1998-02-01,2.08,2.88,0.59,0.47
1998-03-01,1.49,2.88,0.59,0.34
1998-04-01,0.90,3.00,0.43,0.23
1998-05-01,0.68,3.01,0.39,0.20
1998-06-01,-0.39,2.00,0.42,0.35
1998-07-01,-0.73,1.31,0.29,0.59
1998-08-01,-0.83,0.94,0.33,0.40
1998-09-01,-0.82,0.31,0.13,0.26
1998-10-01,-1.19,0.12,0.07,-0.01
1998-11-01,-1.23,-0.21,0.12,0.14
1998-12-01,-1.51,-0.14,0.00,-0.15
1999-01-01,-1.53,-0.23,-0.35,-0.20
1999-02-01,-1.41,0.05,-0.38,-0.22
1999-03-01,-0.92,0.30,-0.38,-0.02
1999-04-01,-0.81,-0.78,-0.28,0.14
1999-05-01,-0.87,-0.43,-0.09,0.18
1999-06-01,-0.95,-0.55,-0.10,0.18
1999-07-01,-0.84,-0.65,-0.10,0.38
1999-08-01,-0.98,-0.51,0.01,0.35
1999-09-01,-0.84,-0.97,0.01,0.09
1999-10-01,-1.03,-0.76,-0.18,0.05
1999-11-01,-1.41,-1.11,-0.18,0.15
1999-12-01,-1.54,-1.06,-0.02,0.10
2000-01-01,-1.79,-0.89,-0.42,-0.12
2000-02-01,-1.53,-0.47,-0.28,0.12
2000-03-01,-1.26,-0.56,-0.09,0.05
2000-04-01,-0.80,0.46,-0.17,0.06
2000-05-01,-0.80,-0.29,-0.27,-0.05
2000-06-01,-0.75,-0.65,-0.40,-0.11
2000-07-01,-0.57,-0.57,-0.27,-0.10
2000-08-01,-0.36,-0.59,-0.19,-0.00
2000-09-01,-0.39,-0.34,-0.36,-0.13
2000-10-01,-0.55,-0.49,-0.42,-0.12
2000-11-01,-0.75,-0.70,-0.43,-0.11
2000-12-01,-0.92,-0.55,-0.49,-0.27
2001-01-01,-0.88,-0.76,-0.38,-0.17
2001-02-01,-0.63,-0.33,-0.32,-0.10
2001-03-01,-0.48,0.35,-0.01,-0.06
2001-04-01,-0.30,0.42,-0.11,0.07
2001-05-01,-0.30,-0.64,-0.14,0.12
2001-06-01,-0.11,-0.86,-0.01,0.04
2001-07-01,0.01,-0.70,0.02,-0.11
2001-08-01,-0.07,-0.77,0.00,-0.06
2001-09-01,-0.28,-1.20,0.13,-0.04
2001-10-01,-0.26,-1.14,0.06,-0.03
2001-11-01,-0.28,-0.94,0.31,-0.02
2001-12-01,-0.46,-1.12,0.37,-0.25
2002-01-01,-0.14,-0.94,0.53,-0.19
2002-02-01,0.00,-0.30,0.35,-0.33
2002-03-01,0.11,0.62,0.21,-0.06
2002-04-01,0.14,0.33,-0.18,-0.00
2002-05-01,0.21,0.18,-0.40,0.15
2002-06-01,0.68,-0.40,-0.38,0.02
2002-07-01,0.57,-0.44,-0.33,0.22
2002-08-01,0.70,-0.26,-0.38,-0.19
2002-09-01,0.82,0.04,-0.31,-0.23
2002-10-01,1.16,0.57,-0.07,-0.09
2002-11-01,1.41,0.78,-0.09,-0.25
2002-12-01,1.41,0.69,-0.09,0.08
2003-01-01,0.98,0.10,0.02,0.22
2003-02-01,0.64,-0.21,-0.17,0.30
2003-03-01,0.48,-0.49,-0.11,0.28
2003-04-01,-0.03,-0.90,-0.15,0.11
2003-05-01,-0.52,-1.35,-0.14,0.02
2003-06-01,-0.19,-0.91,-0.02,-0.21
2003-07-01,0.14,-0.58,0.09,0.14
2003-08-01,0.05,0.08,0.26,0.30
2003-09-01,0.15,-0.43,0.28,0.34
2003-10-01,0.46,-0.07,0.38,0.31
2003-11-01,0.39,0.29,0.17,0.36
2003-12-01,0.32,0.31,0.20,0.30
2004-01-01,0.26,-0.03,0.25,0.07
2004-02-01,0.17,-0.20,0.34,-0.05
2004-03-01,-0.10,-0.34,0.20,-0.36
2004-04-01,0.06,-0.45,0.30,-0.57
2004-05-01,0.10,-0.96,-0.03,-0.47
2004-06-01,0.14,-0.69,0.02,-0.39
2004-07-01,0.41,-0.70,0.18,-0.18
2004-08-01,0.66,-0.44,0.35,0.02
2004-09-01,0.67,-0.10,0.21,0.18
2004-10-01,0.73,0.11,0.20,-0.08
2004-11-01,0.62,0.39,0.32,0.06
2004-12-01,0.71,0.27,0.24,0.17
2005-01-01,0.56,0.03,0.22,0.28
2005-02-01,0.26,-0.61,0.20,0.22
2005-03-01,0.28,-1.15,0.53,0.26
2005-04-01,0.28,-0.36,0.65,-0.02
2005-05-01,0.30,0.22,0.81,-0.40
2005-06-01,0.22,-0.15,0.67,-0.57
2005-07-01,-0.01,-0.06,0.57,-0.57
2005-08-01,-0.04,-0.30,0.41,-0.19
2005-09-01,-0.08,-0.61,0.35,-0.23
2005-10-01,-0.15,-1.05,0.12,-0.22
2005-11-01,-0.44,-1.41,0.09,-0.26
2005-12-01,-0.75,-1.19,0.26,-0.29
2006-01-01,-0.98,-0.69,0.16,-0.30
2006-02-01,-0.71,0.33,0.01,-0.04
2006-03-01,-0.73,-0.27,0.02,0.06
2006-04-01,-0.30,-0.89,0.26,-0.00
2006-05-01,-0.11,-0.39,0.23,-0.11
2006-06-01,0.09,-0.19,0.28,0.10
2006-07-01,0.03,0.18,0.09,0.05
2006-08-01,0.37,0.51,0.20,0.13
2006-09-01,0.62,0.78,0.31,0.13
2006-10-01,0.76,1.20,0.31,0.01
2006-11-01,0.98,0.91,0.40,-0.10
2006-12-01,1.10,0.62,0.18,0.05
2007-01-01,0.59,0.57,0.21,-0.09
2007-02-01,0.12,0.06,0.38,-0.06
2007-03-01,-0.15,-0.65,0.17,-0.31
2007-04-01,-0.16,-1.05,0.24,-0.07
2007-05-01,-0.39,-1.47,0.01,-0.06
2007-06-01,-0.16,-1.40,-0.08,0.12
2007-07-01,-0.37,-0.94,-0.18,-0.02
2007-08-01,-0.57,-1.36,-0.33,-0.04
2007-09-01,-1.04,-1.34,-0.27,0.12
2007-10-01,-1.41,-1.65,-0.19,-0.11
2007-11-01,-1.58,-1.95,-0.07,-0.08
2007-12-01,-1.61,-1.63,-0.21,-0.06
2008-01-01,-1.79,-0.80,-0.10,-0.14
2008-02-01,-1.70,-0.16,-0.00,0.09
2008-03-01,-1.17,0.33,0.12,0.25
2008-04-01,-0.89,0.50,-0.06,0.33
2008-05-01,-0.64,-0.32,0.07,0.47
2008-06-01,-0.44,0.26,0.15,0.39
2008-07-01,-0.04,0.47,0.17,0.40
2008-08-01,-0.04,0.67,0.12,0.31
2008-09-01,-0.28,0.32,0.20,0.13
2008-10-01,-0.30,-0.17,0.01,0.05
2008-11-01,-0.37,-0.21,-0.04,0.13
2008-12-01,-0.90,-0.33,-0.03,0.15
2009-01-01,-1.00,-0.17,-0.17,0.11
2009-02-01,-0.71,-0.31,-0.55,0.08
2009-03-01,-0.72,-0.85,-0.49,0.20
2009-04-01,-0.25,0.00,-0.47,0.21
2009-05-01,0.17,0.17,-0.43,0.44
2009-06-01,0.49,0.54,-0.19,0.28
2009-07-01,0.69,0.70,0.17,0.14
2009-08-01,0.62,0.66,0.07,0.04
2009-09-01,0.68,0.22,-0.03,0.04
2009-10-01,0.96,0.22,0.20,0.23
2009-11-01,1.49,0.14,0.20,0.11
2009-12-01,1.81,0.49,0.25,0.43
2010-01-01,1.43,0.36,0.55,0.46
2010-02-01,1.18,0.04,0.90,0.41
2010-03-01,1.07,-0.04,1.12,0.54
2010-04-01,0.56,0.51,1.25,0.37
2010-05-01,-0.15,0.39,1.15,0.27
2010-06-01,-0.62,0.14,0.87,0.54
2010-07-01,-0.89,-1.05,0.74,0.35
2010-08-01,-1.33,-1.23,0.63,0.29
2010-09-01,-1.56,-1.29,0.37,0.08
2010-10-01,-1.65,-1.53,0.35,0.21
2010-11-01,-1.57,-1.39,0.39,0.22
2010-12-01,-1.63,-1.03,0.67,0.15
2011-01-01,-1.70,-0.61,0.73,0.12
2011-02-01,-1.26,0.07,0.35,0.32
2011-03-01,-0.98,-0.43,0.25,0.38
2011-04-01,-0.74,-0.05,0.17,0.18
2011-05-01,-0.53,0.25,0.20,-0.04
2011-06-01,-0.25,0.36,0.35,-0.11
2011-07-01,-0.23,0.27,0.15,0.02
2011-08-01,-0.66,-0.20,0.15,0.00
2011-09-01,-0.76,-1.01,-0.01,0.09
2011-10-01,-0.93,-0.71,0.02,0.06
2011-11-01,-1.09,-0.80,-0.10,-0.23
2011-12-01,-1.05,-0.68,-0.06,-0.74
2012-01-01,-0.93,-0.39,-0.09,-0.66
2012-02-01,-0.61,0.40,-0.19,-0.78
2012-03-01,-0.48,-0.02,-0.41,-0.43
2012-04-01,-0.29,0.48,-0.33,-0.64
2012-05-01,-0.18,0.43,-0.11,-0.38
2012-06-01,0.14,0.99,0.07,-0.27
2012-07-01,0.44,0.82,0.02,-0.29
2012-08-01,0.66,0.27,0.19,-0.28
2012-09-01,0.44,0.04,0.34,-0.13
2012-10-01,0.23,-0.39,0.35,-0.19
2012-11-01,0.33,-0.46,0.44,-0.16
2012-12-01,-0.13,-0.61,0.26,-0.09
2013-01-01,-0.42,-0.70,0.19,0.05
2013-02-01,-0.40,-0.32,0.22,-0.02
2013-03-01,-0.14,-0.38,0.55,-0.09
2013-04-01,-0.08,-1.32,0.37,0.04
2013-05-01,-0.28,-1.44,0.44,0.13
2013-06-01,-0.33,-1.44,0.07,-0.03
2013-07-01,-0.28,-1.36,0.06,-0.03
2013-08-01,-0.29,-0.76,0.22,0.05
2013-09-01,-0.09,-0.77,0.23,-0.12
2013-10-01,-0.24,-0.16,0.23,-0.18
2013-11-01,-0.02,-0.50,0.02,-0.26
2013-12-01,-0.09,-0.25,-0.02,-0.16
2014-01-01,-0.42,0.37,-0.12,-0.23
2014-02-01,-0.45,-0.67,-0.25,-0.05
2014-03-01,-0.07,-0.51,-0.50,-0.13
2014-04-01,0.28,-0.25,-0.36,-0.08
2014-05-01,0.45,0.74,-0.27,0.14
2014-06-01,0.48,1.17,-0.29,0.15
2014-07-01,0.13,1.04,-0.13,-0.09
2014-08-01,0.14,0.67,-0.10,0.05
2014-09-01,0.37,0.15,0.13,0.11
2014-10-01,0.48,0.34,0.13,-0.06
2014-11-01,0.89,0.57,0.04,-0.50
2014-12-01,0.77,0.14,0.05,-0.38
2015-01-01,0.59,-0.16,-0.08,0.10
2015-02-01,0.57,-0.62,-0.06,0.15
2015-03-01,0.48,-0.01,-0.27,-0.11
2015-04-01,0.90,0.64,-0.40,0.05
2015-05-01,1.04,1.59,-0.13,0.11
2015-06-01,1.28,2.19,-0.31,0.07
2015-07-01,1.56,2.32,-0.12,-0.19
2015-08-01,1.87,2.08,0.09,-0.31
2015-09-01,2.01,2.48,0.35,-0.19
2015-10-01,2.21,2.38,0.51,0.06
2015-11-01,2.57,2.21,0.18,0.19
2015-12-01,2.56,2.09,0.13,0.44
2016-01-01,2.56,1.82,0.25,0.47
2016-02-01,2.11,1.09,0.28,0.32
2016-03-01,1.60,1.10,0.24,0.25
2016-04-01,1.05,0.29,0.17,0.08
2016-05-01,0.45,0.45,0.18,0.01
2016-06-01,0.06,0.52,0.15,0.37
2016-07-01,-0.25,-0.06,0.10,0.37
2016-08-01,-0.48,0.19,0.15,0.33
2016-09-01,-0.46,0.25,0.01,0.11
2016-10-01,-0.75,-0.03,0.12,0.24
2016-11-01,-0.63,-0.08,0.15,0.10
2016-12-01,-0.51,0.02,0.23,0.41
2017-01-01,-0.34,0.33,0.24,0.25
2017-02-01,-0.01,0.93,0.06,-0.18
2017-03-01,-0.09,1.56,-0.03,-0.06
2017-04-01,0.22,0.49,0.31,0.09
2017-05-01,0.30,0.25,0.38,0.12
2017-06-01,0.22,0.20,0.35,0.26
2017-07-01,0.22,-0.46,0.32,0.10
2017-08-01,-0.18,-0.76,0.33,0.39
2017-09-01,-0.56,-1.28,0.15,0.12
2017-10-01,-0.52,-1.32,0.03,0.19
2017-11-01,-0.84,-1.44,0.22,0.02
2017-12-01,-0.85,-1.54,0.25,-0.09
2018-01-01,-0.86,-1.25,0.03,0.29
2018-02-01,-0.73,-0.43,-0.27,-0.27
2018-03-01,-0.73,-1.30,-0.13,-0.18
2018-04-01,-0.36,-0.81,-0.33,-0.03
2018-05-01,-0.12,-0.46,-0.60,-0.07
2018-06-01,0.12,-0.47,-0.72,0.15
2018-07-01,0.27,-0.08,-0.48,0.12
2018-08-01,0.05,-0.54,-0.32,0.21
2018-09-01,0.30,0.12,-0.04,0.21
2018-10-01,0.84,0.30,-0.13,0.31
2018-11-01,1.00,0.69,-0.32,0.21
2018-12-01,0.97,0.79,-0.33,0.40
2019-01-01,0.51,0.67,-0.17,0.41
2019-02-01,0.62,0.66,-0.04,0.41
2019-03-01,0.81,-0.18,-0.15,0.67
2019-04-01,0.67,0.36,-0.17,0.34
2019-05-01,0.61,0.24,-0.08,0.31
2019-06-01,0.66,-0.11,0.06,0.27
2019-07-01,0.41,-0.36,0.09,0.24
2019-08-01,0.19,-0.29,0.09,0.22
2019-09-01,0.11,-0.68,0.20,0.33
2019-10-01,0.55,-0.71,0.01,0.25
2019-11-01,0.74,0.02,-0.05,0.87
2019-12-01,0.51,-0.19,-0.04,0.80
2020-01-01,0.64,-0.12,0.01,0.95
2020-02-01,0.48,-0.03,0.32,0.57
2020-03-01,0.36,-0.44,0.58,0.31
2020-04-01,0.49,0.03,0.46,0.41
2020-05-01,-0.12,-0.24,0.32,0.53
2020-06-01,-0.21,-0.43,0.47,0.29
2020-07-01,-0.04,-1.09,0.38,0.29
2020-08-01,-0.42,-0.43,0.25,0.30
2020-09-01,-0.66,-0.85,0.15,0.09
2020-10-01,-1.19,-0.99,0.19,0.17
2020-11-01,-1.01,-0.87,0.08,-0.06
2020-12-01,-0.98,-0.76,0.17,-0.38
2021-01-01,-1.04,-0.58,0.27,-0.12
2021-02-01,-0.94,-0.74,0.23,-0.33
2021-03-01,-0.72,-0.50,-0.01,-0.21
2021-04-01,-0.55,-0.96,0.16,0.06
2021-05-01,-0.41,-0.73,0.04,0.41
2021-06-01,-0.06,0.08,-0.10,0.58
2021-07-01,-0.20,-0.14,-0.02,0.86
2021-08-01,-0.38,-0.17,-0.07,0.72
2021-09-01,-0.50,-0.29,0.16,0.43
2021-10-01,-0.78,-0.60,0.03,0.42
2021-11-01,-0.88,-0.98,0.11,0.32
2021-12-01,-1.07,-1.29,0.16,0.00
2022-01-01,-0.77,-0.90,0.36,0.14
2022-02-01,-0.68,-1.14,0.39,0.46
2022-03-01,-0.84,-0.59,-0.07,0.22
2022-04-01,-0.90,-1.04,-0.11,0.15
2022-05-01,-1.02,-1.04,0.14,0.01
2022-06-01,-0.77,-0.82,0.23,0.30
2022-07-01,-0.56,-0.54,0.05,0.08
2022-08-01,-0.96,-0.23,0.14,0.18
2022-09-01,-1.06,-0.77,0.25,0.20
2022-10-01,-0.99,-1.37,0.08,0.30
2022-11-01,-0.76,-0.92,0.02,0.33
2022-12-01,-0.86,-0.67,0.18,0.34
2023-01-01,-0.78,-0.35,0.23,0.49
2023-02-01,-0.62,-0.14,0.04,0.28
2023-03-01,-0.13,1.00,0.49,0.14
2023-04-01,0.24,2.50,0.62,0.19
2023-05-01,0.47,1.69,0.83,0.44
2023-06-01,0.95,2.39,1.17,0.26
2023-07-01,1.20,2.45,1.14,0.28
2023-08-01,1.56,2.55,1.02,0.30
2023-09-01,1.65,2.04,1.06,0.25
2023-10-01,1.59,1.80,0.89,0.19
2023-11-01,2.01,1.94,0.78,0.73
2023-12-01,1.81,1.37,0.88,1.05
2024-01-01,1.71,1.14,1.17,0.99
2024-02-01,1.47,1.08,1.41,1.14
2024-03-01,1.10,-0.06,1.21,1.33
2024-04-01,0.93,-0.11,1.17,1.10
2024-05-01,0.41,-0.41,1.22,0.82
2024-06-01,0.25,-0.48,1.09,0.54
2024-07-01,0.20,-0.44,0.87,0.33
2024-08-01,0.02,-0.62,0.79,0.19
2024-09-01,-0.11,-0.58,0.66,0.30
2024-10-01,-0.24,-0.47,0.61,0.28
2024-11-01,-0.05,-0.14,0.67,0.22
