modelo,bloco,mes_alvo,ano,mes,regiao,n,sse,soma_erro,soma_erro_absoluto,sse_area,peso_area
controle,A,2015-01-01,2015,1,dominio_inteiro,78561,311447.61327685846,16034.311256903882,98438.9834220892,291615.92328410875,67475.78503925544
controle,A,2015-01-01,2015,1,lat_menor_que_menos35,26100,27489.242779024455,266.8309170844815,18286.548082061,18616.99758465744,17451.68248953376
controle,A,2015-01-01,2015,1,lat_menos35_a_menos15,20880,121536.50337077354,21093.029337285967,32544.611482358858,111952.02032782727,18808.59412325443
controle,A,2015-01-01,2015,1,lat_maior_igual_menos15,31581,162421.86712706045,-5325.548997466569,47607.823857669355,161046.90537162402,31215.50842646724
controle,A,2015-02-01,2015,2,dominio_inteiro,78561,189938.32878448092,-10374.329332921474,76203.4409747645,171599.54233619248,67475.78503925544
controle,A,2015-02-01,2015,2,lat_menor_que_menos35,26100,39534.5949164056,1704.9783926190944,23183.457821634107,29079.577100518687,17451.68248953376
controle,A,2015-02-01,2015,2,lat_menos35_a_menos15,20880,65233.32496651152,-7389.48609749055,21792.99861292376,57736.5049969021,18808.59412325443
controle,A,2015-02-01,2015,2,lat_maior_igual_menos15,31581,85170.4089015638,-4689.821628050019,31226.98454020664,84783.4602387717,31215.50842646724
controle,A,2015-03-01,2015,3,dominio_inteiro,78561,232279.6059385542,-16514.434233287757,84902.04065201133,216900.1688550869,67475.78503925544
controle,A,2015-03-01,2015,3,lat_menor_que_menos35,26100,33641.187735481035,3993.6695830754943,20453.362644356097,23388.98241655219,17451.68248953376
controle,A,2015-03-01,2015,3,lat_menos35_a_menos15,20880,40774.08548245442,509.46368780182695,20093.1755798144,36235.23153444992,18808.59412325443
controle,A,2015-03-01,2015,3,lat_maior_igual_menos15,31581,157864.33272061875,-21017.567504165072,44355.502427840845,157275.95490408476,31215.50842646724
controle,A,2015-04-01,2015,4,dominio_inteiro,78561,192999.24560436158,7238.0222332502635,81165.74125646576,179606.2142008349,67475.78503925544
controle,A,2015-04-01,2015,4,lat_menor_que_menos35,26100,22533.571259585817,3063.371779691206,18135.89687617052,16334.068129884494,17451.68248953376
controle,A,2015-04-01,2015,4,lat_menos35_a_menos15,20880,62406.12876821514,2860.571314000804,23797.846849233334,55902.76410455923,18808.59412325443
controle,A,2015-04-01,2015,4,lat_maior_igual_menos15,31581,108059.54557656065,1314.079139558256,39231.997531061905,107369.3819663912,31215.50842646724
controle,A,2015-05-01,2015,5,dominio_inteiro,78561,268138.779512271,-15976.926299764466,85977.12979189752,251296.7921663675,67475.78503925544
controle,A,2015-05-01,2015,5,lat_menor_que_menos35,26100,43618.9800289678,-6874.729473057813,20391.358181476375,30659.96935157581,17451.68248953376
controle,A,2015-05-01,2015,5,lat_menos35_a_menos15,20880,25985.616675953854,-827.6015136500041,16031.59354599219,23266.43680276782,18808.59412325443
controle,A,2015-05-01,2015,5,lat_maior_igual_menos15,31581,198534.18280734934,-8274.595313056643,49554.17806442894,197370.38601202387,31215.50842646724
controle,A,2015-06-01,2015,6,dominio_inteiro,78561,226880.12796840575,-3825.7744428138717,75950.18933212748,208290.41473854316,67475.78503925544
controle,A,2015-06-01,2015,6,lat_menor_que_menos35,26100,46581.58911150116,-335.59279049349243,23551.6153502018,32670.277723334653,17451.68248953376
controle,A,2015-06-01,2015,6,lat_menos35_a_menos15,20880,27601.033297649057,9116.29781882311,15541.718381304116,23794.510828685627,18808.59412325443
controle,A,2015-06-01,2015,6,lat_maior_igual_menos15,31581,152697.50555925554,-12606.479471143488,36856.855600621566,151825.6261865229,31215.50842646724
controle,A,2015-07-01,2015,7,dominio_inteiro,78561,266699.3940142251,-36126.709606755016,78309.31218114066,245835.07093321666,67475.78503925544
controle,A,2015-07-01,2015,7,lat_menor_que_menos35,26100,44242.5114979699,-11552.002190266405,22647.190661741144,32076.338621191295,17451.68248953376
controle,A,2015-07-01,2015,7,lat_menos35_a_menos15,20880,60671.05800437712,-6333.258918813844,19577.16059869561,53044.73940840943,18808.59412325443
controle,A,2015-07-01,2015,7,lat_maior_igual_menos15,31581,161785.82451187808,-18241.448497674755,36084.96092070391,160713.99290361593,31215.50842646724
controle,A,2015-08-01,2015,8,dominio_inteiro,78561,200655.40983215097,-15378.906528414253,75566.38926147646,181753.8190337896,67475.78503925544
controle,A,2015-08-01,2015,8,lat_menor_que_menos35,26100,43070.026198369815,-18183.757016058044,22838.948675216474,31358.470676555073,17451.68248953376
controle,A,2015-08-01,2015,8,lat_menos35_a_menos15,20880,47003.358923310436,2826.8486285552713,20572.423305139095,40723.289010569104,18808.59412325443
controle,A,2015-08-01,2015,8,lat_maior_igual_menos15,31581,110582.02471047071,-21.99814091148255,32155.017281120898,109672.0593466654,31215.50842646724
controle,A,2015-09-01,2015,9,dominio_inteiro,78561,189718.13960853886,10089.403238917828,77819.05280018518,176497.2897969414,67475.78503925544
controle,A,2015-09-01,2015,9,lat_menor_que_menos35,26100,25316.410264790597,1130.9291869223562,18647.473647745475,18255.227999091054,17451.68248953376
controle,A,2015-09-01,2015,9,lat_menos35_a_menos15,20880,42508.132449654695,-4187.229580793087,20267.870129883726,37503.857526352884,18808.59412325443
controle,A,2015-09-01,2015,9,lat_maior_igual_menos15,31581,121893.59689409356,13145.70363278856,38903.70902255597,120738.20427149744,31215.50842646724
controle,A,2015-10-01,2015,10,dominio_inteiro,78561,154113.7871125156,16273.614325485794,70900.18355627901,142431.4243698663,67475.78503925544
controle,A,2015-10-01,2015,10,lat_menor_que_menos35,26100,21582.6604419782,-1018.1721607113934,17441.03679519942,15322.744746963774,17451.68248953376
controle,A,2015-10-01,2015,10,lat_menos35_a_menos15,20880,39206.11746522622,7517.197563237991,19466.35997035018,34655.49166536274,18808.59412325443
controle,A,2015-10-01,2015,10,lat_maior_igual_menos15,31581,93325.00920531119,9774.5889229592,33992.786790729406,92453.18795753976,31215.50842646724
controle,A,2015-11-01,2015,11,dominio_inteiro,78561,166555.3704416224,3789.367565087613,68336.73260711948,156960.2900950071,67475.78503925544
controle,A,2015-11-01,2015,11,lat_menor_que_menos35,26100,10584.4218025242,2827.8062180620736,12572.535553174623,7531.173210055829,17451.68248953376
controle,A,2015-11-01,2015,11,lat_menos35_a_menos15,20880,61642.366059556975,-5520.744805713692,22481.437328865737,55901.90374315297,18808.59412325443
controle,A,2015-11-01,2015,11,lat_maior_igual_menos15,31581,94328.58257954122,6482.306152739233,33282.759725079144,93527.21314179827,31215.50842646724
controle,A,2015-12-01,2015,12,dominio_inteiro,78561,317231.8885608965,16594.8878707883,90803.56596011487,300267.49139594054,67475.78503925544
controle,A,2015-12-01,2015,12,lat_menor_que_menos35,26100,23358.53503358673,-5063.542076996621,15421.835922135702,17109.39602866769,17451.68248953376
controle,A,2015-12-01,2015,12,lat_menos35_a_menos15,20880,103822.39091171112,12448.360863460042,30650.71299942352,94611.42826162947,18808.59412325443
controle,A,2015-12-01,2015,12,lat_maior_igual_menos15,31581,190050.9626155987,9210.069084324885,44731.01703855564,188546.6671056434,31215.50842646724
controle,A,2016-01-01,2016,1,dominio_inteiro,78561,476380.32888963463,-10783.986830531298,115472.94647697605,447341.9460160738,67475.78503925544
controle,A,2016-01-01,2016,1,lat_menor_que_menos35,26100,32758.74590025425,-777.3868987177407,19187.35338244508,22767.92839042666,17451.68248953376
controle,A,2016-01-01,2016,1,lat_menos35_a_menos15,20880,169372.6744023778,-11217.341333633942,38589.271831614446,153600.52627694886,18808.59412325443
controle,A,2016-01-01,2016,1,lat_maior_igual_menos15,31581,274248.9085870026,1210.7414018203876,57696.32126291653,270973.4913486983,31215.50842646724
controle,A,2016-02-01,2016,2,dominio_inteiro,78561,187070.03633909134,-3735.9339307335413,78553.30266595609,172657.56222996642,67475.78503925544
controle,A,2016-02-01,2016,2,lat_menor_que_menos35,26100,28115.77039830516,-9404.324840340953,19362.36033872678,19149.14859580796,17451.68248953376
controle,A,2016-02-01,2016,2,lat_menos35_a_menos15,20880,48874.63558815674,3668.6451460482135,20962.002860059216,44303.107444466375,18808.59412325443
controle,A,2016-02-01,2016,2,lat_maior_igual_menos15,31581,110079.63035262942,1999.7457635591982,38228.939467170094,109205.30618969211,31215.50842646724
controle,A,2016-03-01,2016,3,dominio_inteiro,78561,357450.120798302,-5252.304144089854,101658.34035523354,335804.9942447408,67475.78503925544
controle,A,2016-03-01,2016,3,lat_menor_que_menos35,26100,42091.832907767246,7098.33938145697,25394.12651549014,30432.483966721582,17451.68248953376
controle,A,2016-03-01,2016,3,lat_menos35_a_menos15,20880,74346.45456480078,5470.382711701943,26313.423056838717,65338.37473598454,18808.59412325443
controle,A,2016-03-01,2016,3,lat_maior_igual_menos15,31581,241011.83332573398,-17821.026237248767,49950.79078290469,240034.1355420347,31215.50842646724
controle,A,2016-04-01,2016,4,dominio_inteiro,78561,291287.630157,-7721.495626246556,93094.09699761734,267534.5632373051,67475.78503925544
controle,A,2016-04-01,2016,4,lat_menor_que_menos35,26100,42954.79593967436,-4106.549325075359,21532.478979937358,30967.793218628278,17451.68248953376
controle,A,2016-04-01,2016,4,lat_menos35_a_menos15,20880,84956.87520112935,498.9761824104412,26459.439101327574,73912.18496707355,18808.59412325443
controle,A,2016-04-01,2016,4,lat_maior_igual_menos15,31581,163375.95901619623,-4113.922483581635,45102.1789163524,162654.5850516033,31215.50842646724
controle,A,2016-05-01,2016,5,dominio_inteiro,78561,276965.44639823143,29585.732687245138,93165.61189821472,239939.54713901164,67475.78503925544
controle,A,2016-05-01,2016,5,lat_menor_que_menos35,26100,99454.40317446031,26342.617831336443,34404.02699350493,67060.84269998733,17451.68248953376
controle,A,2016-05-01,2016,5,lat_menos35_a_menos15,20880,32053.880164991606,-1445.5895638181332,17369.243201944362,28223.708949210184,18808.59412325443
controle,A,2016-05-01,2016,5,lat_maior_igual_menos15,31581,145457.16305877958,4688.704419726824,41392.34170276541,144654.99548981414,31215.50842646724
controle,A,2016-06-01,2016,6,dominio_inteiro,78561,234972.4662311477,35508.023878641594,84490.75738920737,205851.14149458302,67475.78503925544
controle,A,2016-06-01,2016,6,lat_menor_que_menos35,26100,84094.6112558998,22429.342032785964,30158.159434152698,61706.09812015564,17451.68248953376
controle,A,2016-06-01,2016,6,lat_menos35_a_menos15,20880,51914.46985970053,857.869433712265,21842.794081231506,45801.08458743061,18808.59412325443
controle,A,2016-06-01,2016,6,lat_maior_igual_menos15,31581,98963.38511554738,12220.812412143361,32489.803873823163,98343.95878699675,31215.50842646724
controle,A,2016-07-01,2016,7,dominio_inteiro,78561,160872.23572142932,3415.8788496017232,68494.18472456871,147036.2588072706,67475.78503925544
controle,A,2016-07-01,2016,7,lat_menor_que_menos35,26100,39171.85432486285,2515.050889643034,23426.55854382894,28332.26316026576,17451.68248953376
controle,A,2016-07-01,2016,7,lat_menos35_a_menos15,20880,15551.965714889944,394.98265290921927,11866.695330922292,13401.032826122939,18808.59412325443
controle,A,2016-07-01,2016,7,lat_maior_igual_menos15,31581,106148.41568167653,505.8453070494684,33200.93084981747,105302.96282088192,31215.50842646724
controle,A,2016-08-01,2016,8,dominio_inteiro,78561,163508.5121592101,11796.516997427998,66661.86504105927,151440.19243585228,67475.78503925544
controle,A,2016-08-01,2016,8,lat_menor_que_menos35,26100,30130.257305638173,2183.291493226758,18728.306933099662,22026.961955510404,17451.68248953376
controle,A,2016-08-01,2016,8,lat_menos35_a_menos15,20880,25057.311731029567,-5164.015958501288,15053.706762774222,22196.72613697966,18808.59412325443
controle,A,2016-08-01,2016,8,lat_maior_igual_menos15,31581,108320.94312254233,14777.241462702526,32879.85134518539,107216.50434336219,31215.50842646724
controle,A,2016-09-01,2016,9,dominio_inteiro,78561,174204.30080344717,12978.913278840719,75505.94907400555,158545.46150447626,67475.78503925544
controle,A,2016-09-01,2016,9,lat_menor_que_menos35,26100,33251.698614968525,9517.892588546034,22706.18074535435,22560.209237095896,17451.68248953376
controle,A,2016-09-01,2016,9,lat_menos35_a_menos15,20880,34080.81333597549,9383.5521097805,17212.607221613223,30207.405040179096,18808.59412325443
controle,A,2016-09-01,2016,9,lat_maior_igual_menos15,31581,106871.78885250316,-5922.531419485815,35587.161107037966,105777.84722720124,31215.50842646724
controle,A,2016-10-01,2016,10,dominio_inteiro,78561,167364.17670117258,1542.2836461782604,65873.19455562193,156053.6684058862,67475.78503925544
controle,A,2016-10-01,2016,10,lat_menor_que_menos35,26100,23622.453289285146,2449.527280578584,17626.561353315614,17052.57902678073,17451.68248953376
controle,A,2016-10-01,2016,10,lat_menos35_a_menos15,20880,30431.10832362547,-506.86338567226085,15502.896993022245,27129.666363870896,18808.59412325443
controle,A,2016-10-01,2016,10,lat_maior_igual_menos15,31581,113310.61508826195,-400.38024872806227,32743.736209284056,111871.42301523457,31215.50842646724
controle,A,2016-11-01,2016,11,dominio_inteiro,78561,257403.1917392793,4916.805992554044,81512.39392183343,246612.05904115638,67475.78503925544
controle,A,2016-11-01,2016,11,lat_menor_que_menos35,26100,18260.243071593904,-4563.135865501325,16355.84010768604,12831.614554157572,17451.68248953376
controle,A,2016-11-01,2016,11,lat_menos35_a_menos15,20880,27901.85243215464,4796.810713757639,16008.949825816544,25321.472373918135,18808.59412325443
controle,A,2016-11-01,2016,11,lat_maior_igual_menos15,31581,211241.0962355308,4683.131144297728,49147.60398833084,208458.9721130807,31215.50842646724
controle,A,2016-12-01,2016,12,dominio_inteiro,78561,211401.0460888794,-10113.04721879453,82966.0721576491,199979.08683947654,67475.78503925544
controle,A,2016-12-01,2016,12,lat_menor_que_menos35,26100,20245.136669688312,-2324.754945482189,15676.848795217527,14315.843038466304,17451.68248953376
controle,A,2016-12-01,2016,12,lat_menos35_a_menos15,20880,45129.814608584704,9642.244853451777,21152.144551477624,40684.84816584781,18808.59412325443
controle,A,2016-12-01,2016,12,lat_maior_igual_menos15,31581,146026.09481060636,-17430.53712676412,46137.07881095396,144978.39563516242,31215.50842646724
sst_8pcs,A,2015-01-01,2015,1,dominio_inteiro,78561,303110.24254699383,16972.385339225486,97700.90786150986,283237.4208464097,67475.78503925544
sst_8pcs,A,2015-01-01,2015,1,lat_menor_que_menos35,26100,28364.602451635063,830.1089015029221,18345.972882336737,19147.075846978638,17451.68248953376
sst_8pcs,A,2015-01-01,2015,1,lat_menos35_a_menos15,20880,117171.16404209119,19947.19822515088,32043.342176903727,107871.98481913708,18808.59412325443
sst_8pcs,A,2015-01-01,2015,1,lat_maior_igual_menos15,31581,157574.47605326754,-3804.9217874283204,47311.592802269384,156218.36018029397,31215.50842646724
sst_8pcs,A,2015-02-01,2015,2,dominio_inteiro,78561,193056.58089379474,-12055.678542170144,76877.05561718692,174520.34525918838,67475.78503925544
sst_8pcs,A,2015-02-01,2015,2,lat_menor_que_menos35,26100,38647.97815518121,2012.982083470947,23055.142757578884,28428.091602271867,17451.68248953376
sst_8pcs,A,2015-02-01,2015,2,lat_menos35_a_menos15,20880,69843.4490995972,-9453.97121575104,22554.34182993097,61923.098861621846,18808.59412325443
sst_8pcs,A,2015-02-01,2015,2,lat_maior_igual_menos15,31581,84565.15363901634,-4614.689409890051,31267.57102967706,84169.15479529467,31215.50842646724
sst_8pcs,A,2015-03-01,2015,3,dominio_inteiro,78561,229359.89115693694,-17687.76367477383,84192.67450773127,214520.7387597539,67475.78503925544
sst_8pcs,A,2015-03-01,2015,3,lat_menor_que_menos35,26100,32385.627624581008,4343.822028496117,20344.285129257332,22573.107804050316,17451.68248953376
sst_8pcs,A,2015-03-01,2015,3,lat_menos35_a_menos15,20880,39915.888519173444,-235.0488735754567,19805.99555645568,35468.124439313855,18808.59412325443
sst_8pcs,A,2015-03-01,2015,3,lat_maior_igual_menos15,31581,157058.37501318246,-21796.536829694483,44042.393822018246,156479.50651638975,31215.50842646724
sst_8pcs,A,2015-04-01,2015,4,dominio_inteiro,78561,194843.2695056951,8421.794601415811,81331.69862649319,181463.6098896164,67475.78503925544
sst_8pcs,A,2015-04-01,2015,4,lat_menor_que_menos35,26100,22427.509893508366,2971.9947593433426,18099.33719664752,16260.402362086228,17451.68248953376
sst_8pcs,A,2015-04-01,2015,4,lat_menos35_a_menos15,20880,62673.892614886565,2295.423786931252,23714.72018598076,56151.76301495996,18808.59412325443
sst_8pcs,A,2015-04-01,2015,4,lat_maior_igual_menos15,31581,109741.8669973002,3154.3760551412192,39517.6412438649,109051.4445125702,31215.50842646724
sst_8pcs,A,2015-05-01,2015,5,dominio_inteiro,78561,271060.37913680356,-16669.797865037905,86518.72923712118,254754.99637272206,67475.78503925544
sst_8pcs,A,2015-05-01,2015,5,lat_menor_que_menos35,26100,41822.14084884911,-6627.796353038079,20197.940127971648,29447.85641306197,17451.68248953376
sst_8pcs,A,2015-05-01,2015,5,lat_menos35_a_menos15,20880,26548.888902029157,-1830.5251520622674,16171.919773527796,23811.96444284836,18808.59412325443
sst_8pcs,A,2015-05-01,2015,5,lat_maior_igual_menos15,31581,202689.34938592525,-8211.476359937553,50148.86933562173,201495.17551681175,31215.50842646724
sst_8pcs,A,2015-06-01,2015,6,dominio_inteiro,78561,213003.19467812864,-3584.8564490502326,72822.49525128913,196100.9368135206,67475.78503925544
sst_8pcs,A,2015-06-01,2015,6,lat_menor_que_menos35,26100,42022.22219223881,-1159.9114941151183,22583.455708807945,29421.746945816216,17451.68248953376
sst_8pcs,A,2015-06-01,2015,6,lat_menos35_a_menos15,20880,24668.351914205556,7193.187242504007,14420.684124154714,21222.184541418796,18808.59412325443
sst_8pcs,A,2015-06-01,2015,6,lat_maior_igual_menos15,31581,146312.62057168427,-9618.132197439123,35818.355418326464,145457.00532628558,31215.50842646724
sst_8pcs,A,2015-07-01,2015,7,dominio_inteiro,78561,261548.98002930303,-34560.64726838436,77229.29062585002,240748.9019956183,67475.78503925544
sst_8pcs,A,2015-07-01,2015,7,lat_menor_que_menos35,26100,43135.198631830775,-11088.029088650499,22460.954729645706,31337.178468886264,17451.68248953376
sst_8pcs,A,2015-07-01,2015,7,lat_menos35_a_menos15,20880,64140.64973543286,-7857.145562237193,19778.979189749,56169.75972379607,18808.59412325443
sst_8pcs,A,2015-07-01,2015,7,lat_maior_igual_menos15,31581,154273.13166203938,-15615.472617496656,34989.356706455306,153241.963802936,31215.50842646724
sst_8pcs,A,2015-08-01,2015,8,dominio_inteiro,78561,195900.49745044668,-16004.381840181673,74164.61931610738,177362.60723307455,67475.78503925544
sst_8pcs,A,2015-08-01,2015,8,lat_menor_que_menos35,26100,43675.59385465569,-18788.70255621053,22904.15204570583,31914.53652072478,17451.68248953376
sst_8pcs,A,2015-08-01,2015,8,lat_menos35_a_menos15,20880,43050.704770283555,603.7784901671325,19255.070116906336,37191.84812585806,18808.59412325443
sst_8pcs,A,2015-08-01,2015,8,lat_maior_igual_menos15,31581,109174.19882550742,2180.54222586172,32005.397153495196,108256.22258649171,31215.50842646724
sst_8pcs,A,2015-09-01,2015,9,dominio_inteiro,78561,185893.50957007677,7715.777846794121,77049.13835072872,172793.23594255495,67475.78503925544
sst_8pcs,A,2015-09-01,2015,9,lat_menor_que_menos35,26100,25350.86517829406,891.1043143392047,18550.810206554244,18276.090286701477,17451.68248953376
sst_8pcs,A,2015-09-01,2015,9,lat_menos35_a_menos15,20880,41645.9136535868,-7567.290265330835,19752.02176606621,36740.596067030376,18808.59412325443
sst_8pcs,A,2015-09-01,2015,9,lat_maior_igual_menos15,31581,118896.7307381959,14391.963797785751,38746.30637810828,117776.54958882308,31215.50842646724
sst_8pcs,A,2015-10-01,2015,10,dominio_inteiro,78561,150165.4032230119,9712.161381143856,69164.2685541493,138506.20062127037,67475.78503925544
sst_8pcs,A,2015-10-01,2015,10,lat_menor_que_menos35,26100,22703.446751562624,-2254.982056953266,17450.537129210803,16204.830376257958,17451.68248953376
sst_8pcs,A,2015-10-01,2015,10,lat_menos35_a_menos15,20880,35902.526841661165,3551.2138761880383,18438.426064227497,31594.184946278845,18808.59412325443
sst_8pcs,A,2015-10-01,2015,10,lat_maior_igual_menos15,31581,91559.42962978812,8415.929561909084,33275.305360711005,90707.18529873356,31215.50842646724
sst_8pcs,A,2015-11-01,2015,11,dominio_inteiro,78561,173083.58024150316,2793.8918147146787,68895.85839631743,163231.40277610434,67475.78503925544
sst_8pcs,A,2015-11-01,2015,11,lat_menor_que_menos35,26100,10686.345495765876,2304.998859134049,12430.140662723185,7540.903249530748,17451.68248953376
sst_8pcs,A,2015-11-01,2015,11,lat_menos35_a_menos15,20880,64470.76504521788,-6902.987526254263,22660.558688877085,58587.9467956875,18808.59412325443
sst_8pcs,A,2015-11-01,2015,11,lat_maior_igual_menos15,31581,97926.46970051943,7391.880481834893,33805.159044717155,97102.55273088609,31215.50842646724
sst_8pcs,A,2015-12-01,2015,12,dominio_inteiro,78561,313208.74416884675,14224.944610539551,89760.40899185113,296461.7697009499,67475.78503925544
sst_8pcs,A,2015-12-01,2015,12,lat_menor_que_menos35,26100,22906.268300995147,-4907.891080786569,15340.145702407988,16787.682950237864,17451.68248953376
sst_8pcs,A,2015-12-01,2015,12,lat_menos35_a_menos15,20880,101053.93575817949,9320.972297465243,30193.240611912413,91835.42952795982,18808.59412325443
sst_8pcs,A,2015-12-01,2015,12,lat_maior_igual_menos15,31581,189248.5401096721,9811.86339386088,44227.02267753074,187838.65722275223,31215.50842646724
sst_8pcs,A,2016-01-01,2016,1,dominio_inteiro,78561,491720.83306736173,-9959.616063807896,117059.32439889119,461655.27777854353,67475.78503925544
sst_8pcs,A,2016-01-01,2016,1,lat_menor_que_menos35,26100,35994.03292479985,-926.183384768563,19578.134282855877,24910.19030521681,17451.68248953376
sst_8pcs,A,2016-01-01,2016,1,lat_menos35_a_menos15,20880,169707.8352220952,-11467.175075650068,38541.385838644754,154108.130715397,18808.59412325443
sst_8pcs,A,2016-01-01,2016,1,lat_maior_igual_menos15,31581,286018.9649204667,2433.742396610733,58939.804277390554,282636.9567579297,31215.50842646724
sst_8pcs,A,2016-02-01,2016,2,dominio_inteiro,78561,189858.43693796732,-3765.777608552491,78877.74469351367,175340.38746621765,67475.78503925544
sst_8pcs,A,2016-02-01,2016,2,lat_menor_que_menos35,26100,28447.583793665348,-10374.685757929648,19490.078454085775,19341.17777401058,17451.68248953376
sst_8pcs,A,2016-02-01,2016,2,lat_menos35_a_menos15,20880,47719.91433487698,2353.8691823939957,20551.075048782935,43250.82309227653,18808.59412325443
sst_8pcs,A,2016-02-01,2016,2,lat_maior_igual_menos15,31581,113690.938809425,4255.038966983162,38836.59119064495,112748.38659993053,31215.50842646724
sst_8pcs,A,2016-03-01,2016,3,dominio_inteiro,78561,345763.3968250618,-4368.348637450064,100669.83747813573,324336.23604224157,67475.78503925544
sst_8pcs,A,2016-03-01,2016,3,lat_menor_que_menos35,26100,40999.73528827916,6511.167394199072,24892.045728903082,29741.76606875213,17451.68248953376
sst_8pcs,A,2016-03-01,2016,3,lat_menos35_a_menos15,20880,75861.03066065819,5572.2712407929685,26501.048661623627,66684.13526732006,18808.59412325443
sst_8pcs,A,2016-03-01,2016,3,lat_maior_igual_menos15,31581,228902.6308761245,-16451.787272442107,49276.74308760902,227910.33470616935,31215.50842646724
sst_8pcs,A,2016-04-01,2016,4,dominio_inteiro,78561,294095.0848252008,-10434.21929222066,93019.48486040492,269548.7446834329,67475.78503925544
sst_8pcs,A,2016-04-01,2016,4,lat_menor_que_menos35,26100,44892.00256030001,-4972.804862998785,21794.122957449505,32397.309599552493,17451.68248953376
sst_8pcs,A,2016-04-01,2016,4,lat_menos35_a_menos15,20880,85728.23227228867,-605.119683609747,26282.74986811856,74390.9129493505,18808.59412325443
sst_8pcs,A,2016-04-01,2016,4,lat_maior_igual_menos15,31581,163474.8499926121,-4856.294745612126,44942.61203483683,162760.52213452995,31215.50842646724
sst_8pcs,A,2016-05-01,2016,5,dominio_inteiro,78561,274395.3242879089,23555.20937841689,91584.90168578016,237094.94450538387,67475.78503925544
sst_8pcs,A,2016-05-01,2016,5,lat_menor_que_menos35,26100,100488.0153892764,25894.86954211641,34188.388750209866,67743.99924229665,17451.68248953376
sst_8pcs,A,2016-05-01,2016,5,lat_menos35_a_menos15,20880,31602.07184156612,-2336.45190569963,17104.37488369244,27820.542200960714,18808.59412325443
sst_8pcs,A,2016-05-01,2016,5,lat_maior_igual_menos15,31581,142305.23705706635,-3.208257999884836,40292.13805187785,141530.40306212654,31215.50842646724
sst_8pcs,A,2016-06-01,2016,6,dominio_inteiro,78561,241620.45589256377,37643.534313492295,85373.0514095532,211865.721359213,67475.78503925544
sst_8pcs,A,2016-06-01,2016,6,lat_menor_que_menos35,26100,86217.8643778864,23412.194815456372,30528.929117315256,63286.99688309652,17451.68248953376
sst_8pcs,A,2016-06-01,2016,6,lat_menos35_a_menos15,20880,52679.419893262195,897.3820267117616,21999.659104640705,46493.3045246809,18808.59412325443
sst_8pcs,A,2016-06-01,2016,6,lat_maior_igual_menos15,31581,102723.17162141518,13333.957471324158,32844.46318759723,102085.41995143559,31215.50842646724
sst_8pcs,A,2016-07-01,2016,7,dominio_inteiro,78561,159152.02905881914,5790.835957326812,68660.78175695967,145247.82557436885,67475.78503925544
sst_8pcs,A,2016-07-01,2016,7,lat_menor_que_menos35,26100,39472.25293174851,2750.0994692837207,23313.71453824005,28568.663466144288,17451.68248953376
sst_8pcs,A,2016-07-01,2016,7,lat_menos35_a_menos15,20880,15851.065283212705,592.8629263645074,12024.438161757382,13675.678411344945,18808.59412325443
sst_8pcs,A,2016-07-01,2016,7,lat_maior_igual_menos15,31581,103828.71084385793,2447.873561678581,33322.629056962236,103003.48369687962,31215.50842646724
sst_8pcs,A,2016-08-01,2016,8,dominio_inteiro,78561,162668.42490423162,13999.261415298066,66373.57615072027,150809.4319843717,67475.78503925544
sst_8pcs,A,2016-08-01,2016,8,lat_menor_que_menos35,26100,29576.698771526437,3450.9377205790793,18827.662245468866,21552.98510381451,17451.68248953376
sst_8pcs,A,2016-08-01,2016,8,lat_menos35_a_menos15,20880,23493.160508864574,-4487.6409263323,14634.518490587809,20756.210985775804,18808.59412325443
sst_8pcs,A,2016-08-01,2016,8,lat_maior_igual_menos15,31581,109598.56562384058,15035.964621051287,32911.3954146636,108500.2358947814,31215.50842646724
sst_8pcs,A,2016-09-01,2016,9,dominio_inteiro,78561,174543.519062573,13339.167896412,75664.67551999826,158288.51037688952,67475.78503925544
sst_8pcs,A,2016-09-01,2016,9,lat_menor_que_menos35,26100,35004.03608337442,10150.624093399849,23034.144489842736,23725.52983352194,17451.68248953376
sst_8pcs,A,2016-09-01,2016,9,lat_menos35_a_menos15,20880,34384.42915045164,9547.290461823035,17327.393810661622,30486.776745355226,18808.59412325443
sst_8pcs,A,2016-09-01,2016,9,lat_maior_igual_menos15,31581,105155.05382874695,-6358.746658810887,35303.1372194939,104076.20379801234,31215.50842646724
sst_8pcs,A,2016-10-01,2016,10,dominio_inteiro,78561,167353.49219699076,2905.8134019127797,66167.31632819571,155507.8605621605,67475.78503925544
sst_8pcs,A,2016-10-01,2016,10,lat_menor_que_menos35,26100,25292.779938886822,3653.7107249295427,18330.342045377867,18082.22010061406,17451.68248953376
sst_8pcs,A,2016-10-01,2016,10,lat_menos35_a_menos15,20880,29707.61420496198,-1001.867386993503,15300.297466459397,26487.952517811635,18808.59412325443
sst_8pcs,A,2016-10-01,2016,10,lat_maior_igual_menos15,31581,112353.09805314195,253.97006397674045,32536.676816358446,110937.68794373481,31215.50842646724
sst_8pcs,A,2016-11-01,2016,11,dominio_inteiro,78561,272229.55523494293,8534.747245903985,83117.94042668807,261375.65705068177,67475.78503925544
sst_8pcs,A,2016-11-01,2016,11,lat_menor_que_menos35,26100,18247.996818023646,-3900.5659101747074,16339.271320942582,12851.575553987868,17451.68248953376
sst_8pcs,A,2016-11-01,2016,11,lat_menos35_a_menos15,20880,28293.005738797496,5367.315248088615,16177.177979989634,25682.883298104007,18808.59412325443
sst_8pcs,A,2016-11-01,2016,11,lat_maior_igual_menos15,31581,225688.55267812172,7067.997907990077,50601.49112575586,222841.1981985899,31215.50842646724
sst_8pcs,A,2016-12-01,2016,12,dominio_inteiro,78561,212238.42398903734,-9191.065977370386,83193.97657161445,200888.2070897291,67475.78503925544
sst_8pcs,A,2016-12-01,2016,12,lat_menor_que_menos35,26100,20020.680595222115,-2428.569866213078,15619.985038399813,14172.780154968812,17451.68248953376
sst_8pcs,A,2016-12-01,2016,12,lat_menos35_a_menos15,20880,44937.089630899456,9829.641620888115,21140.261615328614,40479.76898588495,18808.59412325443
sst_8pcs,A,2016-12-01,2016,12,lat_maior_igual_menos15,31581,147280.65376291575,-16592.137732045423,46433.72991788601,146235.6579488754,31215.50842646724
climatologia,A,2015-01-01,2015,1,dominio_inteiro,78561,312149.4281093196,28208.903654305264,99707.32546293968,292204.3065607041,67475.78503925544
climatologia,A,2015-01-01,2015,1,lat_menor_que_menos35,26100,30530.17082324761,1067.3163519725204,18755.42299681157,20678.699242484166,17451.68248953376
climatologia,A,2015-01-01,2015,1,lat_menos35_a_menos15,20880,108546.55968136714,19439.344901744276,31281.37656782614,99768.65170883675,18808.59412325443
climatologia,A,2015-01-01,2015,1,lat_maior_igual_menos15,31581,173072.69760470485,7702.242400588468,49670.525898301974,171756.95560938315,31215.50842646724
climatologia,A,2015-02-01,2015,2,dominio_inteiro,78561,194744.10696707646,-138.33887726801913,78821.23629791255,175534.5321355579,67475.78503925544
climatologia,A,2015-02-01,2015,2,lat_menor_que_menos35,26100,42061.80659655563,2676.0101874172688,23938.49206480384,30850.40059255021,17451.68248953376
climatologia,A,2015-02-01,2015,2,lat_menos35_a_menos15,20880,65696.67302764393,-8182.424511341262,21824.153298234218,58070.33259849638,18808.59412325443
climatologia,A,2015-02-01,2015,2,lat_maior_igual_menos15,31581,86985.6273428769,5368.075446655974,33058.59093487449,86613.79894451132,31215.50842646724
climatologia,A,2015-03-01,2015,3,dominio_inteiro,78561,213267.69211054698,-8999.520260943333,81857.57925353595,197969.34219763806,67475.78503925544
climatologia,A,2015-03-01,2015,3,lat_menor_que_menos35,26100,34760.51789106137,3646.9766337275505,20910.523748278618,24111.978174622625,17451.68248953376
climatologia,A,2015-03-01,2015,3,lat_menos35_a_menos15,20880,37911.76905929552,-221.03775847540237,19254.205295181135,33791.98226242978,18808.59412325443
climatologia,A,2015-03-01,2015,3,lat_maior_igual_menos15,31581,140595.40516019013,-12425.45913619548,41692.8502100762,140065.38176058567,31215.50842646724
climatologia,A,2015-04-01,2015,4,dominio_inteiro,78561,216251.20772494155,12830.605457594618,86314.20750094578,202992.77858347556,67475.78503925544
climatologia,A,2015-04-01,2015,4,lat_menor_que_menos35,26100,22275.312826726928,2588.0573678314686,17929.87242653966,16187.583884362288,17451.68248953376
climatologia,A,2015-04-01,2015,4,lat_menos35_a_menos15,20880,62028.632950069696,644.298425488174,23441.70678307861,55699.072641990555,18808.59412325443
climatologia,A,2015-04-01,2015,4,lat_maior_igual_menos15,31581,131947.26194814488,9598.249664274976,44942.628291327506,131106.12205712273,31215.50842646724
climatologia,A,2015-05-01,2015,5,dominio_inteiro,78561,334749.0189158285,-6203.289924692363,98484.1557868747,318962.7483269717,67475.78503925544
climatologia,A,2015-05-01,2015,5,lat_menor_que_menos35,26100,38784.74790449707,-5078.5259937644005,19877.353371679783,27477.698625858113,17451.68248953376
climatologia,A,2015-05-01,2015,5,lat_menos35_a_menos15,20880,29454.020494319702,-4859.345497308299,16882.449850973673,26544.523225506007,18808.59412325443
climatologia,A,2015-05-01,2015,5,lat_maior_igual_menos15,31581,266510.25051701174,3734.581566380337,61724.35256422125,264940.52647560765,31215.50842646724
climatologia,A,2015-06-01,2015,6,dominio_inteiro,78561,238464.28620658783,9248.98515542224,76011.6435988918,225779.9040330444,67475.78503925544
climatologia,A,2015-06-01,2015,6,lat_menor_que_menos35,26100,30401.595471536486,-1062.627030313015,19802.57276713848,21288.039431392142,17451.68248953376
climatologia,A,2015-06-01,2015,6,lat_menos35_a_menos15,20880,17314.782434260193,4421.009831496514,12462.229528048076,14897.350670020714,18808.59412325443
climatologia,A,2015-06-01,2015,6,lat_maior_igual_menos15,31581,190747.90830079117,5890.602354238741,43746.84130370524,189594.51393163158,31215.50842646724
climatologia,A,2015-07-01,2015,7,dominio_inteiro,78561,308947.0633916516,-24145.166838202626,83361.35061912797,286505.3122640068,67475.78503925544
climatologia,A,2015-07-01,2015,7,lat_menor_que_menos35,26100,45471.93899937726,-12322.36436522007,23022.13496118784,33068.99034427144,17451.68248953376
climatologia,A,2015-07-01,2015,7,lat_menos35_a_menos15,20880,71244.71803015134,-10628.315095733851,20060.377490632236,62547.65887897642,18808.59412325443
climatologia,A,2015-07-01,2015,7,lat_maior_igual_menos15,31581,192230.40636212294,-1194.4873772487044,40278.8381673079,190888.66304075895,31215.50842646724
climatologia,A,2015-08-01,2015,8,dominio_inteiro,78561,219914.65884839825,-10203.421165345935,78954.28989452939,199374.03616793343,67475.78503925544
climatologia,A,2015-08-01,2015,8,lat_menor_que_menos35,26100,49557.34155443202,-20364.900391459465,23761.58234834671,36746.551239784436,17451.68248953376
climatologia,A,2015-08-01,2015,8,lat_menos35_a_menos15,20880,45619.07691984135,-1846.298598308349,19686.55038906657,39136.370251073706,18808.59412325443
climatologia,A,2015-08-01,2015,8,lat_maior_igual_menos15,31581,124738.24037412487,12007.777824421879,35506.157157116104,123491.11467707533,31215.50842646724
climatologia,A,2015-09-01,2015,9,dominio_inteiro,78561,239864.71040445278,23697.18699628464,89827.4978222379,225494.0638529153,67475.78503925544
climatologia,A,2015-09-01,2015,9,lat_menor_que_menos35,26100,27653.8233076941,1829.3095400631428,19003.6602576077,19907.9154178874,17451.68248953376
climatologia,A,2015-09-01,2015,9,lat_menos35_a_menos15,20880,42928.99476407518,-9142.709236247232,19905.899813655997,37815.02843901849,18808.59412325443
climatologia,A,2015-09-01,2015,9,lat_maior_igual_menos15,31581,169281.8923326835,31010.58669246873,50917.937750974204,167771.11999600945,31215.50842646724
climatologia,A,2015-10-01,2015,10,dominio_inteiro,78561,237877.8590483204,26665.547167093813,87999.15811125297,222677.1794965514,67475.78503925544
climatologia,A,2015-10-01,2015,10,lat_menor_que_menos35,26100,29205.27870867984,-122.66057792305946,19483.435075432062,20562.864082637563,17451.68248953376
climatologia,A,2015-10-01,2015,10,lat_menos35_a_menos15,20880,41458.93486837034,2164.70235171853,19888.36530160453,36446.1607308226,18808.59412325443
climatologia,A,2015-10-01,2015,10,lat_maior_igual_menos15,31581,167213.64547127025,24623.505393298343,48627.35773421638,165668.15468309124,31215.50842646724
climatologia,A,2015-11-01,2015,11,dominio_inteiro,78561,252097.34808793664,22541.59865101427,85018.34808540315,240163.6388841615,67475.78503925544
climatologia,A,2015-11-01,2015,11,lat_menor_que_menos35,26100,11921.890717204089,4011.3765707612038,12626.816252887249,8371.496574871104,17451.68248953376
climatologia,A,2015-11-01,2015,11,lat_menos35_a_menos15,20880,79681.71413633501,-5384.012130085379,25302.35338929639,72604.92288047628,18808.59412325443
climatologia,A,2015-11-01,2015,11,lat_maior_igual_menos15,31581,160493.7432343975,23914.234210338444,47089.17844321951,159187.21942881413,31215.50842646724
climatologia,A,2015-12-01,2015,12,dominio_inteiro,78561,445907.5107011996,48648.78966302198,110556.72581818845,425442.4565116584,67475.78503925544
climatologia,A,2015-12-01,2015,12,lat_menor_que_menos35,26100,24216.915557887573,58.05804072320461,16306.929273441434,17402.10580880719,17451.68248953376
climatologia,A,2015-12-01,2015,12,lat_menos35_a_menos15,20880,125854.8671164885,8366.46211674955,33290.0929745413,114431.63916989179,18808.59412325443
climatologia,A,2015-12-01,2015,12,lat_maior_igual_menos15,31581,295835.72802682343,40224.26950554922,60959.70357020572,293608.7115329594,31215.50842646724
climatologia,A,2016-01-01,2016,1,dominio_inteiro,78561,609105.1441551499,18528.184278694913,134992.09299099818,576560.9621173741,67475.78503925544
climatologia,A,2016-01-01,2016,1,lat_menor_que_menos35,26100,49373.24692462531,3325.378714643419,21633.887139596045,33637.85711389993,17451.68248953376
climatologia,A,2016-01-01,2016,1,lat_menos35_a_menos15,20880,156618.5260066338,-14566.340904530138,36508.863419497386,143232.35365454396,18808.59412325443
climatologia,A,2016-01-01,2016,1,lat_maior_igual_menos15,31581,403113.3712238908,29769.14646858163,76849.34243190475,399690.7513489301,31215.50842646724
climatologia,A,2016-02-01,2016,2,dominio_inteiro,78561,250932.66952528516,23286.379979543504,88800.27923372958,237773.09157472846,67475.78503925544
climatologia,A,2016-02-01,2016,2,lat_menor_que_menos35,26100,22422.80141562545,-6813.650075644255,17453.118269711733,15570.211800223253,17451.68248953376
climatologia,A,2016-02-01,2016,2,lat_menos35_a_menos15,20880,50593.437118754126,1815.6080585439922,20950.773567967233,45739.46234375007,18808.59412325443
climatologia,A,2016-02-01,2016,2,lat_maior_igual_menos15,31581,177916.4309909056,28284.421996643767,50396.38739605062,176463.41743075513,31215.50842646724
climatologia,A,2016-03-01,2016,3,dominio_inteiro,78561,292165.31593030854,6503.647845135769,94739.59368187073,272901.6864685957,67475.78503925544
climatologia,A,2016-03-01,2016,3,lat_menor_que_menos35,26100,35558.518484194705,7472.402735412121,22530.902639985085,26027.936331437806,17451.68248953376
climatologia,A,2016-03-01,2016,3,lat_menos35_a_menos15,20880,74340.71573642967,1433.2629312218633,25523.678363709478,65562.74974120625,18808.59412325443
climatologia,A,2016-03-01,2016,3,lat_maior_igual_menos15,31581,182266.08170968413,-2402.017821498215,46685.012678176165,181311.00039595165,31215.50842646724
climatologia,A,2016-04-01,2016,4,dominio_inteiro,78561,328052.507256704,1530.7435496356338,100158.45633947663,300087.59105933784,67475.78503925544
climatologia,A,2016-04-01,2016,4,lat_menor_que_menos35,26100,53188.133514543224,-4156.247289150953,23092.354052454233,38204.56233801167,17451.68248953376
climatologia,A,2016-04-01,2016,4,lat_menos35_a_menos15,20880,88716.76915163264,-3252.031454272568,26029.489264300093,76685.2960292963,18808.59412325443
climatologia,A,2016-04-01,2016,4,lat_maior_igual_menos15,31581,186147.60459052812,8939.022293059155,51036.613022722304,185197.7326920299,31215.50842646724
climatologia,A,2016-05-01,2016,5,dominio_inteiro,78561,349656.33163273276,36439.57239525393,103085.41849388927,306476.3868540545,67475.78503925544
climatologia,A,2016-05-01,2016,5,lat_menor_que_menos35,26100,119328.14515362665,28445.600059092045,37354.09995537996,80553.78023549232,17451.68248953376
climatologia,A,2016-05-01,2016,5,lat_menos35_a_menos15,20880,30933.694715573714,-5033.576072869822,17288.972727978602,27275.81870306463,18808.59412325443
climatologia,A,2016-05-01,2016,5,lat_maior_igual_menos15,31581,199394.49176353237,13027.548409031704,48442.34581053071,198646.78791549758,31215.50842646724
climatologia,A,2016-06-01,2016,6,dominio_inteiro,78561,254032.5506173816,37756.14534218982,90707.79810203519,221673.1653621745,67475.78503925544
climatologia,A,2016-06-01,2016,6,lat_menor_que_menos35,26100,97290.81994210654,24471.133040487766,32523.693340718746,71516.78136485371,17451.68248953376
climatologia,A,2016-06-01,2016,6,lat_menos35_a_menos15,20880,50826.78827259774,114.28337580803782,21795.3106117025,44850.85041812736,18808.59412325443
climatologia,A,2016-06-01,2016,6,lat_maior_igual_menos15,31581,105914.94240267733,13170.728925894015,36388.79414961394,105305.53357919345,31215.50842646724
climatologia,A,2016-07-01,2016,7,dominio_inteiro,78561,169672.265647549,7424.695527520031,70250.08332901075,156747.60125545211,67475.78503925544
climatologia,A,2016-07-01,2016,7,lat_menor_que_menos35,26100,36283.073699759276,1924.2462762594223,22513.454357862473,26380.410464973836,17451.68248953376
climatologia,A,2016-07-01,2016,7,lat_menos35_a_menos15,20880,15623.635012903642,1691.690321136266,12091.039264895022,13550.713071178756,18808.59412325443
climatologia,A,2016-07-01,2016,7,lat_maior_igual_menos15,31581,117765.55693488606,3808.7589301243424,35645.58970625326,116816.47771929952,31215.50842646724
climatologia,A,2016-08-01,2016,8,dominio_inteiro,78561,153907.67658746112,11701.487968565198,64658.76098685269,142488.13672462665,67475.78503925544
climatologia,A,2016-08-01,2016,8,lat_menor_que_menos35,26100,30114.366687801303,1883.3715506792068,18664.08187508583,21994.98450407015,17451.68248953376
climatologia,A,2016-08-01,2016,8,lat_menos35_a_menos15,20880,20235.838200406968,-3104.8263540456537,13698.177338977112,17866.82826317405,18808.59412325443
climatologia,A,2016-08-01,2016,8,lat_maior_igual_menos15,31581,103557.47169925284,12922.942771931645,32296.50177278975,102626.32395738245,31215.50842646724
climatologia,A,2016-09-01,2016,9,dominio_inteiro,78561,168193.07616373646,10919.065048042452,75471.6186001075,152018.00272031047,67475.78503925544
climatologia,A,2016-09-01,2016,9,lat_menor_que_menos35,26100,35370.30323910802,10384.779053002596,23464.666693776846,24026.94313929342,17451.68248953376
climatologia,A,2016-09-01,2016,9,lat_menos35_a_menos15,20880,33577.73031667686,9270.882148640463,17277.203990100184,29789.914818009347,18808.59412325443
climatologia,A,2016-09-01,2016,9,lat_maior_igual_menos15,31581,99245.04260795155,-8736.596153600607,34729.747916230466,98201.14476300769,31215.50842646724
climatologia,A,2016-10-01,2016,10,dominio_inteiro,78561,167281.70780833502,-4264.8250710653665,65069.709529542684,156605.7433162437,67475.78503925544
climatologia,A,2016-10-01,2016,10,lat_menor_que_menos35,26100,21864.95910204776,1021.4510553777218,17110.851031810045,15960.779413196746,17451.68248953376
climatologia,A,2016-10-01,2016,10,lat_menos35_a_menos15,20880,31000.392765617424,-611.9490307277592,15718.111539366975,27657.04653838288,18808.59412325443
climatologia,A,2016-10-01,2016,10,lat_maior_igual_menos15,31581,114416.35594066983,-4674.327095715329,32240.746958365664,112987.91736466407,31215.50842646724
climatologia,A,2016-11-01,2016,11,dominio_inteiro,78561,276398.01890521304,-2672.8178528919816,84846.97066995664,264910.10998013045,67475.78503925544
climatologia,A,2016-11-01,2016,11,lat_menor_que_menos35,26100,18426.29766189284,-4601.265717446804,16309.769636332989,13032.74682647061,17451.68248953376
climatologia,A,2016-11-01,2016,11,lat_menos35_a_menos15,20880,30829.37432488549,4661.319824870676,16884.951347788563,27951.1185589957,18808.59412325443
climatologia,A,2016-11-01,2016,11,lat_maior_igual_menos15,31581,227142.34691843472,-2732.8719603158534,51652.24968583509,223926.2445946641,31215.50842646724
climatologia,A,2016-12-01,2016,12,dominio_inteiro,78561,252142.13100972946,-21853.0108740874,91606.83802908886,240052.11732349277,67475.78503925544
climatologia,A,2016-12-01,2016,12,lat_menor_que_menos35,26100,21567.91821943241,-3514.749271288514,15877.211255028844,15150.470232071093,17451.68248953376
climatologia,A,2016-12-01,2016,12,lat_menos35_a_menos15,20880,43843.57623383317,10956.315403492714,21033.657945169543,39553.535789256945,18808.59412325443
climatologia,A,2016-12-01,2016,12,lat_maior_igual_menos15,31581,186730.63655646387,-29294.577006291598,54695.96882889047,185348.11130216473,31215.50842646724
