time_alvo,time_origem,sst_lag1_pc_01_treino_fold,sst_lag1_pc_02_treino_fold,sst_lag1_pc_03_treino_fold,sst_lag1_pc_04_treino_fold,sst_lag1_pc_05_treino_fold,sst_lag1_pc_06_treino_fold,sst_lag1_pc_07_treino_fold,sst_lag1_pc_08_treino_fold
1985-01-01,1984-12-01,-4.359714,-12.15749,-3.7233803,-2.0697522,-1.3370622,1.4637176,-0.6429467,-4.524088
1985-02-01,1985-01-01,-3.5539994,-13.853325,-2.763761,-2.0376744,-4.497814,-3.8726473,-1.7766559,-6.223544
1985-03-01,1985-02-01,-3.898733,-12.654182,-0.5406848,-1.1237588,-4.8141894,-5.690195,-0.4757802,-4.154066
1985-04-01,1985-03-01,-5.7798953,-12.587294,-2.4532437,2.282888,-1.5876426,-1.5156313,3.7397397,-3.0583162
1985-05-01,1985-04-01,-6.753406,-13.662103,-2.1773667,1.2179779,0.6942336,-2.8696203,5.846497,-0.69559044
1985-06-01,1985-05-01,-6.8619976,-13.570442,-1.9818622,1.1381618,2.9836664,-4.086545,5.746434,-0.27923867
1985-07-01,1985-06-01,-3.268254,-15.419154,-3.155665,-0.103586204,0.53345,-3.152205,4.461861,-1.2033114
1985-08-01,1985-07-01,-0.23623104,-15.28828,-1.7725345,-1.6506693,0.4384302,-3.7457201,3.7158153,0.95223963
1985-09-01,1985-08-01,0.32529745,-16.402391,-3.2159176,-3.938112,3.0961554,-3.934236,6.906928,2.4092786
1985-10-01,1985-09-01,-0.083208464,-14.214785,-1.4195313,-0.55035317,1.2314521,-2.500838,5.7192674,0.5618606
1985-11-01,1985-10-01,0.32894766,-14.979976,-0.44904223,1.6885259,0.4672536,-0.43173426,6.2415004,-1.565139
1985-12-01,1985-11-01,-1.9338337,-13.799296,1.5174593,4.378115,-0.6380618,-3.181903,6.5218434,-2.5709994
1986-01-01,1985-12-01,-0.7185425,-11.670256,2.2899404,2.6009119,-2.281791,-2.9941905,4.951099,-5.199851
1986-02-01,1986-01-01,0.038384702,-12.126819,2.4000967,-0.051569436,-1.6083571,-1.3006235,2.073652,-7.4286585
1986-03-01,1986-02-01,2.7518747,-11.988491,2.0278504,-2.4087555,-4.115627,-1.574522,2.2883053,-6.310661
1986-04-01,1986-03-01,2.897471,-13.953766,4.823128,-3.9761078,-3.3287761,-2.5510957,3.1156414,-5.877753
1986-05-01,1986-04-01,2.2717273,-12.824011,4.0496254,-2.0323334,-1.6986696,-1.6519427,2.7668824,-4.607236
1986-06-01,1986-05-01,1.0580462,-11.6019745,2.4353433,-1.7353524,0.7755105,-4.4097185,0.7955163,-3.6664767
1986-07-01,1986-06-01,3.1162083,-12.20354,0.12304062,-2.28293,1.9908396,-5.1701984,0.577048,-1.5079628
1986-08-01,1986-07-01,5.906154,-12.8550005,-1.1850398,-3.0891473,-0.0067056683,-2.182425,4.134751,-1.2646524
1986-09-01,1986-08-01,7.6015863,-13.033891,0.24711242,2.0266297,0.4293619,-4.6272955,3.4040465,-1.1930904
1986-10-01,1986-09-01,9.090371,-10.99004,0.753044,2.4618707,-4.684883,-4.083217,5.0023136,-1.3877342
1986-11-01,1986-10-01,10.900339,-11.170154,1.2319471,1.2250707,-5.3123035,0.26673326,5.9912663,-6.205615
1986-12-01,1986-11-01,14.864959,-10.777941,-0.24579735,1.5321081,-2.7954388,0.793948,3.8877168,-7.631186
1987-01-01,1986-12-01,16.079336,-8.27638,-0.7014404,0.12473834,1.0167321,3.6939206,4.5797443,-6.1003985
1987-02-01,1987-01-01,14.209707,-4.6316376,-2.9725916,-3.4311655,-1.1607633,0.9516211,6.275118,-2.7600904
1987-03-01,1987-02-01,15.05783,-3.0534644,-2.943313,-3.911672,-1.5484889,-0.9238871,6.5042744,-0.6072785
1987-04-01,1987-03-01,16.137594,-0.7463751,-3.843793,-4.6231055,-1.7240599,-1.1429596,5.1260233,1.2088857
1987-05-01,1987-04-01,12.802489,-0.4615544,-5.7522464,-4.2073283,-2.1882298,-0.103481054,4.8316064,2.092419
1987-06-01,1987-05-01,14.015271,-0.7133715,-8.546305,-5.2410417,-1.2922069,-5.5235476,3.2238796,2.2806067
1987-07-01,1987-06-01,11.85588,0.320919,-10.370118,-5.8936634,-0.2970579,-9.436529,5.5702267,4.8002367
1987-08-01,1987-07-01,13.588084,1.3116862,-12.754783,-6.5796123,-2.128722,-2.2444856,8.599479,0.3152112
1987-09-01,1987-08-01,14.875121,1.3431131,-13.547993,-8.342895,-3.3298898,0.7264047,9.419185,-2.6690097
1987-10-01,1987-09-01,17.164778,1.7997528,-10.2984,-4.0951505,-1.2998525,-0.039442714,7.623113,-4.446123
1987-11-01,1987-10-01,17.259005,0.9201867,-8.507685,-3.3798237,-1.4539113,-5.3094683,0.9552211,-2.5421245
1987-12-01,1987-11-01,15.551993,1.3489274,-6.774122,-5.1873746,-1.7314632,-4.2602015,-0.49408886,-5.0838156
1988-01-01,1987-12-01,12.465785,3.0101292,-6.148934,-5.194794,-1.9533616,-1.2141179,2.3007505,-1.7925898
1988-02-01,1988-01-01,7.836951,4.7778077,-4.455699,-7.0864406,2.5990589,-1.1691178,2.1381385,-2.9710588
1988-03-01,1988-02-01,2.9474177,3.7573419,-2.4352174,-8.9241905,1.9814504,-4.631307,-1.5934986,-6.3117366
1988-04-01,1988-03-01,2.273535,3.2577665,-1.8042035,-7.8953977,-0.24017689,-6.287222,-2.3547082,-3.8735445
1988-05-01,1988-04-01,-0.59562624,0.14047065,-3.2353027,-6.706098,-1.0675906,-4.1168203,-2.5152278,-0.5176368
1988-06-01,1988-05-01,-5.7757516,-3.5269032,-4.705677,-9.6453085,0.71484125,-3.7669003,-3.9707463,-1.2285962
1988-07-01,1988-06-01,-11.382288,-7.0010514,-6.547217,-11.223301,0.8766647,-1.9866023,-5.1001487,-1.2028335
1988-08-01,1988-07-01,-12.254702,-6.864463,-5.7322526,-9.8372965,2.224129,-2.3852804,-6.0343156,-0.09422368
1988-09-01,1988-08-01,-10.700338,-7.210214,-4.6569767,-7.4610863,4.0118513,-5.126955,-1.2988825,-2.4263382
1988-10-01,1988-09-01,-9.63152,-6.901614,-5.7115536,-8.043795,2.6242728,-3.405792,-1.9910941,0.5500252
1988-11-01,1988-10-01,-12.905141,-8.452472,-3.9944544,-7.9750137,-1.4107323,-1.630007,-4.6634507,-0.6768752
1988-12-01,1988-11-01,-12.309248,-10.524717,-3.832494,-8.245223,-4.072474,1.4226173,0.3531124,-1.5738168
1989-01-01,1988-12-01,-12.607212,-9.972628,-3.12607,-5.5895586,-6.3040524,1.4589871,3.2571044,-2.6855972
1989-02-01,1989-01-01,-14.555963,-8.685744,-6.714356,-0.1499116,-1.8276845,2.9927275,2.0454144,-4.685032
1989-03-01,1989-02-01,-11.39855,-7.6163244,-5.263601,6.160509,0.22505823,3.427264,1.0647014,-5.7384205
1989-04-01,1989-03-01,-9.976194,-8.384084,-1.909651,6.7271843,1.2563963,0.43725035,-0.16645475,-5.1574683
1989-05-01,1989-04-01,-7.820783,-8.871319,-0.70672655,5.6921253,-1.3446352,0.77492076,-3.2074702,-5.8631043
1989-06-01,1989-05-01,-7.4651766,-8.748843,0.5903957,4.0359783,-0.4812886,1.5309938,-2.825274,-3.9975755
1989-07-01,1989-06-01,-4.8746305,-8.000171,-1.3700533,1.087625,-0.83398145,2.2207718,-1.8411078,-2.565361
1989-08-01,1989-07-01,-4.286589,-6.051822,-3.320434,-0.8632128,-4.5105925,0.57762307,0.08431072,-0.15906025
1989-09-01,1989-08-01,-5.543366,-5.3309126,-1.8690257,0.58948267,-5.365038,-2.4316926,0.9508692,-0.34335786
1989-10-01,1989-09-01,-4.7975645,-5.5103884,0.2176239,0.71450263,-0.86205405,-1.6266981,-0.38765052,-3.2096994
1989-11-01,1989-10-01,-3.1758962,-8.28631,0.82132393,-0.87905544,-1.7627773,-1.6265373,-1.3336082,-2.4825225
1989-12-01,1989-11-01,-2.6322114,-7.4598446,0.9387622,3.9489162,-1.1120572,-2.7909954,-1.200467,-3.2696235
1990-01-01,1989-12-01,4.389459,-7.095372,4.8959007,3.0332367,-2.9286895,-1.0144423,-0.14410843,1.051543
1990-02-01,1990-01-01,3.6687696,-7.955798,5.348882,4.561128,0.6951683,3.440664,-0.70424724,0.3847537
1990-03-01,1990-02-01,2.9926858,-2.35966,0.09875277,4.6452456,4.311115,-0.5642836,0.4128802,-1.2121583
1990-04-01,1990-03-01,0.9863623,-3.0529585,1.5192485,3.553923,4.66911,-1.8607267,-0.52136046,-1.2425176
1990-05-01,1990-04-01,3.418417,-3.8062096,4.28452,1.1775266,2.8317003,-2.6275208,-2.133167,-1.9371395
1990-06-01,1990-05-01,3.0997925,-2.5436869,4.5467124,1.1081553,1.2367876,-1.0854124,1.101668,2.2055075
1990-07-01,1990-06-01,1.8726046,-4.9700565,3.717979,-0.59401166,1.875676,-0.9367415,0.44873267,1.5759196
1990-08-01,1990-07-01,2.6255093,-4.774135,4.264641,-0.9588261,0.9592633,-4.669246,-0.497565,2.5541298
1990-09-01,1990-08-01,3.566155,-4.8606653,3.241743,-1.4902807,1.1990478,-1.8400654,0.048391458,2.765113
1990-10-01,1990-09-01,3.1650262,-4.233803,3.041265,0.33557174,0.07799453,-1.0062101,-0.824952,1.8595448
1990-11-01,1990-10-01,0.28679627,-2.710244,5.312149,1.322502,3.3787131,-2.9782872,-0.8514092,-0.014540472
1990-12-01,1990-11-01,-0.17185129,-0.94141763,6.0436916,1.3632972,4.1609745,-5.7997785,1.3863196,1.6867659
1991-01-01,1990-12-01,1.9366772,0.68887055,6.6980987,2.858074,5.5025477,-9.622395,0.0842056,1.7200413
1991-02-01,1991-01-01,4.387707,-0.8366977,9.518152,5.087064,5.474379,-7.843109,-0.24637648,0.46749318
1991-03-01,1991-02-01,3.5600345,-1.9485146,10.455958,4.4108143,2.4442499,-7.0079556,1.610811,2.514307
1991-04-01,1991-03-01,2.7160997,-2.3228984,8.206475,5.10943,4.5540533,-5.7403,1.501249,2.3911629
1991-05-01,1991-04-01,2.1342072,-0.11889833,4.9559073,5.1782556,7.605327,-3.2112634,0.9994875,-1.1840879
1991-06-01,1991-05-01,5.118549,-2.2708168,1.2374536,3.7022645,8.973667,-4.0000067,3.4345155,-1.3389093
1991-07-01,1991-06-01,7.2554264,-1.7258176,-2.8434222,4.801136,11.252626,-5.2068152,3.2839708,-0.97078097
1991-08-01,1991-07-01,8.914427,-2.9001217,-2.5365548,3.8843446,9.663162,0.7722861,4.3131504,-1.8862096
1991-09-01,1991-08-01,7.129479,-4.9957275,-1.7218742,1.7725707,5.475462,2.5748165,4.5343943,-2.0482337
1991-10-01,1991-09-01,9.436138,-5.1828003,-2.8649848,-1.2184446,2.4088817,3.7798777,4.3205943,-2.3648384
1991-11-01,1991-10-01,13.040833,-6.1608953,1.35655,2.980042,3.036913,0.90873295,1.4422725,1.1429783
1991-12-01,1991-11-01,14.209634,-4.8543787,5.9803853,3.0867467,2.1738646,3.5325456,1.1292577,3.4013429
1992-01-01,1991-12-01,15.786183,-1.9498075,2.6374586,4.0139313,4.7099805,0.65804094,0.96252036,3.6443584
1992-02-01,1992-01-01,16.016172,-0.7043172,-2.674563,4.681492,3.6265852,0.26574305,-0.9613858,6.603339
1992-03-01,1992-02-01,16.128445,-1.094915,-2.082674,5.4293885,4.185082,-0.02502195,-3.9169996,8.863977
1992-04-01,1992-03-01,16.619417,-2.5356758,-0.1645201,6.632637,5.0338387,3.015635,-5.374585,9.500841
1992-05-01,1992-04-01,18.836035,-3.9457297,-0.5002572,6.9013553,3.7391553,2.9867206,-3.7478328,9.191339
1992-06-01,1992-05-01,20.218853,-5.9682426,1.429988,6.0849195,0.88826114,2.7682855,-2.745336,11.367484
1992-07-01,1992-06-01,15.321141,-7.9054527,4.2816806,3.089533,1.2536359,4.371843,-2.6242335,9.863194
1992-08-01,1992-07-01,13.298467,-11.630308,4.42547,-3.6081889,1.2737131,3.751004,-0.55352354,7.504598
1992-09-01,1992-08-01,9.067645,-13.293359,1.8996208,-3.1353254,3.542684,4.300125,1.8281146,3.8968952
1992-10-01,1992-09-01,7.5067916,-13.891101,3.4005976,1.7359805,2.0723078,3.1225085,0.87216717,3.8616393
1992-11-01,1992-10-01,7.213336,-14.507187,4.303454,1.0650167,-2.8973114,2.3498144,0.44268376,6.5942926
1992-12-01,1992-11-01,7.913241,-14.5723715,2.20961,0.9002189,-1.8075461,1.4430507,-0.12296297,5.4177284
1993-01-01,1992-12-01,6.1547475,-11.206837,0.0015852376,3.5600522,1.3561012,0.55916333,-0.5285191,4.6885095
1993-02-01,1993-01-01,10.147482,-7.6008887,-0.03840115,5.014372,5.578432,-2.1992006,-2.6775463,2.7346156
1993-03-01,1993-02-01,13.520339,-6.751653,1.398661,4.9749937,4.7918234,-0.78073215,-2.3830745,3.6377196
1993-04-01,1993-03-01,13.176947,-7.503824,0.0801947,4.817522,3.8873339,-1.32505,-2.829868,2.4209187
1993-05-01,1993-04-01,15.394651,-6.1178756,-0.6317098,3.4845097,2.2748415,2.5122514,-1.7913908,1.9253553
1993-06-01,1993-05-01,16.667717,-5.4729514,-3.5308855,1.5038615,-0.06600077,3.551449,-0.8062464,1.839151
1993-07-01,1993-06-01,15.501275,-8.508349,-2.2799656,-1.8056877,-4.3577933,2.075622,1.6292104,1.9945669
1993-08-01,1993-07-01,11.75373,-11.996674,-4.9387274,-2.2629158,-3.792837,1.1424328,3.357846,-0.09867428
1993-09-01,1993-08-01,10.183757,-11.690325,-4.8310504,-2.0896878,-4.5852847,0.33326337,4.060138,-1.1110269
1993-10-01,1993-09-01,9.294312,-9.6137905,-3.6423998,-2.0194504,-1.1882377,-1.1825914,3.577496,-3.5479527
1993-11-01,1993-10-01,11.138499,-10.79786,-1.6645201,-0.83241,-0.9560872,-3.1078575,-0.020193122,-3.7530694
1993-12-01,1993-11-01,9.337382,-10.499856,-1.4722825,-0.10032857,0.5666071,-4.480412,-2.4690707,-3.3329227
1994-01-01,1993-12-01,8.484164,-9.43384,-1.3994535,0.667806,2.4741426,-2.565257,-1.9882454,-1.3540334
1994-02-01,1994-01-01,8.483322,-8.062759,-1.3234141,0.27667037,1.3103849,-2.3007078,-5.4874563,-1.234815
1994-03-01,1994-02-01,5.441302,-9.697745,1.7378699,-0.17114761,2.5759432,-1.3950357,-3.7426682,-1.4398
1994-04-01,1994-03-01,4.8660765,-9.437396,4.063773,1.6769519,1.8940301,-3.7039213,-3.725456,-1.6431743
1994-05-01,1994-04-01,6.1882615,-9.128262,2.1779134,3.0968502,3.763889,-4.725543,-4.4611163,-1.3831483
1994-06-01,1994-05-01,6.7215624,-7.7777843,0.84523785,3.0181708,5.0599465,-2.7811754,-0.10727153,-2.7374907
1994-07-01,1994-06-01,7.4485164,-9.508468,0.44338524,2.3577669,5.333169,-0.96790195,-0.54701656,0.10260748
1994-08-01,1994-07-01,5.4195375,-8.411523,5.2964163,6.5159674,6.922053,-1.84646,0.42867243,1.0726751
1994-09-01,1994-08-01,5.083672,-7.440035,6.0143943,5.639493,5.8280377,-2.2653348,-2.4055336,-0.57304347
1994-10-01,1994-09-01,7.0728917,-6.3146935,2.9514778,7.329785,6.305516,-3.6722484,-3.1513717,1.4442251
1994-11-01,1994-10-01,10.442626,-0.47004756,1.4874786,5.566766,3.9893508,-2.1714349,-2.2476761,1.1009847
1994-12-01,1994-11-01,9.482209,1.2295861,-1.3979312,7.2805614,5.7385335,-2.106999,0.111186415,1.8067057
1995-01-01,1994-12-01,9.393181,1.6376139,-2.9455652,9.339924,9.588505,-0.5138406,-0.23642261,-0.9034018
1995-02-01,1995-01-01,10.302266,1.1492923,-4.9618554,4.949706,8.040926,-3.381254,-0.6661351,-0.87551165
1995-03-01,1995-02-01,8.447143,0.50578356,-1.3426378,1.2599337,6.922938,-4.748535,-3.162595,-0.7301126
1995-04-01,1995-03-01,7.158351,-3.0363045,3.3356023,0.09244056,3.9289052,-6.0611143,-7.0214167,-0.98180264
1995-05-01,1995-04-01,4.0993876,-4.0304847,0.9043657,-3.5319097,1.0035881,-5.310081,-5.6839046,2.2592826
1995-06-01,1995-05-01,3.7548354,-5.464699,1.0132307,-5.2409472,-1.337158,-3.69624,-4.457705,5.740321
1995-07-01,1995-06-01,3.229889,-3.3125029,-2.4843655,-5.7243376,-1.831995,-1.7327377,-3.1593616,3.110064
1995-08-01,1995-07-01,3.0011067,-2.7749832,0.29183963,-5.519796,-3.4503639,1.9900624,-2.1867518,3.7684937
1995-09-01,1995-08-01,-1.6709023,-2.6595035,0.54826427,-4.6457477,0.5460603,4.875684,-1.3582292,7.810574
1995-10-01,1995-09-01,-0.14065164,-7.137839,-0.25599977,-7.8068256,-2.0802255,5.9389977,-2.28749,5.7766023
1995-11-01,1995-10-01,-3.973671,-4.716102,-0.9076007,-5.192438,-0.98143417,5.8846946,-1.1665066,3.5697305
1995-12-01,1995-11-01,-5.682985,-4.6727824,0.8963531,-2.3375056,-5.74646,2.9992242,-3.7023246,2.8841226
1996-01-01,1995-12-01,-4.041378,-7.4803677,4.598031,-0.90272224,-8.8837,0.4588951,-6.8781495,-1.1013764
1996-02-01,1996-01-01,-2.716795,-4.986802,4.53799,-1.1050588,-9.694329,-1.5611379,-4.0719543,-0.7090463
1996-03-01,1996-02-01,-1.5945443,-4.9797435,5.771862,-1.4225777,-7.982321,-5.564311,-3.9863515,-1.3349596
1996-04-01,1996-03-01,-1.1342294,-5.6309104,5.3389235,-0.41136715,-8.865169,-4.4976254,-2.6740615,1.2274427
1996-05-01,1996-04-01,-2.9092042,-7.1251817,6.127,-3.9356139,-9.848984,-3.252427,-2.6375093,1.147202
1996-06-01,1996-05-01,-1.0612932,-8.904107,5.9834557,-3.9072225,-12.1913595,-0.3306436,-0.6154523,0.019096712
1996-07-01,1996-06-01,-3.0368652,-8.465347,5.1322584,-2.9738843,-8.130955,-1.2849033,-0.3990312,-0.32173112
1996-08-01,1996-07-01,-2.8940728,-9.522184,1.7311251,-3.0884492,-6.907566,-1.3037205,-1.6119164,0.5668957
1996-09-01,1996-08-01,-2.771203,-6.6930227,2.8842924,1.2838867,-4.6507263,-0.36619475,-2.4880981,2.7814255
1996-10-01,1996-09-01,-2.0314462,-8.22281,1.1831592,-0.1654996,-7.156755,0.46842286,-3.665149,2.0681925
1996-11-01,1996-10-01,-1.4412975,-10.321762,2.690057,-0.5808108,-7.2444806,1.8907182,-1.6183646,3.0574348
1996-12-01,1996-11-01,-1.9468931,-9.268739,4.741361,-0.06309376,-5.967394,1.1930678,-1.1767429,4.5324035
1997-01-01,1996-12-01,-4.2528315,-7.652233,6.71012,1.2626169,-5.0427985,-0.26454976,-1.9140282,7.9155045
1997-02-01,1997-01-01,-1.6474837,-7.5615907,7.2310767,1.9985265,-5.5762644,0.96373945,0.40347022,11.591892
1997-03-01,1997-02-01,-1.6104596,-6.7816124,7.371907,4.284904,-5.9190874,6.857491,1.8992907,10.404876
1997-04-01,1997-03-01,2.1777077,-3.5308063,5.421471,4.72341,-7.1995273,7.4552665,1.1452289,7.87372
1997-05-01,1997-04-01,7.281613,-3.171171,5.2676816,5.04918,-10.373273,3.8873339,-0.7178996,8.594149
1997-06-01,1997-05-01,14.18391,-2.1179488,1.9002702,5.264087,-11.403331,4.3302264,-0.5512744,7.6621447
1997-07-01,1997-06-01,19.52359,0.49624336,0.33567178,5.232116,-15.533707,8.19218,-0.27244326,2.7616394
1997-08-01,1997-07-01,21.335308,3.2589834,-4.3614626,7.5104537,-9.100089,8.534701,-0.3193884,0.81830764
1997-09-01,1997-08-01,24.874384,3.7102706,-5.519403,7.1462674,-8.455426,10.630981,0.0071576983,-3.228974
1997-10-01,1997-09-01,26.134537,6.2790804,-6.780548,7.439612,-9.03647,5.491268,1.7979165,-3.0437083
1997-11-01,1997-10-01,25.314116,9.564924,-11.882713,5.84231,-9.299915,3.4929852,2.3498743,-3.2007189
1997-12-01,1997-11-01,28.09899,10.22475,-11.497767,6.573153,-8.724637,1.0219996,-0.75699383,-2.9553876
1998-01-01,1997-12-01,26.394295,14.323202,-14.926903,4.235976,-5.828251,-3.8182588,-2.090347,-2.3641183
1998-02-01,1998-01-01,26.360582,14.868147,-13.908728,2.724312,-1.6237177,-2.574982,-1.9674901,-1.6030055
1998-03-01,1998-02-01,23.878666,14.9074335,-14.315,-3.2249358,-2.3595717,-4.24125,-5.525691,-1.2486217
1998-04-01,1998-03-01,20.096994,12.842612,-13.64883,-2.181957,-4.695333,-3.1774926,-8.2525625,-0.6111105
1998-05-01,1998-04-01,14.437047,13.236297,-16.78056,0.14577149,-1.8516512,-4.174182,-7.9519377,1.4224371
1998-06-01,1998-05-01,9.961103,12.733913,-19.127457,3.549509,-0.01869682,-4.6538706,-8.255008,2.7163072
1998-07-01,1998-06-01,2.993985,9.526025,-15.750131,4.5318756,-2.4110043,-4.9959364,-9.222121,-1.3409909
1998-08-01,1998-07-01,-2.7938068,6.0800533,-11.86266,2.8044262,-3.7825313,-6.621163,-10.325922,-0.51567745
1998-09-01,1998-08-01,-5.323767,4.695984,-10.715884,2.1935585,-7.9843974,-7.7650332,-13.165427,3.7378638
1998-10-01,1998-09-01,-8.40154,1.1521962,-10.913084,-0.19733234,-2.9269516,-5.828919,-8.575314,5.801115
1998-11-01,1998-10-01,-11.43771,1.2625487,-10.633696,1.340198,-2.1167834,-1.8742404,-8.002223,7.013548
1998-12-01,1998-11-01,-13.191964,1.4853936,-9.348821,-2.3453655,-4.4693046,3.3783915,-5.176226,3.1917381
1999-01-01,1998-12-01,-14.25116,0.4041914,-11.078113,-2.3050458,-1.0370139,6.6985426,-1.1464967,3.0817943
1999-02-01,1999-01-01,-15.031356,-3.9811432,-7.7774935,-1.4599389,-1.5029523,7.8104453,-2.4827228,-0.99034476
1999-03-01,1999-02-01,-14.904934,-2.892988,-9.698939,0.40264258,-0.07060625,8.565001,0.97542846,-0.66044873
1999-04-01,1999-03-01,-13.456683,1.4885993,-11.80673,-0.34873122,2.2630796,5.8527017,0.54065126,-0.49750543
1999-05-01,1999-04-01,-15.97821,0.1682358,-10.327023,0.3252429,5.180997,2.205287,-1.3763117,-1.2326839
1999-06-01,1999-05-01,-15.341104,0.50072646,-8.60907,4.26003,5.2689624,1.4544914,1.6241555,-1.0885942
1999-07-01,1999-06-01,-15.901596,0.027083158,-8.977084,4.7420783,5.8741794,0.9452309,-1.0438162,0.6259872
1999-08-01,1999-07-01,-13.930592,-0.6166513,-9.724178,3.8465889,4.4005466,-2.3417702,-0.40988672,-0.21618019
1999-09-01,1999-08-01,-12.91021,-1.1870143,-9.054994,3.2048588,3.3592222,-1.6844431,-1.9006664,1.2849149
1999-10-01,1999-09-01,-13.941367,-1.8202236,-7.7610564,-0.05492832,6.3807287,0.27091232,-2.894074,1.4225454
1999-11-01,1999-10-01,-14.240806,-4.676782,-7.654074,1.8908957,6.627495,-1.9789027,-3.3345547,0.23107594
1999-12-01,1999-11-01,-15.288608,-4.5126505,-8.34248,1.1604785,3.9869459,-4.9828234,-0.7385758,0.88456565
2000-01-01,1999-12-01,-15.590652,-1.6264012,-6.3845754,3.040436,4.133687,-2.3614788,0.0744975,2.8085208
2000-02-01,2000-01-01,-15.291961,-3.1499455,-3.6416638,7.211046,4.1236176,-0.96069634,-0.75410426,3.0991359
2000-03-01,2000-02-01,-13.8341055,-3.5342834,-5.7520027,7.033426,0.5143344,2.7271645,-0.36305946,2.7553248
2000-04-01,2000-03-01,-12.31859,-1.5901334,-7.5582657,4.9467907,-1.6916224,7.935544,1.7265117,2.464763
2000-05-01,2000-04-01,-9.803298,-1.1110791,-7.892097,5.5699005,-1.6136191,5.614737,-0.2509884,0.26543924
2000-06-01,2000-05-01,-11.454855,-0.83221155,-7.3307166,5.6932096,0.28340253,4.568296,-0.48632103,-3.4696686
2000-07-01,2000-06-01,-8.1414,-4.518298,-5.603445,4.196702,2.3513038,1.2560773,-0.4900119,-2.4491928
2000-08-01,2000-07-01,-6.621417,-3.5273352,-2.4494393,3.5945063,2.5613089,-1.7954775,-2.816162,-0.6839215
2000-09-01,2000-08-01,-6.3665514,-2.3335147,-2.087168,2.6097686,2.2211683,-2.3343117,-4.1180196,-0.19238684
2000-10-01,2000-09-01,-4.623361,-1.4112397,-0.6874629,3.3179724,1.8446529,-1.623004,-4.691296,-1.3670477
2000-11-01,2000-10-01,-6.2568893,-1.9848021,-2.7300313,1.1311551,6.2248893,0.8814516,-5.618092,-1.7735939
2000-12-01,2000-11-01,-9.081554,-3.305164,-5.0196276,-2.575381,9.694515,7.908405,-5.052269,-2.366043
2001-01-01,2000-12-01,-6.1000314,-3.107924,-3.7070537,-4.5585446,5.9436135,12.013847,-2.8407269,-4.5902843
2001-02-01,2001-01-01,-5.10293,-2.6408534,-3.6571417,-6.10942,3.3378024,12.718426,-0.49452764,-3.105532
2001-03-01,2001-02-01,-5.9540834,0.13491212,-4.2797885,-4.8503003,4.0247793,12.379704,2.7706373,-1.3480849
2001-04-01,2001-03-01,-4.348758,3.3933363,-4.9367943,-4.498579,1.6553651,10.827024,5.6825843,0.14858674
2001-05-01,2001-04-01,-4.6700153,4.2494235,-5.334774,-2.4765325,3.8823614,7.110424,4.6150446,-0.06186723
2001-06-01,2001-05-01,-4.538609,3.1714993,-4.5016503,-4.545446,4.988713,5.5097833,4.15207,-0.66936207
2001-07-01,2001-06-01,-4.5168676,4.2300725,-2.0610533,-3.3468049,4.1840987,5.257101,4.2645993,0.7827154
2001-08-01,2001-07-01,-3.4596133,4.098137,2.2388895,0.54675764,6.8982577,2.8467302,1.5767362,2.8745773
2001-09-01,2001-08-01,-3.5563264,2.9664085,1.948604,-0.7284948,5.4171095,1.6280923,2.000726,2.7398272
2001-10-01,2001-09-01,-4.8402905,2.0823455,3.0568926,-3.2513669,5.793838,0.73418176,3.5930674,4.8440623
2001-11-01,2001-10-01,-5.8162107,3.2226837,3.4650333,-2.7713227,3.8570669,0.79930735,5.0494404,1.6663929
2001-12-01,2001-11-01,-7.0750318,2.8106735,3.4737422,-4.256407,-0.120826036,0.19621257,5.025413,1.89569
2002-01-01,2001-12-01,-7.291641,4.960485,3.1202862,-3.825385,-1.2747216,-0.84420186,7.243626,2.017487
2002-02-01,2002-01-01,-4.4520836,4.082105,4.980682,-4.706713,-3.5140176,-1.3846453,7.90758,5.4300394
2002-03-01,2002-02-01,-5.115927,5.5363803,3.5538983,-0.22292702,-0.09766062,1.7499473,9.798545,5.0504165
2002-04-01,2002-03-01,-1.3198342,7.659695,1.0506444,-0.5240504,2.6857314,2.787371,6.837028,2.1420333
2002-05-01,2002-04-01,0.2989506,4.482305,3.7571077,1.0062,5.4340286,-0.30417967,2.7968295,1.3718191
2002-06-01,2002-05-01,1.9013461,4.390717,4.501661,1.3056368,8.893132,1.7126544,0.10036865,0.26855153
2002-07-01,2002-06-01,3.8982859,4.8707337,1.887592,-1.4736587,9.352957,4.3233533,1.4836075,0.94657815
2002-08-01,2002-07-01,3.3909597,2.205661,0.30753675,-3.3374565,9.98277,4.441137,3.0818279,1.5675427
2002-09-01,2002-08-01,4.933175,0.6253875,0.60827833,-3.5966733,8.721529,7.255133,1.769054,0.21671847
2002-10-01,2002-09-01,6.4651823,2.5234072,0.15214716,-1.8735185,6.5413384,5.80368,1.6773291,0.095386036
2002-11-01,2002-10-01,9.651834,3.474374,-0.06180306,-2.959233,5.419829,3.2978384,2.3701427,-1.2271107
2002-12-01,2002-11-01,13.639108,3.750787,-2.0485353,-6.97984,3.2758012,5.6654406,2.8728163,-2.6487477
2003-01-01,2002-12-01,15.578456,5.3132586,-1.8912603,-9.498872,2.8467453,0.9639189,-0.30260092,-3.244957
2003-02-01,2003-01-01,9.408143,5.105791,-1.3290366,-13.057386,3.1433637,-1.560324,-0.52675813,-1.2519526
2003-03-01,2003-02-01,9.416853,3.5230966,1.9025242,-10.776599,4.3483624,-1.8911414,-1.6852509,-1.5033066
2003-04-01,2003-03-01,8.073473,2.5360951,2.953119,-10.258084,2.6733549,0.78144413,0.05109735,-4.357401
2003-05-01,2003-04-01,2.6334715,0.75158894,1.8454323,-9.0304,2.4615664,0.6027501,-2.4484282,-2.4215405
2003-06-01,2003-05-01,-3.233888,0.3133815,3.1433527,-8.309158,5.0292463,1.8122088,-3.866057,-2.4279425
2003-07-01,2003-06-01,-1.3728199,1.5156292,3.345913,-6.059532,4.7134647,1.7451768,-2.8558784,-3.6610541
2003-08-01,2003-07-01,1.425478,3.7074053,2.7103207,-5.1166697,0.46879268,0.9820269,-4.336586,-5.460831
2003-09-01,2003-08-01,3.451204,6.101616,1.510113,-5.1957574,-1.4995875,1.1422964,-3.5453594,-5.582817
2003-10-01,2003-09-01,0.9255307,5.8565507,2.7475183,-5.1918054,-0.47697294,2.601224,-2.5253086,-4.1827264
2003-11-01,2003-10-01,3.3647137,7.4597125,1.2884746,-5.7224917,-4.5318813,2.872018,-1.7772062,-2.5453758
2003-12-01,2003-11-01,5.480522,5.8111963,1.1533943,-1.5470852,0.22981039,0.49253,-0.31085023,-2.2947698
2004-01-01,2003-12-01,4.0767584,7.4187675,-0.2691266,-3.230932,1.3372258,-1.9172761,0.44020396,-1.24278
2004-02-01,2004-01-01,3.3163745,7.03676,1.6063288,-3.5648797,-1.0208588,-3.052176,0.077413246,1.6793404
2004-03-01,2004-02-01,2.090696,7.040219,2.762779,-3.1684616,-4.652902,-0.64656264,-0.51276183,3.0658467
2004-04-01,2004-03-01,0.73354894,3.2472045,3.7525775,-1.9559327,-4.277082,2.0894709,-1.0734881,4.00479
2004-05-01,2004-04-01,1.8198774,3.3325644,4.479481,-1.6292204,-2.4759474,4.761278,-2.1635268,4.85272
2004-06-01,2004-05-01,0.6582042,-1.3943535,6.56834,-2.2311585,-1.3535169,2.9578733,-6.220274,2.1632755
2004-07-01,2004-06-01,1.5481924,1.0829242,6.9961796,-0.33633763,0.6410819,0.8905598,-5.51233,1.927249
2004-08-01,2004-07-01,1.8311226,2.1706784,7.4858165,-1.8796732,-1.2878481,1.968071,-2.7193117,-1.3268472
2004-09-01,2004-08-01,3.7914197,3.2284896,8.6947365,-2.0928192,-2.5198522,4.4353156,-0.7115244,-1.9025266
2004-10-01,2004-09-01,4.9871144,3.0462697,5.933731,-0.9420521,-1.3660384,4.0323815,1.3196515,-3.2095022
2004-11-01,2004-10-01,4.6307216,5.439403,5.234418,2.586686,-0.0013856384,0.7675058,0.47175092,-1.6896458
2004-12-01,2004-11-01,4.7855206,7.3056464,3.266227,2.2700403,1.5868701,0.5137164,-0.6999297,-0.5665981
2005-01-01,2004-12-01,5.737082,7.386123,3.5758393,1.2317777,2.9642403,1.5493735,-2.9535284,0.19407246
2005-02-01,2005-01-01,4.9794407,5.342872,7.205195,0.6746438,2.405712,-0.102179974,-4.2934346,0.3545111
2005-03-01,2005-02-01,2.086077,3.0692358,6.301927,-2.3307185,0.09687325,-3.0385668,-6.6587644,0.404273
2005-04-01,2005-03-01,4.271302,4.252898,6.2660704,-6.5935736,-2.215236,-4.128644,-5.43196,0.55069214
2005-05-01,2005-04-01,3.2577841,5.8710923,6.403327,-4.350872,-1.1320089,-0.55881816,-2.3024657,2.3751178
2005-06-01,2005-05-01,4.8123097,6.5877304,7.4244113,-5.4661136,-5.3025937,3.9128866,-2.7348921,3.4584482
2005-07-01,2005-06-01,2.7531352,6.8832192,7.2304144,-4.9038563,-3.1712816,7.096786,0.23507513,2.686736
2005-08-01,2005-07-01,-0.72379494,8.163521,5.05876,-1.6787164,-1.5585833,7.92478,-1.5503068,0.239826
2005-09-01,2005-08-01,-0.6540696,7.1275377,3.585743,-2.134729,-0.8368882,5.446353,-2.5347872,0.7577802
2005-10-01,2005-09-01,-3.6104898,6.1485915,4.788566,-1.353073,1.2069117,4.3614,-2.9725916,1.8076224
2005-11-01,2005-10-01,-7.202901,4.049563,3.8033903,-1.4745159,5.398304,4.7806597,-2.3213475,1.6663343
2005-12-01,2005-11-01,-10.102112,0.856529,4.3037567,-3.4621713,4.648199,5.170028,-4.51058,1.6447816
2006-01-01,2005-12-01,-7.6686583,-1.00538,5.582807,-6.958911,-2.7482543,6.7228513,-5.7622924,0.20540005
2006-02-01,2006-01-01,-5.2776895,0.3834088,1.7154173,-6.1559324,-3.6142952,7.2874703,-3.8008301,-1.3729506
2006-03-01,2006-02-01,-3.638711,1.0487648,-2.6121361,-5.4555635,-4.3874044,7.1198344,-2.6749692,-1.2612123
2006-04-01,2006-03-01,-6.104981,0.37707722,-2.0933535,-3.2735324,-1.7219392,3.3863904,-0.5562879,2.0184245
2006-05-01,2006-04-01,-6.9755964,1.8271642,1.1092776,-4.178177,-3.1538928,2.1593528,2.883042,1.877193
2006-06-01,2006-05-01,-5.025337,5.620894,0.029520528,-1.5854316,-3.3621564,-0.28359157,1.8613185,1.0992553
2006-07-01,2006-06-01,-2.2790403,5.5478735,1.9738775,0.6620202,-4.941792,-2.2260184,0.24687119,0.8925852
2006-08-01,2006-07-01,0.9466817,6.0271707,2.0772796,3.333087,-3.2604928,0.13111207,-1.9267949,-0.4868701
2006-09-01,2006-08-01,2.942135,8.13977,1.7977659,4.653523,-0.8615215,-0.8144953,-1.8914337,2.442575
2006-10-01,2006-09-01,4.5510044,9.58935,1.5256275,5.846743,-1.105291,-0.4119191,-1.1309195,-0.1965066
2006-11-01,2006-10-01,8.390223,8.783634,1.65833,5.7361264,-0.30292454,2.404069,-0.86787134,-2.4381027
2006-12-01,2006-11-01,7.872763,10.381094,0.6883304,4.5889297,-1.3006847,-0.029842218,-0.66491914,0.64798146
2007-01-01,2006-12-01,8.407702,10.891416,0.17594028,3.7934556,1.5421139,2.2785254,2.079106,2.0152552
2007-02-01,2007-01-01,4.857149,11.935738,-1.9236512,2.085843,4.19863,4.1199822,4.0046287,1.7446325
2007-03-01,2007-02-01,2.2107055,8.960457,-1.0941973,-1.4615804,3.977077,3.8871467,1.0820525,4.142757
2007-04-01,2007-03-01,-1.1768489,5.158085,1.3164302,-2.0852275,6.062279,5.687014,0.959327,4.0469093
2007-05-01,2007-04-01,-2.474141,3.9612274,2.4169304,-4.469802,4.0351195,5.343867,-0.42191482,3.2272124
2007-06-01,2007-05-01,-6.4088516,3.0923815,3.0215864,-4.8976827,3.1391385,3.3167653,-1.1801984,1.2351809
2007-07-01,2007-06-01,-5.919684,4.2016397,3.3402476,-6.261246,0.8388495,1.495214,-1.867125,1.1421942
2007-08-01,2007-07-01,-5.421235,2.1033123,0.55924016,-8.584526,-1.2854214,1.8094778,-1.2469888,0.32875913
2007-09-01,2007-08-01,-7.6882286,-0.36699015,1.2970116,-7.218724,1.6562232,2.488596,-0.96252155,1.0507702
2007-10-01,2007-09-01,-11.781676,0.69087255,1.6046371,-4.3317366,2.871347,1.2891885,-2.1543686,2.662204
2007-11-01,2007-10-01,-16.16333,1.6914974,0.5016612,-2.1696072,6.813251,2.1261418,0.6266508,4.6144023
2007-12-01,2007-11-01,-15.990345,-1.0032789,-1.6674165,-5.317432,5.116889,3.7193038,0.15015756,3.8010907
2008-01-01,2007-12-01,-14.730126,-2.7494903,-2.0594883,-5.965262,3.5874214,5.34351,-0.6754944,1.6967934
2008-02-01,2008-01-01,-16.005453,-1.1957484,-5.0907116,-1.0966285,1.6563835,5.6009617,1.0693066,-0.010424405
2008-03-01,2008-02-01,-16.267721,-1.1516529,-7.302367,3.7835739,-1.6795444,6.2666054,-0.4315793,-3.9326634
2008-04-01,2008-03-01,-14.233779,0.3050465,-6.7740335,4.906475,-3.3735416,5.119503,-1.2769188,-4.648104
2008-05-01,2008-04-01,-12.443727,1.8176825,-7.1565104,4.625978,-0.5829955,2.6284761,0.83538115,-5.9367995
2008-06-01,2008-05-01,-9.563563,3.7906163,-5.5056515,4.498721,0.062463924,2.421552,1.6365782,-4.542596
2008-07-01,2008-06-01,-8.223017,4.9502134,-1.7305231,6.3407984,0.35609308,0.21354604,-0.21203995,-2.990934
2008-08-01,2008-07-01,-5.373953,6.746126,-1.1069114,7.540412,-1.757422,-1.8241682,-0.29707584,-0.73673534
2008-09-01,2008-08-01,-3.7193456,8.572586,-3.2353964,5.5305424,-2.7051291,-2.5438964,0.25631633,-0.17809908
2008-10-01,2008-09-01,-5.2096834,8.834356,-3.630631,4.596767,-2.4253697,-4.065267,-0.7749086,-0.7047521
2008-11-01,2008-10-01,-6.970072,7.7023687,-3.824145,3.7963777,-1.0018291,-2.4905937,-1.8288321,0.91494846
2008-12-01,2008-11-01,-9.283492,5.3830237,-3.303086,2.7902205,-1.588057,-1.1531041,-4.9703894,0.79427373
2009-01-01,2008-12-01,-10.737638,3.7147062,0.33600563,4.340765,-4.5600452,-1.0903751,-7.2396727,-1.118106
2009-02-01,2009-01-01,-10.918779,3.4905908,1.8135538,6.4881506,-3.6471245,-3.4277751,-4.96037,-2.4525726
2009-03-01,2009-02-01,-10.535818,1.2330595,2.0786433,5.3651266,-0.8419021,-1.6652184,-3.4363165,-0.94867307
2009-04-01,2009-03-01,-10.789577,2.4762945,1.4600285,4.6235137,0.48539445,-1.2303052,-2.6604183,-1.2636162
2009-05-01,2009-04-01,-6.3694963,3.5509055,0.5023251,7.1434627,1.2711852,-0.9903618,0.04639507,-4.49841
2009-06-01,2009-05-01,-2.1696055,4.376862,3.804703,6.4949055,-0.5891071,-2.7814581,0.75414985,-7.156789
2009-07-01,2009-06-01,2.6034718,6.50887,6.9446034,5.915052,-2.2960064,-1.4377143,-0.2335704,-7.304628
2009-08-01,2009-07-01,3.4602973,7.4244676,3.8279645,2.42401,-1.4353282,0.98563755,0.6560861,-6.4948306
2009-09-01,2009-08-01,4.736434,6.7505636,2.7035766,0.82809263,0.6278314,1.1816803,0.30359674,-6.7984586
2009-10-01,2009-09-01,6.1367354,4.397478,0.9483054,-3.203966,-0.13293523,0.46428326,2.2821,-4.4961224
2009-11-01,2009-10-01,7.4342694,8.057897,2.8950016,-3.1148672,0.51617455,-0.9562203,3.2683241,-1.6187049
2009-12-01,2009-11-01,9.907972,10.690475,3.161144,-1.5488317,5.1107183,-2.0982993,6.0528884,2.4129965
2010-01-01,2009-12-01,12.5062685,14.116966,4.51885,-3.4887295,4.476894,-4.287928,6.932535,1.6550812
2010-02-01,2010-01-01,11.500605,13.405768,5.4738293,-7.4995527,0.9029542,-6.1493063,5.51613,4.950952
2010-03-01,2010-02-01,9.956368,14.177336,2.7215025,-10.797466,1.3355082,-7.667089,5.854719,5.4468765
2010-04-01,2010-03-01,5.379056,14.787159,0.06723852,-11.455704,1.611381,-9.949141,3.2895894,3.8702
2010-05-01,2010-04-01,1.43593,15.139165,0.7843924,-10.138191,-0.11795587,-6.4458175,4.0461187,4.008251
2010-06-01,2010-05-01,-3.82328,13.424704,0.06679301,-8.722865,-2.4150743,-3.3326232,4.4710135,2.785502
2010-07-01,2010-06-01,-10.14924,11.437157,0.48226428,-6.8697495,-2.1760256,-3.3861933,4.22436,2.0012867
2010-08-01,2010-07-01,-15.796963,10.753475,1.7174382,-4.0756598,2.3406174,-3.6303496,2.5625887,1.4628047
2010-09-01,2010-08-01,-18.643013,8.853606,0.44685596,-2.7697415,0.36145145,-5.141662,0.33969548,2.1999185
2010-10-01,2010-09-01,-20.50538,6.9809546,0.16353576,-2.962741,-2.334748,-3.7103333,0.27858812,3.1882622
2010-11-01,2010-10-01,-20.738863,4.6753983,-3.7251902,-6.005923,-3.9888504,-5.433342,2.190795,3.836268
2010-12-01,2010-11-01,-21.620018,3.7250445,-3.9853604,-4.2295966,-5.0340295,-4.263969,5.2725205,5.907414
2011-01-01,2010-12-01,-22.150251,4.780342,-0.86180174,-2.25263,-9.020686,-6.29756,6.067625,8.712841
2011-02-01,2011-01-01,-21.886312,4.7699394,0.71876425,2.0071907,-13.844507,-5.8047967,7.3856106,7.1438236
2011-03-01,2011-02-01,-17.582184,4.0093584,0.81528676,4.302953,-12.277439,-5.147634,7.6804266,1.7973317
2011-04-01,2011-03-01,-16.305998,2.7054353,1.3868725,4.411002,-9.701682,-5.6894956,8.25976,-1.6248002
2011-05-01,2011-04-01,-13.478322,3.4983146,2.7539675,5.1110244,-8.18032,-1.8500998,10.497562,-3.40563
2011-06-01,2011-05-01,-12.036329,4.905355,2.1242113,5.1535606,-5.5122614,0.61022305,8.482384,-3.955397
2011-07-01,2011-06-01,-11.529572,7.641102,1.7187619,6.062359,-4.0649114,1.4776309,7.4678793,-2.6539035
2011-08-01,2011-07-01,-12.013001,6.491653,2.285587,7.5322247,-1.7630656,-3.7269068,6.9323263,-0.4993
2011-09-01,2011-08-01,-12.294408,5.018377,2.1473114,5.6057973,-0.1774245,-5.4465413,4.8616104,-0.47627708
2011-10-01,2011-09-01,-13.400979,4.320833,1.8795557,5.5014806,1.5792425,-5.9342146,2.8175206,-0.8129827
2011-11-01,2011-10-01,-14.565242,3.2581131,-0.07228196,2.3988936,0.19462453,-4.671037,1.5408124,0.31539991
2011-12-01,2011-11-01,-15.656829,3.6119187,0.09571445,6.769419,0.08380856,-3.784301,1.1754559,1.9893944
2012-01-01,2011-12-01,-15.363245,2.4326987,0.31374738,9.8552885,-0.6126274,0.39983344,1.1399676,1.2779267
2012-02-01,2012-01-01,-10.782519,2.0553572,-2.1493976,10.738742,-0.0056448905,2.823201,0.90297085,0.034303214
2012-03-01,2012-02-01,-6.2106037,2.309812,-2.2561002,10.165222,-0.77956915,3.867991,2.3406146,0.071825445
2012-04-01,2012-03-01,-6.9505672,2.0958524,-3.7999544,8.622591,2.738286,3.9135327,3.8042784,-2.3166208
2012-05-01,2012-04-01,-4.560223,4.2543707,-3.3031862,5.935243,0.37692547,3.835645,3.5197394,-1.4914042
2012-06-01,2012-05-01,-6.4824452,8.877797,-2.8415425,7.1886196,2.2059948,2.6526852,4.395539,1.0038267
2012-07-01,2012-06-01,-3.5988634,11.272343,-3.239233,6.659755,-0.70053184,3.36576,7.268549,1.2704467
2012-08-01,2012-07-01,-4.5688176,13.527793,-1.8671945,7.4601283,1.0311219,-0.6978349,6.057893,3.3380928
2012-09-01,2012-08-01,-3.098912,13.808561,1.4803046,7.8190265,2.2478576,-3.5837564,5.2101493,3.3356962
2012-10-01,2012-09-01,-4.202655,14.468119,2.502741,7.302388,2.493493,-4.652442,3.1957448,5.468266
2012-11-01,2012-10-01,-2.8522584,11.319224,4.480716,3.2253308,1.6458911,-1.3932557,1.541077,3.934921
2012-12-01,2012-11-01,-2.1424828,9.792444,3.913167,0.47338122,0.107944146,-1.3233362,-0.7048816,1.904471
2013-01-01,2012-12-01,-3.8342962,8.340701,3.6844492,-0.23717463,2.8152876,-4.3062086,-2.6961398,-0.21273229
2013-02-01,2013-01-01,-5.1499033,5.3488207,0.020103404,-2.6993988,4.3946624,-2.0625358,-0.6787042,-1.4616303
2013-03-01,2013-02-01,-5.209752,4.5069227,-1.8378441,-1.0807661,4.438238,-0.55760807,-1.1687549,-3.1559503
2013-04-01,2013-03-01,-5.08383,5.6001844,-2.6393833,-2.1172411,2.097022,-1.1987256,0.1279635,-2.775017
2013-05-01,2013-04-01,-4.0383015,3.2153084,1.5113921,-3.570747,0.084803924,-2.539371,-0.148475,-3.2432098
2013-06-01,2013-05-01,-5.995456,1.998834,5.974061,-1.2057512,-0.6992239,-2.8128743,-2.703991,-2.5127437
2013-07-01,2013-06-01,-8.25514,0.61859506,8.340058,1.2799006,2.2742403,-2.4807522,-4.834081,-1.4446646
2013-08-01,2013-07-01,-8.920517,3.6770287,9.237228,3.427119,1.0939584,-2.1311603,-5.2423716,-2.1611013
2013-09-01,2013-08-01,-8.639423,5.5571046,9.134937,1.1120563,-0.036622696,-0.9263567,-4.547178,-2.4438114
2013-10-01,2013-09-01,-7.068605,6.750386,6.60375,-0.8183617,-0.8660647,0.38480878,-3.1810923,-0.10676141
2013-11-01,2013-10-01,-6.799966,8.305385,6.2888465,0.79246503,0.42138588,-1.5159945,1.3361527,0.031649884
2013-12-01,2013-11-01,-4.7663894,8.083786,7.639744,1.5374962,1.3585732,-2.5081987,-0.21554019,-4.237965
2014-01-01,2013-12-01,-3.692717,5.9649324,10.0841055,2.1193235,-0.48218268,-1.1510468,-2.0732658,-6.250814
2014-02-01,2014-01-01,-3.1398284,4.2216725,12.812394,1.712785,1.6502708,1.7322344,-3.2487338,-7.082663
2014-03-01,2014-02-01,-2.7303092,1.7851181,14.757079,-0.88731164,5.3534803,0.91270655,-2.5645711,-6.2573776
2014-04-01,2014-03-01,1.415829,2.129084,12.390959,-0.9281685,3.1262264,0.7713015,-1.9871268,-3.940618
2014-05-01,2014-04-01,2.5605009,4.8777623,10.467112,-1.4033784,0.99005026,0.30848545,0.27498102,-6.1304474
2014-06-01,2014-05-01,5.0660405,7.122924,10.040091,-1.2663119,-4.479759,0.43423334,-0.25354335,-6.7732797
2014-07-01,2014-06-01,3.5276756,10.407567,10.118347,2.8938677,-2.955287,-0.5256046,-0.94767404,-6.866658
2014-08-01,2014-07-01,2.398443,9.46633,10.09662,1.7107905,-4.2305555,3.2890863,-3.426616,-5.279038
2014-09-01,2014-08-01,1.0185993,10.998192,10.265016,2.8245192,-5.7332654,3.81353,-4.9727135,-6.2618995
2014-10-01,2014-09-01,2.3400068,10.524581,10.5114765,1.4977269,-5.489127,5.0000024,-2.8692896,-8.335095
2014-11-01,2014-10-01,5.143994,10.047681,9.288405,0.4691507,-4.7285337,4.846243,-0.16662909,-7.9572225
2014-12-01,2014-11-01,7.731554,9.701162,8.912879,-0.45744714,-2.731622,3.3136816,-0.9718758,-6.2715907
