model,date,year,month,region,n,sse,error_sum,absolute_error_sum,sse_area,weight_area
hybrid,2021-01-01,2021,1,full_domain,78561,256564.60899271377,12907.866932900997,87507.95635256509,241930.00616310016,67475.78503925544
hybrid,2021-01-01,2021,1,south_of_35S,26100,22039.975707046367,306.56295004250194,16392.61695943825,15710.40938357557,17451.68248953376
hybrid,2021-01-01,2021,1,between_35S_and_15S,20880,77735.21705401866,8416.070115867235,26972.533070083526,70426.06693936454,18808.59412325443
hybrid,2021-01-01,2021,1,north_of_15S,31581,156789.41623164873,4185.233866991257,44142.806323043296,155793.52984016013,31215.50842646724
hybrid_sst,2021-01-01,2021,1,full_domain,78561,252914.22345702338,7241.598246369929,86301.66204501822,238652.3742204063,67475.78503925544
hybrid_sst,2021-01-01,2021,1,south_of_35S,26100,21637.619377238683,-340.9672557944831,16371.367265427996,15465.86801136895,17451.68248953376
hybrid_sst,2021-01-01,2021,1,between_35S_and_15S,20880,74921.37479615236,6745.629274232987,26350.705493799265,67751.57205095167,18808.59412325443
hybrid_sst,2021-01-01,2021,1,north_of_15S,31581,156355.22928363233,836.9362279314246,43579.589285790964,155434.93415808564,31215.50842646724
unet,2021-01-01,2021,1,full_domain,78561,254926.6255053372,12796.830541159026,87812.89875823911,240393.69382595673,67475.78503925544
unet,2021-01-01,2021,1,south_of_35S,26100,21627.438306119588,-1916.1165961250663,16313.224243156612,15511.46444592379,17451.68248953376
unet,2021-01-01,2021,1,between_35S_and_15S,20880,79393.10902389261,8680.149999282323,27441.610796342604,71977.29618885642,18808.59412325443
unet,2021-01-01,2021,1,north_of_15S,31581,153906.078175325,6032.79713800177,44058.0637187399,152904.9331911765,31215.50842646724
blend_reference,2021-01-01,2021,1,full_domain,78561,255677.09037042235,12880.1078349655,87408.51687715632,241105.55697158078,67475.78503925544
blend_reference,2021-01-01,2021,1,south_of_35S,26100,21858.291844432122,-249.10693649939032,16308.436859285355,15613.817624186551,17451.68248953376
blend_reference,2021-01-01,2021,1,between_35S_and_15S,20880,78110.80403598555,8482.090086721008,27068.764058434383,70778.23303067996,18808.59412325443
blend_reference,2021-01-01,2021,1,north_of_15S,31581,155707.99449000464,4647.124684743885,44031.31595943659,154713.50631671428,31215.50842646724
blend_sst,2021-01-01,2021,1,full_domain,78561,252588.0942086658,8630.4063200672,86448.96203611432,238301.30939584816,67475.78503925544
blend_sst,2021-01-01,2021,1,south_of_35S,26100,21567.608897010927,-734.7545908771292,16298.67824323954,15437.109531703587,17451.68248953376
blend_sst,2021-01-01,2021,1,between_35S_and_15S,20880,75910.65925570313,7229.259455495321,26592.142388791883,68689.05453708564,18808.59412325443
blend_sst,2021-01-01,2021,1,north_of_15S,31581,155109.8260559518,2135.901455449009,43558.1414040829,154175.14532705897,31215.50842646724
climatology,2021-01-01,2021,1,full_domain,78561,319394.8599483933,142.46105517505202,96530.41813910438,304739.9681635004,67475.78503925544
climatology,2021-01-01,2021,1,south_of_35S,26100,21721.10277981333,-779.1693252623081,16337.846713453531,15685.720714520068,17451.68248953376
climatology,2021-01-01,2021,1,between_35S_and_15S,20880,77794.43770254002,7578.545741133974,27123.84301061614,70443.67609259937,18808.59412325443
climatology,2021-01-01,2021,1,north_of_15S,31581,219879.31946603997,-6656.915360696614,53068.72841503471,218610.571356381,31215.50842646724
hybrid,2021-02-01,2021,2,full_domain,78561,366579.26251769584,13277.469363289625,105862.70133568552,340604.991821926,67475.78503925544
hybrid,2021-02-01,2021,2,south_of_35S,26100,39936.78636187396,11347.942342201826,22479.944303562963,28452.83180012675,17451.68248953376
hybrid,2021-02-01,2021,2,between_35S_and_15S,20880,139967.449581273,-2265.624327000676,32739.60784440583,126677.83648104109,18808.59412325443
hybrid,2021-02-01,2021,2,north_of_15S,31581,186675.02657454895,4195.151348088475,50643.149187716735,185474.3235407581,31215.50842646724
hybrid_sst,2021-02-01,2021,2,full_domain,78561,367807.7580196522,16787.70829227768,106972.35472489896,341538.4570476876,67475.78503925544
hybrid_sst,2021-02-01,2021,2,south_of_35S,26100,41158.17305005624,11461.269336939436,22584.267093979586,29291.59556715376,17451.68248953376
hybrid_sst,2021-02-01,2021,2,between_35S_and_15S,20880,139180.7286520428,-3012.7169634880647,32473.881164941013,126010.6354613478,18808.59412325443
hybrid_sst,2021-02-01,2021,2,north_of_15S,31581,187468.8563175532,8339.155918826305,51914.20646597835,186236.22601918606,31215.50842646724
unet,2021-02-01,2021,2,full_domain,78561,376790.7241117313,18613.97717361804,108163.22154498752,350009.946293088,67475.78503925544
unet,2021-02-01,2021,2,south_of_35S,26100,41182.88358348377,11255.700282558799,22422.911667630076,29328.318804948307,17451.68248953376
unet,2021-02-01,2021,2,between_35S_and_15S,20880,145322.90423379414,-663.5133589832112,33559.99051864166,131632.21389957156,18808.59412325443
unet,2021-02-01,2021,2,north_of_15S,31581,190284.93629445333,8021.790250042453,52180.31935871579,189049.41358856816,31215.50842646724
blend_reference,2021-02-01,2021,2,full_domain,78561,368170.8753346092,14611.596315871731,106264.44350464416,342018.00033358316,67475.78503925544
blend_reference,2021-02-01,2021,2,south_of_35S,26100,40222.45416571919,11324.881827291072,22458.793292433453,28654.009722702052,17451.68248953376
blend_reference,2021-02-01,2021,2,between_35S_and_15S,20880,141208.69633333627,-1865.0965849963097,32918.42263287505,127828.01560005185,18808.59412325443
blend_reference,2021-02-01,2021,2,north_of_15S,31581,186739.72483555367,5151.81107357697,50887.22757933567,185535.9750108293,31215.50842646724
blend_sst,2021-02-01,2021,2,full_domain,78561,369189.54975637124,17244.275512612774,107131.16912386945,342814.93900494993,67475.78503925544
blend_sst,2021-02-01,2021,2,south_of_35S,26100,41141.89035106801,11409.87707334428,22536.71019827349,29284.85624573896,17451.68248953376
blend_sst,2021-02-01,2021,2,between_35S_and_15S,20880,140577.8808326437,-2425.416062361851,32710.81942988211,127289.74914208369,18808.59412325443
blend_sst,2021-02-01,2021,2,north_of_15S,31581,187469.7785726596,8259.814501630342,51883.63949571384,186240.33361712733,31215.50842646724
climatology,2021-02-01,2021,2,full_domain,78561,377069.95892016473,4830.591335450648,104356.50126462744,351583.3647736421,67475.78503925544
climatology,2021-02-01,2021,2,south_of_35S,26100,39067.00506046794,11042.003215551376,22161.189235925674,27846.24151915524,17451.68248953376
climatology,2021-02-01,2021,2,between_35S_and_15S,20880,137143.05470195098,-1058.5719554709503,32744.159122648998,123965.39589407263,18808.59412325443
climatology,2021-02-01,2021,2,north_of_15S,31581,200859.89915774582,-5152.839924629778,49451.15290605277,199771.7273604142,31215.50842646724
hybrid,2021-03-01,2021,3,full_domain,78561,191189.57791301227,8051.493627000612,81977.24519356455,176943.6613959743,67475.78503925544
hybrid,2021-03-01,2021,3,south_of_35S,26100,33119.405231577606,6760.491091869441,22155.971173399746,23440.859903717155,17451.68248953376
hybrid,2021-03-01,2021,3,between_35S_and_15S,20880,42269.451004071925,9150.999323985652,20012.745323407973,38397.59406897382,18808.59412325443
hybrid,2021-03-01,2021,3,north_of_15S,31581,115800.7216773627,-7859.99678885448,39808.52869675684,115105.20742328333,31215.50842646724
hybrid_sst,2021-03-01,2021,3,full_domain,78561,193142.17757568552,10636.94845764957,82545.17329994291,178681.13648373063,67475.78503925544
hybrid_sst,2021-03-01,2021,3,south_of_35S,26100,33661.89023234964,7035.585993546662,22269.054078676658,23822.427634629923,17451.68248953376
hybrid_sst,2021-03-01,2021,3,between_35S_and_15S,20880,42794.35522137322,9234.95553748088,20116.58174679189,38880.43621517318,18808.59412325443
hybrid_sst,2021-03-01,2021,3,north_of_15S,31581,116685.93212196266,-5633.59307337797,40159.53747447436,115978.27263392753,31215.50842646724
unet,2021-03-01,2021,3,full_domain,78561,189611.3963012659,15372.243162415922,81452.75014834851,174585.59888099512,67475.78503925544
unet,2021-03-01,2021,3,south_of_35S,26100,35531.44729875292,8659.562870770693,23095.300321429968,25056.54397754524,17451.68248953376
unet,2021-03-01,2021,3,between_35S_and_15S,20880,42638.425125354144,9866.66961105913,19922.937071695924,38739.8530240316,18808.59412325443
unet,2021-03-01,2021,3,north_of_15S,31581,111441.52387715882,-3153.9893194139004,38434.51275522262,110789.20187941828,31215.50842646724
blend_reference,2021-03-01,2021,3,full_domain,78561,189341.99216421574,9881.68101085444,81494.79394057384,174941.38042314557,67475.78503925544
blend_reference,2021-03-01,2021,3,south_of_35S,26100,33636.36492095834,7235.259036594754,22377.310339948268,23784.084614784417,17451.68248953376
blend_reference,2021-03-01,2021,3,between_35S_and_15S,20880,42251.63870885659,9329.91689575402,19969.62225306862,38382.09641547699,18808.59412325443
blend_reference,2021-03-01,2021,3,north_of_15S,31581,113453.98853440084,-6683.494921494335,39147.86134755696,112775.19939288417,31215.50842646724
blend_sst,2021-03-01,2021,3,full_domain,78561,190501.78946650933,11820.77213384116,81890.54148393922,175939.1088935639,67475.78503925544
blend_sst,2021-03-01,2021,3,south_of_35S,26100,34038.392327147434,7441.58021285267,22461.1745115217,24065.63204715852,17451.68248953376
blend_sst,2021-03-01,2021,3,between_35S_and_15S,20880,42652.50773289996,9392.884055875442,20046.81015587433,38750.22349389841,18808.59412325443
blend_sst,2021-03-01,2021,3,north_of_15S,31581,113810.88940646194,-5013.692134886953,39382.55681654319,113123.253352507,31215.50842646724
climatology,2021-03-01,2021,3,full_domain,78561,224681.7331328233,2415.516107442789,88866.65615635272,210317.45737727598,67475.78503925544
climatology,2021-03-01,2021,3,south_of_35S,26100,32651.49717286459,6502.729795217514,22060.613892257214,23173.346073191802,17451.68248953376
climatology,2021-03-01,2021,3,between_35S_and_15S,20880,44516.8695230002,10100.762321801856,20600.307622818276,40509.74012789072,18808.59412325443
climatology,2021-03-01,2021,3,north_of_15S,31581,147513.3664369585,-14187.976009576581,46205.73464127723,146634.37117619347,31215.50842646724
hybrid,2021-04-01,2021,4,full_domain,78561,289481.50325099303,2485.7333974269523,93955.74692607162,272240.77417301346,67475.78503925544
hybrid,2021-04-01,2021,4,south_of_35S,26100,36770.64229020396,1500.0034833328823,22934.52900165675,26456.162777002137,17451.68248953376
hybrid,2021-04-01,2021,4,between_35S_and_15S,20880,54758.81888078456,6002.672546573967,23234.513713491666,48515.33637125707,18808.59412325443
hybrid,2021-04-01,2021,4,north_of_15S,31581,197952.0420800045,-5016.942632479893,47786.7042109232,197269.2750247542,31215.50842646724
hybrid_sst,2021-04-01,2021,4,full_domain,78561,290597.61208765826,5714.380261420151,94327.99262891506,273505.417003164,67475.78503925544
hybrid_sst,2021-04-01,2021,4,south_of_35S,26100,36158.03961121181,2244.009409081379,22870.44530249331,26019.85973428447,17451.68248953376
hybrid_sst,2021-04-01,2021,4,between_35S_and_15S,20880,54943.03597533438,6014.137728780269,23278.531810251734,48671.433157933774,18808.59412325443
hybrid_sst,2021-04-01,2021,4,north_of_15S,31581,199496.53650111204,-2543.766876441494,48179.01551617002,198814.12411094576,31215.50842646724
unet,2021-04-01,2021,4,full_domain,78561,276911.99509813986,12261.185280411504,94667.41920654383,258985.60598987108,67475.78503925544
unet,2021-04-01,2021,4,south_of_35S,26100,38697.66205824738,2984.9626702964306,23826.92996367812,27977.189900287107,17451.68248953376
unet,2021-04-01,2021,4,between_35S_and_15S,20880,57347.35699547073,8195.202054763213,24086.38547652401,50775.667017580075,18808.59412325443
unet,2021-04-01,2021,4,north_of_15S,31581,180866.97604442175,1081.0205553518608,46754.103766341694,180232.74907200382,31215.50842646724
blend_reference,2021-04-01,2021,4,full_domain,78561,285326.27609970083,4929.596368173096,93936.58378441,267962.31724450935,67475.78503925544
blend_reference,2021-04-01,2021,4,south_of_35S,26100,37121.00041648226,1871.2432800737697,23131.04798504738,26739.607909236573,17451.68248953376
blend_reference,2021-04-01,2021,4,between_35S_and_15S,20880,55322.44096739536,6550.804923621277,23414.0051187224,49006.26164551212,18808.59412325443
blend_reference,2021-04-01,2021,4,north_of_15S,31581,192882.83471582318,-3492.451835521959,47391.53068064024,192216.44768976062,31215.50842646724
blend_sst,2021-04-01,2021,4,full_domain,78561,285939.10764801403,7351.081516167992,94206.73866840148,268686.6744741111,67475.78503925544
blend_sst,2021-04-01,2021,4,south_of_35S,26100,36666.70093147903,2429.2477243851426,23080.009097286063,26416.220815086373,17451.68248953376
blend_sst,2021-04-01,2021,4,between_35S_and_15S,20880,55447.97897858681,6559.403810276004,23441.49594402634,49112.06953098508,18808.59412325443
blend_sst,2021-04-01,2021,4,north_of_15S,31581,193824.4277379482,-1637.5700184931575,47685.233627089074,193158.38412803964,31215.50842646724
climatology,2021-04-01,2021,4,full_domain,78561,339431.2238207613,1874.7406052653678,98880.65667460905,321954.7174055011,67475.78503925544
climatology,2021-04-01,2021,4,south_of_35S,26100,35908.78627788201,1848.5422005653381,22620.369175970554,25806.329545517325,17451.68248953376
climatology,2021-04-01,2021,4,between_35S_and_15S,20880,56906.158664292736,7311.452693304513,23529.409120297525,50330.42702991374,18808.59412325443
climatology,2021-04-01,2021,4,north_of_15S,31581,246616.27887858654,-7285.254288604483,52730.878378340974,245817.96083007005,31215.50842646724
hybrid,2021-05-01,2021,5,full_domain,78561,294257.8500812901,15723.911412093523,91704.30273657903,281651.5046795134,67475.78503925544
hybrid,2021-05-01,2021,5,south_of_35S,26100,29565.612794721776,5425.401582226572,20797.611985314477,20424.24329809367,17451.68248953376
hybrid,2021-05-01,2021,5,between_35S_and_15S,20880,23670.808420657384,11353.617199416953,16082.299998814018,21308.179795845237,18808.59412325443
hybrid,2021-05-01,2021,5,north_of_15S,31581,241021.42886591097,-1055.10736955,54824.39075245055,239919.08158557452,31215.50842646724
hybrid_sst,2021-05-01,2021,5,full_domain,78561,289751.1919917675,16842.017642926396,91373.44749758964,277070.1641507295,67475.78503925544
hybrid_sst,2021-05-01,2021,5,south_of_35S,26100,29861.802366052027,5463.8134667505,20803.671612022823,20632.459045558746,17451.68248953376
hybrid_sst,2021-05-01,2021,5,between_35S_and_15S,20880,23760.64224168017,11223.474612030652,16087.895841496429,21397.2632669726,18808.59412325443
hybrid_sst,2021-05-01,2021,5,north_of_15S,31581,236128.74738403532,154.72956414524742,54481.880044070385,235040.4418381981,31215.50842646724
unet,2021-05-01,2021,5,full_domain,78561,292460.896411443,26502.89410295151,95207.0628607627,279570.662153258,67475.78503925544
unet,2021-05-01,2021,5,south_of_35S,26100,29592.802034127977,5265.785246104002,20565.40773382783,20501.95401378412,17451.68248953376
unet,2021-05-01,2021,5,between_35S_and_15S,20880,26139.39934491848,12870.984484495595,17059.768773535267,23541.713434761972,18808.59412325443
unet,2021-05-01,2021,5,north_of_15S,31581,236728.6950323966,8366.124372351915,57581.886353399605,235526.9947047119,31215.50842646724
blend_reference,2021-05-01,2021,5,full_domain,78561,292520.12275512586,18418.657084808026,92409.1859793421,279878.58496562514,67475.78503925544
blend_reference,2021-05-01,2021,5,south_of_35S,26100,29505.36114904747,5385.497498195929,20719.752579306376,20395.283550501576,17451.68248953376
blend_reference,2021-05-01,2021,5,between_35S_and_15S,20880,24166.167429172307,11732.959020686616,16304.780538108702,21756.63390836816,18808.59412325443
blend_reference,2021-05-01,2021,5,north_of_15S,31581,238848.59417690604,1300.2005659254773,55384.652861927025,237726.6675067554,31215.50842646724
blend_sst,2021-05-01,2021,5,full_domain,78561,289400.78651362757,19257.236757932682,92182.42002582944,276700.6135822006,67475.78503925544
blend_sst,2021-05-01,2021,5,south_of_35S,26100,29741.931653362346,5414.306411588876,20728.191148137208,20561.73037551557,17451.68248953376
blend_sst,2021-05-01,2021,5,between_35S_and_15S,20880,24221.962722997116,11635.352080146888,16304.813150036203,21813.36248046745,18808.59412325443
blend_sst,2021-05-01,2021,5,north_of_15S,31581,235436.89213726806,2207.5782661969115,55149.41572765603,234325.52072621763,31215.50842646724
climatology,2021-05-01,2021,5,full_domain,78561,324943.82687981724,16182.242697220761,95677.95450064028,312133.96349269553,67475.78503925544
climatology,2021-05-01,2021,5,south_of_35S,26100,29391.127851527955,4664.239190220833,20594.968851804733,20439.515760336435,17451.68248953376
climatology,2021-05-01,2021,5,between_35S_and_15S,20880,26643.25792557339,12467.991958276834,16957.646110882517,23982.914744133508,18808.59412325443
climatology,2021-05-01,2021,5,north_of_15S,31581,268909.4411027159,-949.9884512769058,58125.33953795303,267711.5329882256,31215.50842646724
hybrid,2021-06-01,2021,6,full_domain,78561,192918.47106371704,6528.803452496911,73567.12426948283,181555.49537841298,67475.78503925544
hybrid,2021-06-01,2021,6,south_of_35S,26100,26960.04010375774,3491.255827301656,19698.72186922686,19268.032445014353,17451.68248953376
hybrid,2021-06-01,2021,6,between_35S_and_15S,20880,22626.96919994595,-547.5562624908321,13651.33855068896,19778.211795746098,18808.59412325443
hybrid,2021-06-01,2021,6,north_of_15S,31581,143331.46176001336,3585.103887686087,40217.06384956701,142509.25113765252,31215.50842646724
hybrid_sst,2021-06-01,2021,6,full_domain,78561,194202.87217365348,8954.055520824128,74061.95679432705,182722.08617712933,67475.78503925544
hybrid_sst,2021-06-01,2021,6,south_of_35S,26100,27383.631934696285,3682.6678074575116,19750.74169420164,19595.852080388355,17451.68248953376
hybrid_sst,2021-06-01,2021,6,between_35S_and_15S,20880,22591.033808726064,-542.9911679316115,13626.34399872187,19742.74722172948,18808.59412325443
hybrid_sst,2021-06-01,2021,6,north_of_15S,31581,144228.20643023116,5814.3788812982275,40684.87110140355,143383.4868750115,31215.50842646724
unet,2021-06-01,2021,6,full_domain,78561,206503.03969579033,13491.132730652578,78272.58012309019,193962.721077313,67475.78503925544
unet,2021-06-01,2021,6,south_of_35S,26100,30417.428330942814,4339.274558961391,21089.2124183774,21725.874409595603,17451.68248953376
unet,2021-06-01,2021,6,between_35S_and_15S,20880,24125.162303513494,828.1855845963582,14586.464742488228,21159.420606486827,18808.59412325443
unet,2021-06-01,2021,6,north_of_15S,31581,151960.44906133402,8323.672587094828,42596.90296222456,151077.42606123057,31215.50842646724
blend_reference,2021-06-01,2021,6,full_domain,78561,194982.51058502364,8269.385772035828,74454.14132272205,183377.75467117893,67475.78503925544
blend_reference,2021-06-01,2021,6,south_of_35S,26100,27698.768188851915,3703.2605102165903,20026.64420325522,19792.080537745394,17451.68248953376
blend_reference,2021-06-01,2021,6,between_35S_and_15S,20880,22863.4185238897,-203.6208007190342,13833.850237739742,19997.165260608566,18808.59412325443
blend_reference,2021-06-01,2021,6,north_of_15S,31581,144420.32387228202,4769.746062538272,40593.64688172708,143588.508872825,31215.50842646724
blend_sst,2021-06-01,2021,6,full_domain,78561,195861.81479444884,10088.324823281238,74827.32954742604,184169.8765743432,67475.78503925544
blend_sst,2021-06-01,2021,6,south_of_35S,26100,28018.860469310293,3846.819495333482,20063.883436296463,20039.454306615597,17451.68248953376
blend_sst,2021-06-01,2021,6,between_35S_and_15S,20880,22833.208321607617,-200.19697979961876,13813.053442632588,19967.65455965354,18808.59412325443
blend_sst,2021-06-01,2021,6,north_of_15S,31581,145009.74600353092,6441.702307747378,40950.39266849699,144162.7677080741,31215.50842646724
climatology,2021-06-01,2021,6,full_domain,78561,213121.6320770369,2874.049760431517,74942.32951852726,201717.55853928914,67475.78503925544
climatology,2021-06-01,2021,6,south_of_35S,26100,26304.787030085798,1990.3584065437317,19024.297916531563,18711.37164554793,17451.68248953376
climatology,2021-06-01,2021,6,between_35S_and_15S,20880,23437.322125880826,84.24168918747455,13796.875064228661,20479.512533115787,18808.59412325443
climatology,2021-06-01,2021,6,north_of_15S,31581,163379.52292107028,799.4496647003107,42121.156537767034,162526.67436062545,31215.50842646724
hybrid,2021-07-01,2021,7,full_domain,78561,175290.55697404803,20003.61668809311,73324.40129145952,157892.6828281421,67475.78503925544
hybrid,2021-07-01,2021,7,south_of_35S,26100,45259.40019751834,4801.597819586181,22412.50488389619,31701.631989793077,17451.68248953376
hybrid,2021-07-01,2021,7,between_35S_and_15S,20880,25679.06380404245,8195.548009570095,15868.854713713517,22587.883953155644,18808.59412325443
hybrid,2021-07-01,2021,7,north_of_15S,31581,104352.09297248721,7006.470858936836,35043.041693849824,103603.16688519338,31215.50842646724
hybrid_sst,2021-07-01,2021,7,full_domain,78561,174005.5680152392,17513.101659645075,72412.42206376522,156883.94789171088,67475.78503925544
hybrid_sst,2021-07-01,2021,7,south_of_35S,26100,44523.51074709674,4245.71905621969,22048.674593378862,31146.377886254148,17451.68248953376
hybrid_sst,2021-07-01,2021,7,between_35S_and_15S,20880,25074.285629925154,7656.511850223459,15576.178681540241,22066.07774953031,18808.59412325443
hybrid_sst,2021-07-01,2021,7,north_of_15S,31581,104407.77163821732,5610.87075320193,34787.56878884611,103671.49225592641,31215.50842646724
unet,2021-07-01,2021,7,full_domain,78561,178309.49447804285,24391.37566000223,74598.89375656843,160550.7496727491,67475.78503925544
unet,2021-07-01,2021,7,south_of_35S,26100,46628.49418112094,4590.885025441647,22901.590839922428,32605.897108481848,17451.68248953376
unet,2021-07-01,2021,7,between_35S_and_15S,20880,24804.836005659952,8040.258033262566,15438.456636605784,21811.349241991036,18808.59412325443
unet,2021-07-01,2021,7,north_of_15S,31581,106876.16429126193,11760.23260129802,36258.84628004022,106133.5033222762,31215.50842646724
blend_reference,2021-07-01,2021,7,full_domain,78561,175374.9123669136,21100.556431070392,73454.9784401555,157918.49441704914,67475.78503925544
blend_reference,2021-07-01,2021,7,south_of_35S,26100,45524.85089651222,4748.919621050047,22508.31655784701,31875.484519695845,17451.68248953376
blend_reference,2021-07-01,2021,7,between_35S_and_15S,20880,25421.586553760728,8156.725515493214,15737.83628605964,22358.51644637139,18808.59412325443
blend_reference,2021-07-01,2021,7,north_of_15S,31581,104428.47491664065,8194.911294527132,35208.825596248855,103684.49345098188,31215.50842646724
blend_sst,2021-07-01,2021,7,full_domain,78561,174284.09209677414,19232.670159734367,72731.09174770267,157035.1236338967,67475.78503925544
blend_sst,2021-07-01,2021,7,south_of_35S,26100,44969.73301494811,4332.010548525179,22235.376232216826,31456.161659292786,17451.68248953376
blend_sst,2021-07-01,2021,7,between_35S_and_15S,20880,24968.016773420943,7752.448395983236,15518.425557061955,21966.935780900883,18808.59412325443
blend_sst,2021-07-01,2021,7,north_of_15S,31581,104346.34230840506,7148.211215225952,34977.28995842388,103612.02619370303,31215.50842646724
climatology,2021-07-01,2021,7,full_domain,78561,211134.43919800146,15103.717780635809,78953.21086439223,190092.29671952722,67475.78503925544
climatology,2021-07-01,2021,7,south_of_35S,26100,54253.53416924885,3012.6446400880814,23594.01353418827,37877.4047561191,17451.68248953376
climatology,2021-07-01,2021,7,between_35S_and_15S,20880,30693.561387017467,9909.553084617946,17260.173104791436,26937.948308559888,18808.59412325443
climatology,2021-07-01,2021,7,north_of_15S,31581,126187.34364173516,2181.520055929781,38099.02422541252,125276.94365484823,31215.50842646724
hybrid,2021-08-01,2021,8,full_domain,78561,128984.69469340025,988.3308033737321,60969.22975672272,121519.1772728063,67475.78503925544
hybrid,2021-08-01,2021,8,south_of_35S,26100,15132.543413708807,3628.133808506394,15023.619922809328,10668.056919421248,17451.68248953376
hybrid,2021-08-01,2021,8,between_35S_and_15S,20880,14502.701324351221,6732.095330080515,11573.290125424734,12637.201243203373,18808.59412325443
hybrid,2021-08-01,2021,8,north_of_15S,31581,99349.44995534023,-9371.898335213176,34372.31970848866,98213.91911018165,31215.50842646724
hybrid_sst,2021-08-01,2021,8,full_domain,78561,123816.44313227557,7835.634910696672,60197.92740761645,116398.16037925481,67475.78503925544
hybrid_sst,2021-08-01,2021,8,south_of_35S,26100,15390.837651553511,4430.703720507884,15104.231936860215,10854.093416062255,17451.68248953376
hybrid_sst,2021-08-01,2021,8,between_35S_and_15S,20880,14405.522724374212,6626.624325557062,11560.479208884808,12552.307756528659,18808.59412325443
hybrid_sst,2021-08-01,2021,8,north_of_15S,31581,94020.08275634785,-3221.693135368274,33533.21626187143,92991.7592066639,31215.50842646724
unet,2021-08-01,2021,8,full_domain,78561,133203.52858839126,7960.394626170397,62896.127666061744,124689.33379322804,67475.78503925544
unet,2021-08-01,2021,8,south_of_35S,26100,18601.95423698713,4571.673879653215,16513.921297341585,13152.899768160314,17451.68248953376
unet,2021-08-01,2021,8,between_35S_and_15S,20880,15093.119581516252,6423.648213872686,11926.181561803445,13151.720807402873,18808.59412325443
unet,2021-08-01,2021,8,north_of_15S,31581,99508.45476988789,-3034.9274673555046,34456.024806916714,98384.71321766486,31215.50842646724
blend_reference,2021-08-01,2021,8,full_domain,78561,129045.53435365553,2731.3467590728997,61152.60343912714,121372.97428460834,67475.78503925544
blend_reference,2021-08-01,2021,8,south_of_35S,26100,15846.570106693744,3864.0188262930997,15347.917191481165,11179.88023250298,17451.68248953376
blend_reference,2021-08-01,2021,8,between_35S_and_15S,20880,14603.56329592651,6654.983551028559,11616.13789114891,12724.242770024683,18808.59412325443
blend_reference,2021-08-01,2021,8,north_of_15S,31581,98595.40095103529,-7787.6556182487575,34188.548356497064,97468.85128208068,31215.50842646724
blend_sst,2021-08-01,2021,8,full_domain,78561,125561.80917625107,7866.824839565103,60658.29868695684,117929.15133735728,67475.78503925544
blend_sst,2021-08-01,2021,8,south_of_35S,26100,16024.133343007705,4465.946260294218,15395.66177330911,11310.04580610258,17451.68248953376
blend_sst,2021-08-01,2021,8,between_35S_and_15S,20880,14528.044909720387,6575.880297635969,11610.282093981838,12658.22041549233,18808.59412325443
blend_sst,2021-08-01,2021,8,north_of_15S,31581,95009.63092352297,-3175.0017183650816,33652.354819665896,93960.88511576236,31215.50842646724
climatology,2021-08-01,2021,8,full_domain,78561,143149.11954781724,-1830.4389607915655,64152.65026486572,135438.82626276152,67475.78503925544
climatology,2021-08-01,2021,8,south_of_35S,26100,14771.903021551125,3075.0590669214725,14863.193570703268,10392.233455806878,17451.68248953376
climatology,2021-08-01,2021,8,between_35S_and_15S,20880,17783.64174362242,9165.690990481526,12992.204919666052,15517.216213720789,18808.59412325443
climatology,2021-08-01,2021,8,north_of_15S,31581,110593.5747826437,-14071.189018194564,36297.2517744964,109529.37659323386,31215.50842646724
hybrid,2021-09-01,2021,9,full_domain,78561,153970.22444841466,31536.38439536148,69392.4630156918,143774.59487050425,67475.78503925544
hybrid,2021-09-01,2021,9,south_of_35S,26100,21890.627921463805,5191.443850374996,17251.965831417496,15707.731819315677,17451.68248953376
hybrid,2021-09-01,2021,9,between_35S_and_15S,20880,26399.81603669493,3740.369036506932,15393.864098030981,23596.968567117834,18808.59412325443
hybrid,2021-09-01,2021,9,north_of_15S,31581,105679.78049025593,22604.571508479556,36746.63308624331,104469.89448407071,31215.50842646724
hybrid_sst,2021-09-01,2021,9,full_domain,78561,154120.77610471286,32552.66519823625,69427.1275702934,143947.1497887696,67475.78503925544
hybrid_sst,2021-09-01,2021,9,south_of_35S,26100,22025.481364170417,5964.084816060244,17359.936063626825,15809.210512577552,17451.68248953376
hybrid_sst,2021-09-01,2021,9,between_35S_and_15S,20880,25763.47561498841,3562.724281160988,15181.30974388057,23016.241444486757,18808.59412325443
hybrid_sst,2021-09-01,2021,9,north_of_15S,31581,106331.81912555403,23025.85610101502,36885.88176278601,105121.6978317053,31215.50842646724
unet,2021-09-01,2021,9,full_domain,78561,164961.76405098077,30339.522545590997,73237.99565156922,154444.5348577278,67475.78503925544
unet,2021-09-01,2021,9,south_of_35S,26100,22563.290768748346,3674.229090064764,17683.309238880873,16229.632850233242,17451.68248953376
unet,2021-09-01,2021,9,between_35S_and_15S,20880,26017.37323555546,2866.675692057237,15532.71431334503,23238.857608356735,18808.59412325443
unet,2021-09-01,2021,9,north_of_15S,31581,116381.10004667696,23798.617763468996,40021.972099343315,114976.04439913783,31215.50842646724
blend_reference,2021-09-01,2021,9,full_domain,78561,155761.8471991588,31237.168932918867,70054.13923423234,145527.79406513853,67475.78503925544
blend_reference,2021-09-01,2021,9,south_of_35S,26100,21977.633707572626,4812.140160297438,17320.03042290059,15781.856197818019,17451.68248953376
blend_reference,2021-09-01,2021,9,between_35S_and_15S,20880,26257.44371043621,3521.9457003945076,15379.3307897144,23465.421237077266,18808.59412325443
blend_reference,2021-09-01,2021,9,north_of_15S,31581,107526.76978114997,22903.083072226917,37354.77802161734,106280.51663024326,31215.50842646724
blend_sst,2021-09-01,2021,9,full_domain,78561,155978.83843526006,31999.379535074942,70086.05073933402,145767.42972573463,67475.78503925544
blend_sst,2021-09-01,2021,9,south_of_35S,26100,22060.372550830285,5391.620884561373,17386.100413785323,15846.218619530739,17451.68248953376
blend_sst,2021-09-01,2021,9,between_35S_and_15S,20880,25773.467186110953,3388.7121338850507,15214.12676702255,23024.52924315784,18808.59412325443
blend_sst,2021-09-01,2021,9,north_of_15S,31581,108144.99869831881,23219.046516628514,37485.82355852614,106896.68186304605,31215.50842646724
climatology,2021-09-01,2021,9,full_domain,78561,132532.37042003893,23312.235445197904,64861.35231693485,122789.88491851256,67475.78503925544
climatology,2021-09-01,2021,9,south_of_35S,26100,21998.591057176407,6154.461789667606,17683.075082719326,15712.798033502346,17451.68248953376
climatology,2021-09-01,2021,9,between_35S_and_15S,20880,23834.67005135637,5103.267053719377,14771.544002726441,21368.607056007,18808.59412325443
climatology,2021-09-01,2021,9,north_of_15S,31581,86699.10931150614,12054.506601810921,32406.73323148908,85708.4798290032,31215.50842646724
hybrid,2021-10-01,2021,10,full_domain,78561,191955.41579965362,10508.435565776246,77741.69931982571,179675.89013723296,67475.78503925544
hybrid,2021-10-01,2021,10,south_of_35S,26100,20328.417483017525,-4192.5974868152,15407.548918809694,13620.101496253123,17451.68248953376
hybrid,2021-10-01,2021,10,between_35S_and_15S,20880,43628.978644331226,687.2278316889153,19781.00042699205,39535.9230786589,18808.59412325443
hybrid,2021-10-01,2021,10,north_of_15S,31581,127998.01967230486,14013.80522090253,42553.14997402397,126519.8655623209,31215.50842646724
hybrid_sst,2021-10-01,2021,10,full_domain,78561,188343.2084249095,13156.008954013516,77484.1587245856,176437.03506253046,67475.78503925544
hybrid_sst,2021-10-01,2021,10,south_of_35S,26100,19332.13714724221,-2526.6179661441306,15309.698047119116,13053.12267359168,17451.68248953376
hybrid_sst,2021-10-01,2021,10,between_35S_and_15S,20880,44630.06852754837,757.9601374142533,20120.546125706736,40437.35402487858,18808.59412325443
hybrid_sst,2021-10-01,2021,10,north_of_15S,31581,124381.00275011892,14924.666782743398,42053.91455175974,122946.55836406021,31215.50842646724
unet,2021-10-01,2021,10,full_domain,78561,189927.22599997552,15605.756959796883,80223.90566354152,176847.23307035503,67475.78503925544
unet,2021-10-01,2021,10,south_of_35S,26100,22730.645421730453,-3108.065362125635,16694.930541545153,15160.318089682738,17451.68248953376
unet,2021-10-01,2021,10,between_35S_and_15S,20880,43205.99889420177,1265.4109488362446,20014.265294029377,39144.77457187005,18808.59412325443
unet,2021-10-01,2021,10,north_of_15S,31581,123990.58168404334,17448.411373086274,43514.70982796699,122542.14040880222,31215.50842646724
blend_reference,2021-10-01,2021,10,full_domain,78561,189269.97288349996,11782.765914281401,77936.804244778,176874.17326898873,67475.78503925544
blend_reference,2021-10-01,2021,10,south_of_35S,26100,20800.454838842914,-3921.4644556428093,15678.742346210127,13917.596135170943,17451.68248953376
blend_reference,2021-10-01,2021,10,between_35S_and_15S,20880,43374.42839004996,831.7736109757482,19802.224026209027,39304.579464570386,18808.59412325443
blend_reference,2021-10-01,2021,10,north_of_15S,31581,125095.08965460709,14872.456758948465,42455.83787235885,123651.9976692474,31215.50842646724
blend_sst,2021-10-01,2021,10,full_domain,78561,186869.8597627064,13768.445955459356,77775.7171256124,174757.4390092793,67475.78503925544
blend_sst,2021-10-01,2021,10,south_of_35S,26100,20052.181252630864,-2671.9798151395075,15623.711140300018,13494.737994472938,17451.68248953376
blend_sst,2021-10-01,2021,10,between_35S_and_15S,20880,44083.3700997402,884.8228402697515,20042.188615363033,39943.73105418721,18808.59412325443
blend_sst,2021-10-01,2021,10,north_of_15S,31581,122734.30841033535,15555.602930329114,42109.81736994934,121318.96996061917,31215.50842646724
climatology,2021-10-01,2021,10,full_domain,78561,219026.85451029747,10039.555385560496,84854.5310972301,203868.8349915269,67475.78503925544
climatology,2021-10-01,2021,10,south_of_35S,26100,25704.961819414268,1457.1896986067295,18643.731689065695,17666.224825866648,17451.68248953376
climatology,2021-10-01,2021,10,between_35S_and_15S,20880,56335.52414351101,2529.679138709558,23180.991515957343,50702.505446309,18808.59412325443
climatology,2021-10-01,2021,10,north_of_15S,31581,136986.36854737223,6052.686548244208,43029.807892207056,135500.1047193513,31215.50842646724
hybrid,2021-11-01,2021,11,full_domain,78561,258847.25240545959,3662.9130502294674,89168.99013919866,246669.1379701108,67475.78503925544
hybrid,2021-11-01,2021,11,south_of_35S,26100,15894.576641014795,124.70336865804325,14887.970744926304,11102.859819046316,17451.68248953376
hybrid,2021-11-01,2021,11,between_35S_and_15S,20880,72392.62548370546,-1447.2855248998594,23126.956790149405,67237.44848331905,18808.59412325443
hybrid,2021-11-01,2021,11,north_of_15S,31581,170560.05028073935,4985.495206471283,51154.062604122955,168328.82966774545,31215.50842646724
hybrid_sst,2021-11-01,2021,11,full_domain,78561,263354.92209450406,9636.831846205238,89285.98806645873,251072.2214135873,67475.78503925544
hybrid_sst,2021-11-01,2021,11,south_of_35S,26100,16450.168180436245,1522.4072015749587,14948.384111701138,11538.43787810801,17451.68248953376
hybrid_sst,2021-11-01,2021,11,between_35S_and_15S,20880,71880.12698815503,-1572.7302750995068,23050.676418612737,66761.24127869646,18808.59412325443
hybrid_sst,2021-11-01,2021,11,north_of_15S,31581,175024.62692591274,9687.154919729786,51286.92753614486,172772.54225678288,31215.50842646724
unet,2021-11-01,2021,11,full_domain,78561,265506.4531386448,8005.874778630212,90426.79202972539,253749.85824875586,67475.78503925544
unet,2021-11-01,2021,11,south_of_35S,26100,14194.128170796237,-1233.8122524768114,14465.388655915856,9950.518728443663,17451.68248953376
unet,2021-11-01,2021,11,between_35S_and_15S,20880,73501.22731949485,-108.76385017670691,23883.06340127997,68183.97135521457,18808.59412325443
unet,2021-11-01,2021,11,north_of_15S,31581,177811.09764835372,9348.45088128373,52078.33997252956,175615.36816509764,31215.50842646724
blend_reference,2021-11-01,2021,11,full_domain,78561,259486.08864982805,4748.653482329656,89301.34168342306,247478.20100867486,67475.78503925544
blend_reference,2021-11-01,2021,11,south_of_35S,26100,15318.123758313377,-214.92553662567025,14756.893676499665,10713.482057860198,17451.68248953376
blend_reference,2021-11-01,2021,11,between_35S_and_15S,20880,72563.47693538434,-1112.655106219072,23286.351026492855,67376.21147324656,18808.59412325443
blend_reference,2021-11-01,2021,11,north_of_15S,31581,171604.48795613035,6076.2341251743965,51258.09698043054,169388.5074775681,31215.50842646724
blend_sst,2021-11-01,2021,11,full_domain,78561,263145.282084091,9229.09257931148,89383.01752873283,251077.48093466365,67475.78503925544
blend_sst,2021-11-01,2021,11,south_of_35S,26100,15670.654801036244,833.3523380620165,14786.517341806433,10997.082553235525,17451.68248953376
blend_sst,2021-11-01,2021,11,between_35S_and_15S,20880,72179.50250085272,-1206.7386688688075,23224.523548520363,67019.35812537429,18808.59412325443
blend_sst,2021-11-01,2021,11,north_of_15S,31581,175295.12478220204,9602.478910118269,51371.976638406035,173061.04025605382,31215.50842646724
climatology,2021-11-01,2021,11,full_domain,78561,296730.0056996223,704.5483182073331,97530.74937418556,282837.26715374005,67475.78503925544
climatology,2021-11-01,2021,11,south_of_35S,26100,19301.876821032514,2731.2206687927246,16081.141941785812,13635.105207712297,17451.68248953376
climatology,2021-11-01,2021,11,between_35S_and_15S,20880,78681.7323800981,-819.7628475203419,24461.39356661295,72988.96223539322,18808.59412325443
climatology,2021-11-01,2021,11,north_of_15S,31581,198746.3964984917,-1206.9095030650496,56988.21386578679,196213.1997106345,31215.50842646724
hybrid,2021-12-01,2021,12,full_domain,78561,395044.6201235507,-11394.962762679595,108358.87673602972,371311.22242303385,67475.78503925544
hybrid,2021-12-01,2021,12,south_of_35S,26100,36045.24566103415,16159.728335053334,21152.723394131644,25517.623611041745,17451.68248953376
hybrid,2021-12-01,2021,12,between_35S_and_15S,20880,133399.04317359335,-3277.0450484193893,34466.10847352209,122798.21355498806,18808.59412325443
hybrid,2021-12-01,2021,12,north_of_15S,31581,225600.3312889232,-24277.64604931354,52740.044868375975,222995.385257004,31215.50842646724
hybrid_sst,2021-12-01,2021,12,full_domain,78561,397355.7628224128,-11262.185341961605,108440.43673456072,372940.3691744686,67475.78503925544
hybrid_sst,2021-12-01,2021,12,south_of_35S,26100,37153.88894379612,16153.551213570545,21320.794432516857,26281.119079155957,17451.68248953376
hybrid_sst,2021-12-01,2021,12,between_35S_and_15S,20880,137767.49202747957,-4848.72579557449,34699.09984276515,126852.51069322205,18808.59412325443
hybrid_sst,2021-12-01,2021,12,north_of_15S,31581,222434.3818511371,-22567.01075995766,52420.5424592787,219806.73940209066,31215.50842646724
unet,2021-12-01,2021,12,full_domain,78561,354699.8209474481,-9118.878016106784,103426.45104177482,332249.0048336752,67475.78503925544
unet,2021-12-01,2021,12,south_of_35S,26100,35687.11606372304,14335.790049672127,20495.47900789976,25287.582377473453,17451.68248953376
unet,2021-12-01,2021,12,between_35S_and_15S,20880,122583.89721268276,-3369.1408808380365,33521.900461116806,112835.18409108724,18808.59412325443
unet,2021-12-01,2021,12,north_of_15S,31581,196428.80767104225,-20085.527184940875,49409.07157275826,194126.2383651145,31215.50842646724
blend_reference,2021-12-01,2021,12,full_domain,78561,383422.9990398903,-10825.941576036386,106827.52234219653,360060.5917591807,67475.78503925544
blend_reference,2021-12-01,2021,12,south_of_35S,26100,35893.03934034368,15703.743763708035,20954.72328550082,25421.249183959975,17451.68248953376
blend_reference,2021-12-01,2021,12,between_35S_and_15S,20880,130485.79639147276,-3300.0690065240506,34193.65351743887,120115.63427177073,18808.59412325443
blend_reference,2021-12-01,2021,12,north_of_15S,31581,217044.1633080739,-23229.616333220372,51679.14553925685,214523.70830345002,31215.50842646724
blend_sst,2021-12-01,2021,12,full_domain,78561,385151.9537095791,-10726.358510497897,106883.78369986,361282.91547092766,67475.78503925544
blend_sst,2021-12-01,2021,12,south_of_35S,26100,36727.947918221456,15699.110922595943,21081.96548249727,25995.88799380329,17451.68248953376
blend_sst,2021-12-01,2021,12,between_35S_and_15S,20880,133684.7216867849,-4478.829566890376,34365.08703344094,123083.6996133014,18808.59412325443
blend_sst,2021-12-01,2021,12,north_of_15S,31581,214739.28410457273,-21946.639866203463,51436.73118392177,212203.32786382298,31215.50842646724
climatology,2021-12-01,2021,12,full_domain,78561,488965.9113772188,-21241.024078876013,118394.11729599652,461558.4259104779,67475.78503925544
climatology,2021-12-01,2021,12,south_of_35S,26100,37219.38956027145,16202.509627267718,21160.02458386123,26355.947836220952,17451.68248953376
climatology,2021-12-01,2021,12,between_35S_and_15S,20880,165630.26909921464,-4208.777856469387,37720.37513074395,152191.26841410805,18808.59412325443
climatology,2021-12-01,2021,12,north_of_15S,31581,286116.2527177326,-33234.755849674344,59513.717581391335,283011.2096601489,31215.50842646724
hybrid,2022-01-01,2022,1,full_domain,78561,248353.1944607781,23665.287101635193,89519.75664847615,236187.72148475275,67475.78503925544
hybrid,2022-01-01,2022,1,south_of_35S,26100,15931.778194707877,642.3431323336431,14813.83255281427,11265.013217759208,17451.68248953376
hybrid,2022-01-01,2022,1,between_35S_and_15S,20880,66341.51962080115,8674.819291595191,25390.695337280944,59782.685962604155,18808.59412325443
hybrid,2022-01-01,2022,1,north_of_15S,31581,166079.89664526907,14348.124677706362,49315.22875838094,165140.02230438945,31215.50842646724
hybrid_sst,2022-01-01,2022,1,full_domain,78561,238743.56110115192,17755.05835534882,86981.12003020695,227007.9908210524,67475.78503925544
hybrid_sst,2022-01-01,2022,1,south_of_35S,26100,15888.915450971355,-625.6391292691235,14677.564909116802,11305.858190111576,17451.68248953376
hybrid_sst,2022-01-01,2022,1,between_35S_and_15S,20880,62944.10330967394,6262.751581554107,24618.794530491108,56673.07266211149,18808.59412325443
hybrid_sst,2022-01-01,2022,1,north_of_15S,31581,159910.5423405066,12117.945903063835,47684.76059059904,159029.05996882933,31215.50842646724
unet,2022-01-01,2022,1,full_domain,78561,265644.31867108133,32225.21368001518,94060.22515392187,253267.2674991395,67475.78503925544
unet,2022-01-01,2022,1,south_of_35S,26100,16428.082594829386,541.1706615798175,15147.591605033726,11714.476775245024,17451.68248953376
unet,2022-01-01,2022,1,between_35S_and_15S,20880,66841.22072801413,8777.304905978264,25734.66654254007,60164.39490095698,18808.59412325443
unet,2022-01-01,2022,1,north_of_15S,31581,182375.0153482379,22906.738112457097,53177.96700634807,181388.39582293748,31215.50842646724
blend_reference,2022-01-01,2022,1,full_domain,78561,251296.77882361397,25805.26874623019,90413.13072986892,239129.45489951846,67475.78503925544
blend_reference,2022-01-01,2022,1,south_of_35S,26100,15966.188798346551,617.050014645187,14857.458859240169,11317.87778560305,17451.68248953376
blend_reference,2022-01-01,2022,1,between_35S_and_15S,20880,66308.58692318898,8700.440695190957,25431.088880023624,59734.313255155415,18808.59412325443
blend_reference,2022-01-01,2022,1,north_of_15S,31581,169022.0031020784,16487.778036394044,50124.58299060513,168077.26385876,31215.50842646724
blend_sst,2022-01-01,2022,1,full_domain,78561,243669.7391779346,21372.597186515413,88479.05050902732,231843.8613709847,67475.78503925544
blend_sst,2022-01-01,2022,1,south_of_35S,26100,15890.466019534491,-333.9366815568885,14745.127189543658,11313.322896319734,17451.68248953376
blend_sst,2022-01-01,2022,1,between_35S_and_15S,20880,63686.44147862235,6891.389912660147,24855.58026636953,57335.592121974645,18808.59412325443
blend_sst,2022-01-01,2022,1,north_of_15S,31581,164092.83167977777,14815.14395541215,48878.34305311414,163194.94635269028,31215.50842646724
climatology,2022-01-01,2022,1,full_domain,78561,261482.25543987818,15406.66412676929,90539.75311289344,249162.9769576159,67475.78503925544
climatology,2022-01-01,2022,1,south_of_35S,26100,16037.575841749547,61.52796325087547,14780.564885437489,11375.479858032999,17451.68248953376
climatology,2022-01-01,2022,1,between_35S_and_15S,20880,68504.19843677962,10305.189303450868,25886.487073156866,61914.1597305869,18808.59412325443
climatology,2022-01-01,2022,1,north_of_15S,31581,176940.48116134905,5039.946860067546,49872.70115429908,175873.337368996,31215.50842646724
hybrid,2022-02-01,2022,2,full_domain,78561,256065.71825274208,21099.975521883793,88212.81590834027,240614.595857639,67475.78503925544
hybrid,2022-02-01,2022,2,south_of_35S,26100,24197.779764342184,490.47451441387125,17008.607876043654,17667.793656398422,17451.68248953376
hybrid,2022-02-01,2022,2,between_35S_and_15S,20880,92224.10951532543,11376.171855179322,28508.435053333964,83932.46335313574,18808.59412325443
hybrid,2022-02-01,2022,2,north_of_15S,31581,139643.82897307444,9233.329152290604,42695.77297896267,139014.33884810485,31215.50842646724
hybrid_sst,2022-02-01,2022,2,full_domain,78561,257908.51131746417,23749.510525269765,88556.26111551866,242314.1423931489,67475.78503925544
hybrid_sst,2022-02-01,2022,2,south_of_35S,26100,24646.893391641293,162.61261981191524,17090.023364245193,17978.76525086155,17451.68248953376
hybrid_sst,2022-02-01,2022,2,between_35S_and_15S,20880,92936.61869550208,11875.072067171064,28621.38411346516,84642.92028476336,18808.59412325443
hybrid_sst,2022-02-01,2022,2,north_of_15S,31581,140324.9992303208,11711.82583828679,42844.8536378083,139692.45685752397,31215.50842646724
unet,2022-02-01,2022,2,full_domain,78561,259319.8564525057,25927.744525433984,89592.10048303893,243355.68265886515,67475.78503925544
unet,2022-02-01,2022,2,south_of_35S,26100,23529.466382261107,-311.2784490734339,16660.352452799678,17150.661952255537,17451.68248953376
unet,2022-02-01,2022,2,between_35S_and_15S,20880,99849.2008372187,12740.813353953417,29903.470921588596,90909.47985042825,18808.59412325443
unet,2022-02-01,2022,2,north_of_15S,31581,135941.18923302586,13498.209620554,43028.277108650655,135295.54085618132,31215.50842646724
blend_reference,2022-02-01,2022,2,full_domain,78561,256106.86374989394,22306.917772771347,88235.18005237776,240558.78042224696,67475.78503925544
blend_reference,2022-02-01,2022,2,south_of_35S,26100,23985.87549519483,290.03627354204434,16895.23044966595,17510.24361776904,17451.68248953376
blend_reference,2022-02-01,2022,2,between_35S_and_15S,20880,94021.54021133663,11717.332229872845,28837.01392008456,85576.75078151176,18808.59412325443
blend_reference,2022-02-01,2022,2,north_of_15S,31581,138099.4480433625,10299.54926935645,42502.93568262725,137471.78602296612,31215.50842646724
blend_sst,2022-02-01,2022,2,full_domain,78561,257454.10412224094,24294.069025310826,88561.46292617402,241798.86947349587,67475.78503925544
blend_sst,2022-02-01,2022,2,south_of_35S,26100,24321.687000158265,44.13985259057739,16959.05207922547,17741.577767758066,17451.68248953376
blend_sst,2022-02-01,2022,2,between_35S_and_15S,20880,94552.19326086048,12091.507388866652,28920.754972969236,86108.0097956722,18808.59412325443
blend_sst,2022-02-01,2022,2,north_of_15S,31581,138580.22386122218,12158.421783853591,42681.655873979325,137949.28191006556,31215.50842646724
climatology,2022-02-01,2022,2,full_domain,78561,292120.3785431034,12174.252643739223,93476.08034967387,276834.5838511297,67475.78503925544
climatology,2022-02-01,2022,2,south_of_35S,26100,24086.327186172603,130.49084067344666,16892.594237804413,17655.892042059713,17451.68248953376
climatology,2022-02-01,2022,2,between_35S_and_15S,20880,89848.16567027953,11643.505910129636,28323.02768831083,81761.87943680745,18808.59412325443
climatology,2022-02-01,2022,2,north_of_15S,31581,178185.8856866513,400.2558929361403,48260.45842355862,177416.8123722625,31215.50842646724
hybrid,2022-03-01,2022,3,full_domain,78561,523330.5693325498,-37230.30736361966,114525.0197071129,507270.74471136474,67475.78503925544
hybrid,2022-03-01,2022,3,south_of_35S,26100,26852.48342989513,-9971.168415758435,18993.915338406,19461.905638470467,17451.68248953376
hybrid,2022-03-01,2022,3,between_35S_and_15S,20880,82674.55180892107,11655.479990717744,28628.872384107908,74981.74635165033,18808.59412325443
hybrid,2022-03-01,2022,3,north_of_15S,31581,413803.5340937335,-38914.61893857897,66902.23198459898,412827.092721244,31215.50842646724
hybrid_sst,2022-03-01,2022,3,full_domain,78561,528964.5395373047,-40329.332165169275,114816.00539951991,512689.23475302785,67475.78503925544
hybrid_sst,2022-03-01,2022,3,south_of_35S,26100,28298.275762230318,-11320.851041566257,19338.27960397255,20543.994361805613,17451.68248953376
hybrid_sst,2022-03-01,2022,3,between_35S_and_15S,20880,80947.29219968065,9143.488092706446,28167.89596801986,73394.02464821546,18808.59412325443
hybrid_sst,2022-03-01,2022,3,north_of_15S,31581,419718.9715753937,-38151.969216309466,67309.8298275275,418751.2157430068,31215.50842646724
unet,2022-03-01,2022,3,full_domain,78561,562876.4419978508,-20017.13017890416,118903.89948417805,546850.1268302615,67475.78503925544
unet,2022-03-01,2022,3,south_of_35S,26100,24085.314600266942,-6302.37898285687,18024.739258036017,17499.32905662974,17451.68248953376
unet,2022-03-01,2022,3,between_35S_and_15S,20880,90580.3126816765,13856.499935599044,29683.362565735355,82197.71914622589,18808.59412325443
unet,2022-03-01,2022,3,north_of_15S,31581,448210.81471590727,-27571.251131646335,71195.79766040668,447153.078627406,31215.50842646724
blend_reference,2022-03-01,2022,3,full_domain,78561,529891.4583832456,-32927.013067440785,114879.44047010086,513959.1364601853,67475.78503925544
blend_reference,2022-03-01,2022,3,south_of_35S,26100,25915.14978499791,-9053.971057533043,18634.778396142723,18807.490805346093,17451.68248953376
blend_reference,2022-03-01,2022,3,between_35S_and_15S,20880,84460.228374191,12205.734976938069,28850.524323003265,76616.33110244639,18808.59412325443
blend_reference,2022-03-01,2022,3,north_of_15S,31581,419516.0802240567,-36078.77698684581,67394.13775095488,418535.31455239275,31215.50842646724
blend_sst,2022-03-01,2022,3,full_domain,78561,534508.2709456183,-35251.28166860301,115124.41584399388,518454.0191931487,67475.78503925544
blend_sst,2022-03-01,2022,3,south_of_35S,26100,26913.494512108166,-10066.23302688891,18844.490592787413,19553.127981625345,17451.68248953376
blend_sst,2022-03-01,2022,3,between_35S_and_15S,20880,82976.2688699024,10321.741053429594,28480.989092070617,75257.75219011225,18808.59412325443
blend_sst,2022-03-01,2022,3,north_of_15S,31581,424618.50756360765,-35506.789695143685,67798.93615913588,423643.13902141113,31215.50842646724
climatology,2022-03-01,2022,3,full_domain,78561,513075.7385041067,-40252.57280552108,114940.46669639554,497535.31070675503,67475.78503925544
climatology,2022-03-01,2022,3,south_of_35S,26100,26883.153972579406,-8467.865564584732,19368.98631387949,19519.496932147253,17451.68248953376
climatology,2022-03-01,2022,3,between_35S_and_15S,20880,76484.93145135195,12668.540909143165,27636.590136649087,69317.3082392991,18808.59412325443
climatology,2022-03-01,2022,3,north_of_15S,31581,409707.6530801754,-44453.24815007951,67934.89024586696,408698.5055353088,31215.50842646724
hybrid,2022-04-01,2022,4,full_domain,78561,266941.0894789747,25535.1343121363,97658.80264270405,247229.6361906208,67475.78503925544
hybrid,2022-04-01,2022,4,south_of_35S,26100,45028.086913440384,1760.6147183882408,25266.228016971392,30583.596112787145,17451.68248953376
hybrid,2022-04-01,2022,4,between_35S_and_15S,20880,42931.62396091958,5148.428063004745,20180.930474558714,38775.84515000788,18808.59412325443
hybrid,2022-04-01,2022,4,north_of_15S,31581,178981.37860461473,18626.09153074331,52211.64415117395,177870.1949278258,31215.50842646724
hybrid_sst,2022-04-01,2022,4,full_domain,78561,272675.2061970055,27040.73862575591,98530.86314653287,252485.80635165787,67475.78503925544
hybrid_sst,2022-04-01,2022,4,south_of_35S,26100,46260.43411261708,678.7625375831833,25488.673114761197,31417.305057574842,17451.68248953376
hybrid_sst,2022-04-01,2022,4,between_35S_and_15S,20880,43772.5530899286,4228.110756611803,20169.475363781563,39503.344676906694,18808.59412325443
hybrid_sst,2022-04-01,2022,4,north_of_15S,31581,182642.2189944598,22133.86533156092,52872.71466799012,181565.1566171763,31215.50842646724
unet,2022-04-01,2022,4,full_domain,78561,269720.32234685274,26371.57937793061,97631.97605626471,250859.48667259136,67475.78503925544
unet,2022-04-01,2022,4,south_of_35S,26100,42581.378034072666,1376.5331791043282,24751.53073579073,29024.67459670081,17451.68248953376
unet,2022-04-01,2022,4,between_35S_and_15S,20880,43157.50193418187,3064.679630530067,19924.368655954488,38914.68634499573,18808.59412325443
unet,2022-04-01,2022,4,north_of_15S,31581,183981.44237859818,21930.366568296216,52956.076664519496,182920.12573089483,31215.50842646724
blend_reference,2022-04-01,2022,4,full_domain,78561,266703.8817418641,25744.245578584872,97447.32823910615,247296.02254564702,67475.78503925544
blend_reference,2022-04-01,2022,4,south_of_35S,26100,44225.3192927393,1664.5943335672625,25094.36256420115,30064.286385878742,17451.68248953376
blend_reference,2022-04-01,2022,4,between_35S_and_15S,20880,42788.107213637675,4627.490954886075,20070.640536311803,38636.20983918604,18808.59412325443
blend_reference,2022-04-01,2022,4,north_of_15S,31581,179690.4552354871,19452.16029013154,52282.3251385932,178595.52632058223,31215.50842646724
blend_sst,2022-04-01,2022,4,full_domain,78561,271096.5690159998,26873.448813799587,98117.2881245435,251340.6115925524,67475.78503925544
blend_sst,2022-04-01,2022,4,south_of_35S,26100,45088.806736716564,853.2051979634696,25249.527257940437,30648.304998535503,17451.68248953376
blend_sst,2022-04-01,2022,4,between_35S_and_15S,20880,43477.2064813782,3937.2529750913686,20074.166713676423,39231.45933196,18808.59412325443
blend_sst,2022-04-01,2022,4,north_of_15S,31581,182530.55579790508,22082.990640744745,52793.59415292663,181460.8472620569,31215.50842646724
climatology,2022-04-01,2022,4,full_domain,78561,258425.63073221536,7913.488392740954,94648.99013765203,240848.3459948569,67475.78503925544
climatology,2022-04-01,2022,4,south_of_35S,26100,39471.937502270215,-689.8431906700134,23965.57075071335,27233.958020281447,17451.68248953376
climatology,2022-04-01,2022,4,between_35S_and_15S,20880,41641.54500914686,5175.748652777169,19875.042366447393,37399.20724349378,18808.59412325443
climatology,2022-04-01,2022,4,north_of_15S,31581,177312.1482207983,3427.5829306337982,50808.37702049129,176215.1807310817,31215.50842646724
hybrid,2022-05-01,2022,5,full_domain,78561,225643.42273021702,8911.004053912675,82135.82154385821,215357.6942497858,67475.78503925544
hybrid,2022-05-01,2022,5,south_of_35S,26100,22884.471459017856,4459.742317202107,17533.10595735353,16507.337220112448,17451.68248953376
hybrid,2022-05-01,2022,5,between_35S_and_15S,20880,26767.653045651074,291.2965380831829,15435.870069170584,23646.878398378245,18808.59412325443
hybrid,2022-05-01,2022,5,north_of_15S,31581,175991.2982255481,4159.965198627387,49166.845517334106,175203.47863129515,31215.50842646724
hybrid_sst,2022-05-01,2022,5,full_domain,78561,227288.06215966417,15392.43665982861,83125.29385504515,216542.9077350297,67475.78503925544
hybrid_sst,2022-05-01,2022,5,south_of_35S,26100,24242.526169273973,4937.733906237946,17818.212163600863,17439.353903440227,17451.68248953376
hybrid_sst,2022-05-01,2022,5,between_35S_and_15S,20880,26998.48060876183,521.492220912545,15596.930636000145,23852.037365081513,18808.59412325443
hybrid_sst,2022-05-01,2022,5,north_of_15S,31581,176047.05538162842,9933.21053267812,49710.15105544414,175251.51646650798,31215.50842646724
unet,2022-05-01,2022,5,full_domain,78561,231128.64170868054,13367.62838661857,83463.70647808723,220554.74078282205,67475.78503925544
unet,2022-05-01,2022,5,south_of_35S,26100,23834.86130647385,3859.8490322232246,17646.940377414227,17136.16079738519,17451.68248953376
unet,2022-05-01,2022,5,between_35S_and_15S,20880,26574.293317712938,544.7086028270423,15486.041714113206,23495.133562979576,18808.59412325443
unet,2022-05-01,2022,5,north_of_15S,31581,180719.4870844938,8963.070751568303,50330.7243865598,179923.4464224573,31215.50842646724
blend_reference,2022-05-01,2022,5,full_domain,78561,226321.1706234342,10025.160137089151,82335.51228572699,215994.10788800978,67475.78503925544
blend_reference,2022-05-01,2022,5,south_of_35S,26100,23051.789930634426,4309.768995957386,17535.242220030552,16616.94227740995,17451.68248953376
blend_reference,2022-05-01,2022,5,between_35S_and_15S,20880,26677.342789806447,354.64955426914753,15428.004910525795,23571.91934723724,18808.59412325443
blend_reference,2022-05-01,2022,5,north_of_15S,31581,176592.03790299338,5360.741586862616,49372.26515517064,175805.2462633626,31215.50842646724
blend_sst,2022-05-01,2022,5,full_domain,78561,227776.3525091158,14886.234591526101,83093.61828741441,217104.8175358614,67475.78503925544
blend_sst,2022-05-01,2022,5,south_of_35S,26100,24070.390493824947,4668.2626877342655,17736.734922701795,17316.5956680696,17451.68248953376
blend_sst,2022-05-01,2022,5,between_35S_and_15S,20880,26846.188116107216,527.2963163911695,15544.119559830506,23721.73986808292,18808.59412325443
blend_sst,2022-05-01,2022,5,north_of_15S,31581,176859.77389918367,9690.675587400667,49812.76380488212,176066.48199970883,31215.50842646724
climatology,2022-05-01,2022,5,full_domain,78561,259937.19942828803,9342.839544754941,88014.39341898868,248743.3634251644,67475.78503925544
climatology,2022-05-01,2022,5,south_of_35S,26100,26395.95150187748,6373.570702672005,18785.264531493187,19400.708198200737,17451.68248953376
climatology,2022-05-01,2022,5,between_35S_and_15S,20880,28296.899707369743,2571.6334682866,16574.13247425994,24967.852839790576,18808.59412325443
climatology,2022-05-01,2022,5,north_of_15S,31581,205244.34821904078,397.63537379633635,52654.99641323555,204374.8023871731,31215.50842646724
hybrid,2022-06-01,2022,6,full_domain,78561,295269.9080740353,-3282.879850206422,89138.40380516184,281613.78946152824,67475.78503925544
hybrid,2022-06-01,2022,6,south_of_35S,26100,32272.482971831487,8136.488238739355,20521.419288968224,22677.142434033252,17451.68248953376
hybrid,2022-06-01,2022,6,between_35S_and_15S,20880,16645.090453590616,-368.4593740167213,13244.316763286066,14630.21959628438,18808.59412325443
hybrid,2022-06-01,2022,6,north_of_15S,31581,246352.33464861315,-11050.908714929057,55372.667752907546,244306.42743121058,31215.50842646724
hybrid_sst,2022-06-01,2022,6,full_domain,78561,289855.4573712051,-2202.7586313973497,88420.55584657846,276345.8518194993,67475.78503925544
hybrid_sst,2022-06-01,2022,6,south_of_35S,26100,31806.415792748146,7669.344502172008,20346.954408306174,22269.817369777767,17451.68248953376
hybrid_sst,2022-06-01,2022,6,between_35S_and_15S,20880,16763.71767409094,-1073.5015848512585,13269.710090915782,14734.9383014316,18808.59412325443
hybrid_sst,2022-06-01,2022,6,north_of_15S,31581,241285.32390436603,-8798.6015487181,54803.8913473565,239341.09614828991,31215.50842646724
unet,2022-06-01,2022,6,full_domain,78561,290456.95117284893,900.5767861967906,89005.48228024971,276176.85280166415,67475.78503925544
unet,2022-06-01,2022,6,south_of_35S,26100,34117.49211316841,6677.656938150525,21037.198345258832,23856.24350932278,17451.68248953376
unet,2022-06-01,2022,6,between_35S_and_15S,20880,17405.556877678984,568.4671621527523,13689.561278898269,15309.00857767222,18808.59412325443
unet,2022-06-01,2022,6,north_of_15S,31581,238933.90218200153,-6345.547314106487,54278.72265609261,237011.60071466916,31215.50842646724
blend_reference,2022-06-01,2022,6,full_domain,78561,293459.80451329896,-2237.015691105619,88974.97977737326,279687.67115588114,67475.78503925544
blend_reference,2022-06-01,2022,6,south_of_35S,26100,32651.934036759674,7771.780413592147,20615.119953501668,22918.768315066587,17451.68248953376
blend_reference,2022-06-01,2022,6,between_35S_and_15S,20880,16754.96318411352,-134.22773997435274,13324.861509106222,14728.17678946331,18808.59412325443
blend_reference,2022-06-01,2022,6,north_of_15S,31581,244052.90729242575,-9874.568364723413,55034.99831476537,242040.72605135126,31215.50842646724
blend_sst,2022-06-01,2022,6,full_domain,78561,289502.9160873333,-1426.924776998815,88428.68321188,275846.62048134574,67475.78503925544
blend_sst,2022-06-01,2022,6,south_of_35S,26100,32284.73960821398,7421.422611166636,20480.656025337823,22599.842175183876,17451.68248953376
blend_sst,2022-06-01,2022,6,between_35S_and_15S,20880,16825.732439424668,-663.0093981002558,13333.770961453134,14790.7284969001,18808.59412325443
blend_sst,2022-06-01,2022,6,north_of_15S,31581,240392.44403969467,-8185.337990065194,54614.25622508904,238456.0498092617,31215.50842646724
climatology,2022-06-01,2022,6,full_domain,78561,284190.71545970964,-13324.663542180788,85777.7347493046,271373.1053853852,67475.78503925544
climatology,2022-06-01,2022,6,south_of_35S,26100,28526.091980797584,7386.608177661896,20028.019394636154,20052.328049601965,17451.68248953376
climatology,2022-06-01,2022,6,between_35S_and_15S,20880,17470.746017006873,1585.2468619169667,13298.599315836094,15312.41481204018,18808.59412325443
climatology,2022-06-01,2022,6,north_of_15S,31581,238193.87746190515,-22296.51858175965,52451.11603883235,236008.3625237431,31215.50842646724
hybrid,2022-07-01,2022,7,full_domain,78561,171231.7667314213,2099.760198942661,69463.3969048459,159484.7264683446,67475.78503925544
hybrid,2022-07-01,2022,7,south_of_35S,26100,31112.4964716111,-9964.41389814874,19624.796604866326,22796.9206946423,17451.68248953376
hybrid,2022-07-01,2022,7,between_35S_and_15S,20880,19774.862738560227,5225.718918231462,13065.141971067867,17146.99236807606,18808.59412325443
hybrid,2022-07-01,2022,7,north_of_15S,31581,120344.40752124997,6838.455178859938,36773.45832891171,119540.81340562625,31215.50842646724
hybrid_sst,2022-07-01,2022,7,full_domain,78561,171020.9895442378,2342.491800744188,69366.65069741024,159236.71489197918,67475.78503925544
hybrid_sst,2022-07-01,2022,7,south_of_35S,26100,31349.841725662223,-10053.550112282092,19715.3770058825,22983.02349634286,17451.68248953376
hybrid_sst,2022-07-01,2022,7,between_35S_and_15S,20880,19569.54652372506,4803.8407701709375,12886.573482550606,16957.68088953488,18808.59412325443
hybrid_sst,2022-07-01,2022,7,north_of_15S,31581,120101.60129485051,7592.2011428553415,36764.700208977134,119296.01050610145,31215.50842646724
unet,2022-07-01,2022,7,full_domain,78561,173554.69143607197,6817.717704953626,72658.39497243427,161796.7962236709,67475.78503925544
unet,2022-07-01,2022,7,south_of_35S,26100,31197.916183164736,-10899.979287683964,19863.233400940895,22802.570956717303,17451.68248953376
unet,2022-07-01,2022,7,between_35S_and_15S,20880,19562.514920416135,6593.772265216336,14056.349841201678,17044.283707053542,18808.59412325443
unet,2022-07-01,2022,7,north_of_15S,31581,122794.26033249109,11123.924727421254,38738.811730291694,121949.94155990006,31215.50842646724
blend_reference,2022-07-01,2022,7,full_domain,78561,171160.49738083448,3279.249575445405,70068.72508319597,159451.10515237352,67475.78503925544
blend_reference,2022-07-01,2022,7,south_of_35S,26100,31061.72084926065,-10198.305245532545,19639.309154000162,22751.166536351513,17451.68248953376
blend_reference,2022-07-01,2022,7,between_35S_and_15S,20880,19599.767613067816,5567.732254977681,13264.597452250737,17010.15586324827,18808.59412325443
blend_reference,2022-07-01,2022,7,north_of_15S,31581,120499.00891850599,7909.822566000266,37164.81847694506,119689.78275277375,31215.50842646724
blend_sst,2022-07-01,2022,7,full_domain,78561,171105.7175244862,3461.298276796549,70009.77722678926,159373.56820703778,67475.78503925544
blend_sst,2022-07-01,2022,7,south_of_35S,26100,31222.22678249356,-10265.15740613256,19698.8763512398,22878.44960548859,17451.68248953376
blend_sst,2022-07-01,2022,7,between_35S_and_15S,20880,19431.994228868858,5251.323643932287,13129.461421147114,16855.961431194366,18808.59412325443
blend_sst,2022-07-01,2022,7,north_of_15S,31581,120451.49651312374,8475.13203899682,37181.439454402345,119639.15717035483,31215.50842646724
climatology,2022-07-01,2022,7,full_domain,78561,174733.28792502455,-6664.636635257746,68532.91571662913,163885.48907221938,67475.78503925544
climatology,2022-07-01,2022,7,south_of_35S,26100,26433.557762988487,-10720.553525805473,18428.477161347866,19192.654753264746,17451.68248953376
climatology,2022-07-01,2022,7,between_35S_and_15S,20880,22130.273662084273,8041.530165916774,14128.3511518077,19369.169433873696,18808.59412325443
climatology,2022-07-01,2022,7,north_of_15S,31581,126169.45649995182,-3985.613275369047,35976.08740347356,125323.66488508096,31215.50842646724
hybrid,2022-08-01,2022,8,full_domain,78561,114778.31416093763,14414.677159343206,56304.45646969906,106728.60807716518,67475.78503925544
hybrid,2022-08-01,2022,8,south_of_35S,26100,18547.259410995193,8539.837920033726,16317.600321711212,13389.453500755893,17451.68248953376
hybrid,2022-08-01,2022,8,between_35S_and_15S,20880,19719.700023529535,-2274.3377042566444,12519.07505812613,17502.98248485012,18808.59412325443
hybrid,2022-08-01,2022,8,north_of_15S,31581,76511.35472641289,8149.1769435661245,27467.781089861703,75836.17209155919,31215.50842646724
hybrid_sst,2022-08-01,2022,8,full_domain,78561,111008.47934001041,14433.948197839898,55941.4151486815,103183.03377044755,67475.78503925544
hybrid_sst,2022-08-01,2022,8,south_of_35S,26100,17792.261149141123,8328.43906263763,15991.315131656123,12851.662962453905,17451.68248953376
hybrid_sst,2022-08-01,2022,8,between_35S_and_15S,20880,20089.247887228517,-2784.3804869097676,12503.929319109442,17853.687349950775,18808.59412325443
hybrid_sst,2022-08-01,2022,8,north_of_15S,31581,73126.97030364077,8889.889622112036,27446.17069791593,72477.68345804288,31215.50842646724
unet,2022-08-01,2022,8,full_domain,78561,118469.51763953576,21253.15536399372,60677.167507370934,110002.5128323656,67475.78503925544
unet,2022-08-01,2022,8,south_of_35S,26100,19811.26185994108,8717.49952545762,16766.676093429327,14361.59242131659,17451.68248953376
unet,2022-08-01,2022,8,between_35S_and_15S,20880,21129.655522009,-1270.5711696539074,13514.13890647702,18773.853573739056,18808.59412325443
unet,2022-08-01,2022,8,north_of_15S,31581,77528.60025758567,13806.227008190006,30396.352507464588,76867.06683730996,31215.50842646724
blend_reference,2022-08-01,2022,8,full_domain,78561,114992.36599941293,16124.296710505832,57162.51739669894,106884.52366304882,67475.78503925544
blend_reference,2022-08-01,2022,8,south_of_35S,26100,18757.946270020006,8584.2533213897,16376.510845578005,13562.711272275112,17451.68248953376
blend_reference,2022-08-01,2022,8,between_35S_and_15S,20880,20018.21195465171,-2023.3960706059597,12747.32201258209,17772.029830082392,18808.59412325443
blend_reference,2022-08-01,2022,8,north_of_15S,31581,76216.2077747412,9563.439459722093,28038.684538538844,75549.78256069131,31215.50842646724
blend_sst,2022-08-01,2022,8,full_domain,78561,112300.75468320391,16138.749989378353,56888.2298371425,104364.40442196159,67475.78503925544
blend_sst,2022-08-01,2022,8,south_of_35S,26100,18181.21095488629,8425.704178342628,16131.577494010593,13152.305025222837,17451.68248953376
blend_sst,2022-08-01,2022,8,between_35S_and_15S,20880,20284.450941031995,-2405.928157595802,12725.885100060425,18025.476336585743,18808.59412325443
blend_sst,2022-08-01,2022,8,north_of_15S,31581,73835.09278728563,10118.973968631528,28030.767243071485,73186.62306015301,31215.50842646724
climatology,2022-08-01,2022,8,full_domain,78561,114207.63065097717,8097.341190575622,58106.54077100009,104671.43413684744,67475.78503925544
climatology,2022-08-01,2022,8,south_of_35S,26100,23860.146133806793,9461.411605983973,18286.37841269374,17328.030132806576,17451.68248953376
climatology,2022-08-01,2022,8,between_35S_and_15S,20880,19235.68962495389,96.56867602840066,13072.116343419999,16932.689583447456,18808.59412325443
climatology,2022-08-01,2022,8,north_of_15S,31581,71111.79489221648,-1460.6390914367512,26748.04601488635,70410.71442059342,31215.50842646724
hybrid,2022-09-01,2022,9,full_domain,78561,169132.26944057422,31357.487039242773,71002.1059847794,159572.48686248538,67475.78503925544
hybrid,2022-09-01,2022,9,south_of_35S,26100,20201.965296508057,3907.1378789369583,16944.717292911184,14127.193205884623,17451.68248953376
hybrid,2022-09-01,2022,9,between_35S_and_15S,20880,21805.950803118387,1553.8468100552454,13274.748577793456,19392.948856934738,18808.59412325443
hybrid,2022-09-01,2022,9,north_of_15S,31581,127124.35334094777,25896.502350250572,40782.64011407475,126052.34479966603,31215.50842646724
hybrid_sst,2022-09-01,2022,9,full_domain,78561,169173.78742019262,31830.06635744744,71305.39284686849,159774.36637356842,67475.78503925544
hybrid_sst,2022-09-01,2022,9,south_of_35S,26100,19792.813957362963,4184.035000973625,16816.53545494531,13831.726199284012,17451.68248953376
hybrid_sst,2022-09-01,2022,9,between_35S_and_15S,20880,21525.430048646846,1110.5942479805562,13132.315271646261,19177.704722594295,18808.59412325443
hybrid_sst,2022-09-01,2022,9,north_of_15S,31581,127855.54341418279,26535.437108493257,41356.54212027692,126764.93545169014,31215.50842646724
unet,2022-09-01,2022,9,full_domain,78561,185929.8946301979,36856.63259355817,75646.70414898079,175862.8151824731,67475.78503925544
unet,2022-09-01,2022,9,south_of_35S,26100,20907.034156545924,3516.4860016405582,17489.617831498384,14571.065669154636,17451.68248953376
unet,2022-09-01,2022,9,between_35S_and_15S,20880,22930.216283604266,2401.3269689045846,13762.924297023565,20346.123289882777,18808.59412325443
unet,2022-09-01,2022,9,north_of_15S,31581,142092.6441900477,30938.819623013027,44394.16202045884,140945.62622343568,31215.50842646724
blend_reference,2022-09-01,2022,9,full_domain,78561,172415.3348472517,32732.273427821623,71977.85801169813,162759.7320147655,67475.78503925544
blend_reference,2022-09-01,2022,9,south_of_35S,26100,20324.542002339665,3809.4749096128585,17058.859805102144,14200.541553584379,17451.68248953376
blend_reference,2022-09-01,2022,9,between_35S_and_15S,20880,22016.79601575031,1765.7168497675793,13357.15284374629,19568.654495349423,18808.59412325443
blend_reference,2022-09-01,2022,9,north_of_15S,31581,130073.99682916171,27157.081668441184,41561.8453628497,128990.53596583172,31215.50842646724
blend_sst,2022-09-01,2022,9,full_domain,78561,172530.41572999,33086.70791647512,72154.95746972023,162998.76816259476,67475.78503925544
blend_sst,2022-09-01,2022,9,south_of_35S,26100,20013.121540930675,4017.1477511403577,16957.218785718,13976.140749671704,17451.68248953376
blend_sst,2022-09-01,2022,9,between_35S_and_15S,20880,21785.580820628806,1433.2774282115624,13241.163209545208,19388.885685291807,18808.59412325443
blend_sst,2022-09-01,2022,9,north_of_15S,31581,130731.7133684305,27636.282737123198,41956.575474457015,129633.74172763125,31215.50842646724
climatology,2022-09-01,2022,9,full_domain,78561,164921.34503955708,29623.64062708267,72941.47723321267,153537.05106862786,67475.78503925544
climatology,2022-09-01,2022,9,south_of_35S,26100,25242.535011931832,6422.518659174442,19201.505175292492,17719.513182461425,17451.68248953376
climatology,2022-09-01,2022,9,between_35S_and_15S,20880,23837.480660214842,3146.5562382896896,14332.505530889845,21091.3462844199,18808.59412325443
climatology,2022-09-01,2022,9,north_of_15S,31581,115841.32936741042,20054.565729618538,39407.46652703034,114726.19160174651,31215.50842646724
hybrid,2022-10-01,2022,10,full_domain,78561,202611.78574328023,9662.235071304283,74572.82754911692,192810.3617153727,67475.78503925544
hybrid,2022-10-01,2022,10,south_of_35S,26100,12563.485623542536,2086.608303018755,13816.531186508377,8839.598058267933,17451.68248953376
hybrid,2022-10-01,2022,10,between_35S_and_15S,20880,43746.46774103673,10433.938554420274,21455.248079992543,38981.50312387632,18808.59412325443
hybrid,2022-10-01,2022,10,north_of_15S,31581,146301.83237870093,-2858.311786134748,39301.04828261599,144989.26053322852,31215.50842646724
hybrid_sst,2022-10-01,2022,10,full_domain,78561,201070.29853392034,6188.497169650406,73747.48191284372,191336.69709344977,67475.78503925544
hybrid_sst,2022-10-01,2022,10,south_of_35S,26100,12696.374942176695,1202.703445394433,13785.28401095638,8912.090579018955,17451.68248953376
hybrid_sst,2022-10-01,2022,10,between_35S_and_15S,20880,42571.54670453917,9236.821832415073,20946.811635688286,37936.54417573933,18808.59412325443
hybrid_sst,2022-10-01,2022,10,north_of_15S,31581,145802.3768872045,-4251.0281081591,39015.38626619904,144488.0623386915,31215.50842646724
unet,2022-10-01,2022,10,full_domain,78561,207567.83175825127,13912.014594039414,76508.99528850475,196934.1767887728,67475.78503925544
unet,2022-10-01,2022,10,south_of_35S,26100,13605.601251837215,562.4421159923077,14325.233248502016,9456.933929477656,17451.68248953376
unet,2022-10-01,2022,10,between_35S_and_15S,20880,47172.333273028424,10555.81230586255,22211.990880864207,42007.999076160755,18808.59412325443
unet,2022-10-01,2022,10,north_of_15S,31581,146789.89723338562,2793.7601721845567,39971.77115913853,145469.2437831344,31215.50842646724
blend_reference,2022-10-01,2022,10,full_domain,78561,203036.80375867707,10724.679951988064,74811.6291023182,193073.688649997,67475.78503925544
blend_reference,2022-10-01,2022,10,south_of_35S,26100,12739.293419050671,1705.566756262143,13900.524036016064,8939.469439249944,17451.68248953376
blend_reference,2022-10-01,2022,10,between_35S_and_15S,20880,44515.504008646414,10464.406992280843,21599.25699851086,39659.73714856405,18808.59412325443
blend_reference,2022-10-01,2022,10,north_of_15S,31581,145782.00633098,-1445.2937965549227,39311.84806779126,144474.48206218303,31215.50842646724
blend_sst,2022-10-01,2022,10,full_domain,78561,201706.55188269442,8119.376525747657,74184.55889228996,191794.56980223535,67475.78503925544
blend_sst,2022-10-01,2022,10,south_of_35S,26100,12851.844433421922,1042.638113043901,13883.585299083525,9001.306017883007,17451.68248953376
blend_sst,2022-10-01,2022,10,between_35S_and_15S,20880,43581.937755038445,9566.569450776942,21212.090236896274,38828.32867221361,18808.59412325443
blend_sst,2022-10-01,2022,10,north_of_15S,31581,145272.76969423404,-2489.8310380731873,39088.883356310165,143964.93511213874,31215.50842646724
climatology,2022-10-01,2022,10,full_domain,78561,208404.1502239895,5006.806209535105,75231.57190492819,198130.67428666537,67475.78503925544
climatology,2022-10-01,2022,10,south_of_35S,26100,13483.787226161425,2121.3742689192295,14705.876862198114,9352.550904648962,17451.68248953376
climatology,2022-10-01,2022,10,between_35S_and_15S,20880,42544.96772875176,10001.707871009363,20969.744585041655,37777.319853838235,18808.59412325443
climatology,2022-10-01,2022,10,north_of_15S,31581,152375.3952690763,-7116.275930393487,39555.95045768842,151000.80352817816,31215.50842646724
hybrid,2022-11-01,2022,11,full_domain,78561,484635.1339657129,10407.816801568513,121442.15036100055,461791.22895696206,67475.78503925544
hybrid,2022-11-01,2022,11,south_of_35S,26100,29770.652462838072,11626.044488547781,19903.70023893282,21217.92907555169,17451.68248953376
hybrid,2022-11-01,2022,11,between_35S_and_15S,20880,153865.69518676208,9918.549046453978,34430.73102299789,142827.39630712845,18808.59412325443
hybrid,2022-11-01,2022,11,north_of_15S,31581,300998.78631611285,-11136.776733433248,67107.71909906986,297745.903574282,31215.50842646724
hybrid_sst,2022-11-01,2022,11,full_domain,78561,472554.4994975161,4462.23835561878,119171.19845428737,451190.86822673446,67475.78503925544
hybrid_sst,2022-11-01,2022,11,south_of_35S,26100,26789.82911923676,9425.60614907969,18990.721604518716,19115.321538009986,17451.68248953376
hybrid_sst,2022-11-01,2022,11,between_35S_and_15S,20880,146796.22566660878,8038.972586623563,33107.40672088174,136347.99090118395,18808.59412325443
hybrid_sst,2022-11-01,2022,11,north_of_15S,31581,298968.4447116705,-13002.340380084472,67073.0701288869,295727.55578754056,31215.50842646724
unet,2022-11-01,2022,11,full_domain,78561,464755.5771572353,18002.26026994828,120749.00975600164,442577.30637960864,67475.78503925544
unet,2022-11-01,2022,11,south_of_35S,26100,28560.566227081214,11231.084508627653,20028.476527124643,20295.977232666744,17451.68248953376
unet,2022-11-01,2022,11,between_35S_and_15S,20880,149327.00668005255,10411.588892593049,34163.66700729448,138562.12182094884,18808.59412325443
unet,2022-11-01,2022,11,north_of_15S,31581,286868.0042501015,-3640.4131312724203,66556.86622158252,283719.207325993,31215.50842646724
blend_reference,2022-11-01,2022,11,full_domain,78561,478278.48251705425,12306.427668663455,121023.21329392001,455658.0449405978,67475.78503925544
blend_reference,2022-11-01,2022,11,south_of_35S,26100,29407.14606973866,11527.30449356775,19913.98425199987,20946.937871325365,17451.68248953376
blend_reference,2022-11-01,2022,11,between_35S_and_15S,20880,152434.58853777786,10041.809007988748,34323.23798537107,141492.02891012793,18808.59412325443
blend_reference,2022-11-01,2022,11,north_of_15S,31581,296436.74790953775,-9262.685832893038,66785.99105654906,293219.0781591445,31215.50842646724
blend_sst,2022-11-01,2022,11,full_domain,78561,469142.7836484522,7847.243834201158,119308.024036157,447639.4057786871,67475.78503925544
blend_sst,2022-11-01,2022,11,south_of_35S,26100,27134.09669225385,9876.975738966681,19214.388622554576,19342.18877735977,17451.68248953376
blend_sst,2022-11-01,2022,11,between_35S_and_15S,20880,147175.7682927639,8632.126663115934,33330.46960946088,136672.35683012352,18808.59412325443
blend_sst,2022-11-01,2022,11,north_of_15S,31581,294832.91866343445,-10661.858567881456,66763.16580414154,291624.86017120373,31215.50842646724
climatology,2022-11-01,2022,11,full_domain,78561,560546.5575544046,2588.8104031682706,131722.7330447848,533440.0428555489,67475.78503925544
climatology,2022-11-01,2022,11,south_of_35S,26100,36788.0672841366,14229.246562957764,22009.078124046326,26244.33128854833,17451.68248953376
climatology,2022-11-01,2022,11,between_35S_and_15S,20880,177565.4172167856,9844.566681288252,37425.99112432853,164602.1160331705,18808.59412325443
climatology,2022-11-01,2022,11,north_of_15S,31581,346193.07305348245,-21485.002841077745,72287.66379640996,342593.5955338301,31215.50842646724
hybrid,2022-12-01,2022,12,full_domain,78561,234013.87240730957,20765.76300730015,87977.37972200708,221441.29881986868,67475.78503925544
hybrid,2022-12-01,2022,12,south_of_35S,26100,18827.681601749755,-3515.5319651126892,15351.360139992466,13720.125073992498,17451.68248953376
hybrid,2022-12-01,2022,12,between_35S_and_15S,20880,64127.19735231657,5407.978407781173,23895.913035072692,58067.16477363178,18808.59412325443
hybrid,2022-12-01,2022,12,north_of_15S,31581,151058.99345324322,18873.316564631663,48730.10654694194,149654.00897224437,31215.50842646724
hybrid_sst,2022-12-01,2022,12,full_domain,78561,229328.3424693117,21000.602417049755,87644.05416348789,216998.99765102004,67475.78503925544
hybrid_sst,2022-12-01,2022,12,south_of_35S,26100,18751.272238011952,-4057.6516518317194,15281.710825949594,13662.88486020346,17451.68248953376
hybrid_sst,2022-12-01,2022,12,between_35S_and_15S,20880,61561.98609237274,5778.852926912436,23635.095262867595,55706.32769104009,18808.59412325443
hybrid_sst,2022-12-01,2022,12,north_of_15S,31581,149015.08413892702,19279.401141969036,48727.248074670715,147629.78509977652,31215.50842646724
unet,2022-12-01,2022,12,full_domain,78561,241737.39598168348,25366.75667717168,90466.34297470236,229088.77039035855,67475.78503925544
unet,2022-12-01,2022,12,south_of_35S,26100,19838.027021495247,-5059.105535194278,15785.103567317128,14411.8110268475,17451.68248953376
unet,2022-12-01,2022,12,between_35S_and_15S,20880,59957.506369044306,6009.346927119885,23667.49864693964,54264.6259573927,18808.59412325443
unet,2022-12-01,2022,12,north_of_15S,31581,161941.86259114393,24416.515285246074,51013.740760445595,160412.33340611836,31215.50842646724
blend_reference,2022-12-01,2022,12,full_domain,78561,234921.63996687785,21916.011424768032,88326.59847107952,222393.41122777518,67475.78503925544
blend_reference,2022-12-01,2022,12,south_of_35S,26100,18977.62174192082,-3901.425357633085,15410.256002638063,13824.39598096057,17451.68248953376
blend_reference,2022-12-01,2022,12,between_35S_and_15S,20880,62826.40462390477,5558.320537615851,23770.058717034826,56881.85164709004,18808.59412325443
blend_reference,2022-12-01,2022,12,north_of_15S,31581,153117.61360105226,20259.116244785262,49146.28375140662,151687.16359972462,31215.50842646724
blend_sst,2022-12-01,2022,12,full_domain,78561,231511.91700387394,22092.140982080236,88131.43392504303,219152.85728397578,67475.78503925544
blend_sst,2022-12-01,2022,12,south_of_35S,26100,18936.59528663657,-4308.015122672357,15362.722048009064,13793.117910531992,17451.68248953376
blend_sst,2022-12-01,2022,12,between_35S_and_15S,20880,60990.41824317862,5836.476426964298,23601.512323045747,55191.09232875572,18808.59412325443
blend_sst,2022-12-01,2022,12,north_of_15S,31581,151584.90347405872,20563.6796777883,49167.19955398823,150168.64704468806,31215.50842646724
climatology,2022-12-01,2022,12,full_domain,78561,254485.4805243283,8942.55822703219,90986.52951350086,240061.8746808019,67475.78503925544
climatology,2022-12-01,2022,12,south_of_35S,26100,18978.186260202787,-1865.5045176297426,15648.76205675304,13799.9275913717,17451.68248953376
climatology,2022-12-01,2022,12,between_35S_and_15S,20880,84928.5713851933,4130.142736792332,27057.644258551532,77014.99822125335,18808.59412325443
climatology,2022-12-01,2022,12,north_of_15S,31581,150578.72287893225,6677.920007869601,48280.12319819629,149246.94886817687,31215.50842646724
