model,date,n,sse,error_sum,absolute_error_sum,sse_area,weight_area,rmse,mae,bias,rmse_area
blend_reference,2021-01-01,78561,255677.09037042235,12880.1078349655,87408.51687715632,241105.55697158078,67475.78503925544,1.8040243958169382,1.1126197079614097,0.16395040586252085,1.8902952238857744
blend_reference,2021-02-01,78561,368170.8753346092,14611.596315871731,106264.44350464416,342018.00033358316,67475.78503925544,2.164817118861128,1.352636085394078,0.18599045729906355,2.251388838710031
blend_reference,2021-03-01,78561,189341.99216421574,9881.68101085444,81494.79394057384,174941.38042314557,67475.78503925544,1.552458393191603,1.0373441521947766,0.12578354413582363,1.6101721161456686
blend_reference,2021-04-01,78561,285326.27609970083,4929.596368173096,93936.58378441,267962.31724450935,67475.78503925544,1.9057563814244634,1.195715224913252,0.06274864586974575,1.9927962137232424
blend_reference,2021-05-01,78561,292520.12275512586,18418.657084808026,92409.1859793421,279878.58496562514,67475.78503925544,1.9296314641778205,1.1762730359764018,0.2344503899493136,2.036624020959259
blend_reference,2021-06-01,78561,194982.51058502364,8269.385772035828,74454.14132272205,183377.75467117893,67475.78503925544,1.5754126470234444,0.9477239511045181,0.1052606989732288,1.6485394803987694
blend_reference,2021-07-01,78561,175374.9123669136,21100.556431070392,73454.9784401555,157918.49441704914,67475.78503925544,1.4941019482281348,0.9350056445329806,0.2685881853727726,1.5298277145962544
blend_reference,2021-08-01,78561,129045.53435365553,2731.3467590728997,61152.60343912714,121372.97428460834,67475.78503925544,1.2816457115215496,0.7784091780797996,0.03476720967239342,1.341179863488713
blend_reference,2021-09-01,78561,155761.8471991588,31237.168932918867,70054.13923423234,145527.79406513853,67475.78503925544,1.4080790696553158,0.8917164908062822,0.3976167428230148,1.4685847027337653
blend_reference,2021-10-01,78561,189269.97288349996,11782.765914281401,77936.804244778,176874.17326898873,67475.78503925544,1.5521631138152316,0.9920546358215654,0.14998238202519573,1.619042460079479
blend_reference,2021-11-01,78561,259486.08864982805,4748.653482329656,89301.34168342306,247478.20100867486,67475.78503925544,1.8174126157398767,1.1367134033861974,0.0604454307140904,1.9151134314666252
blend_reference,2021-12-01,78561,383422.9990398903,-10825.941576036386,106827.52234219653,360060.5917591807,67475.78503925544,2.2092027666889367,1.3598034946372441,-0.13780300118425665,2.3100098005488108
blend_reference,2022-01-01,78561,251296.77882361397,25805.26874623019,90413.13072986892,239129.45489951846,67475.78503925544,1.788504179633177,1.150865324141354,0.32847429063059524,1.882532852593857
blend_reference,2022-02-01,78561,256106.86374989394,22306.917772771347,88235.18005237776,240558.78042224696,67475.78503925544,1.8055399718111595,1.1231422722773101,0.28394391330012786,1.8881506118799596
blend_reference,2022-03-01,78561,529891.4583832456,-32927.013067440785,114879.44047010086,513959.1364601853,67475.78503925544,2.597107688939623,1.462296056186923,-0.41912670494826676,2.7598807822079783
blend_reference,2022-04-01,78561,266703.8817418641,25744.245578584872,97447.32823910615,247296.02254564702,67475.78503925544,1.8425155715331327,1.2404033583980112,0.32769752903584315,1.9144084064340006
blend_reference,2022-05-01,78561,226321.1706234342,10025.160137089151,82335.51228572699,215994.10788800978,67475.78503925544,1.6973018669849667,1.0480456242375604,0.12760988451126068,1.7891509323155779
blend_reference,2022-06-01,78561,293459.80451329896,-2237.015691105619,88974.97977737326,279687.67115588114,67475.78503925544,1.9327283205696812,1.132559155018053,-0.02847488819014039,2.0359292804524123
blend_reference,2022-07-01,78561,171160.49738083448,3279.249575445405,70068.72508319597,159451.10515237352,67475.78503925544,1.4760404813600794,0.8919021535265077,0.04174144391549757,1.537233335839335
blend_reference,2022-08-01,78561,114992.36599941293,16124.296710505832,57162.51739669894,106884.52366304882,67475.78503925544,1.2098485363804108,0.7276195236402151,0.20524556345395084,1.2585875751661044
blend_reference,2022-09-01,78561,172415.3348472517,32732.273427821623,71977.85801169813,162759.7320147655,67475.78503925544,1.4814412851343586,0.9162034344229087,0.41664787143521115,1.5531003231087592
blend_reference,2022-10-01,78561,203036.80375867707,10724.679951988064,74811.6291023182,193073.688649997,67475.78503925544,1.6076217844439271,0.9522743995407161,0.1365140457986541,1.6915606503933127
blend_reference,2022-11-01,78561,478278.48251705425,12306.427668663455,121023.21329392001,455658.0449405978,67475.78503925544,2.4673849980740843,1.5404999082740802,0.15664805270634863,2.598636583948506
blend_reference,2022-12-01,78561,234921.63996687785,21916.011424768032,88326.59847107952,222393.41122777518,67475.78503925544,1.7292509005092136,1.1243059338740535,0.2789680811696393,1.8154612567919448
blend_sst,2021-01-01,78561,252588.0942086658,8630.4063200672,86448.96203611432,238301.30939584816,67475.78503925544,1.7930935015497393,1.1004055706535598,0.10985611588532733,1.8792702615429782
blend_sst,2021-02-01,78561,369189.54975637124,17244.275512612774,107131.16912386945,342814.93900494993,67475.78503925544,2.1678099147136414,1.3636686030456517,0.21950173129940778,2.2540103014157706
blend_sst,2021-03-01,78561,190501.78946650933,11820.77213384116,81890.54148393922,175939.1088935639,67475.78503925544,1.5572058562118736,1.042381607718069,0.15046616175762986,1.6147571676996113
blend_sst,2021-04-01,78561,285939.10764801403,7351.081516167992,94206.73866840148,268686.6744741111,67475.78503925544,1.9078019013928664,1.1991540162218082,0.09357163880510676,1.9954878648457095
blend_sst,2021-05-01,78561,289400.78651362757,19257.236757932682,92182.42002582944,276700.6135822006,67475.78503925544,1.9193154181670775,1.1733865407241435,0.24512463891667216,2.0250282588864588
blend_sst,2021-06-01,78561,195861.81479444884,10088.324823281238,74827.32954742604,184169.8765743432,67475.78503925544,1.5789609363287842,0.952474249913138,0.12841390541466172,1.652096174293771
blend_sst,2021-07-01,78561,174284.09209677414,19232.670159734367,72731.09174770267,157035.1236338967,67475.78503925544,1.4894480929878346,0.9257913181820836,0.24481193161663378,1.525542908368497
blend_sst,2021-08-01,78561,125561.80917625107,7866.824839565103,60658.29868695684,117929.15133735728,67475.78503925544,1.26422763920757,0.7721171915703319,0.10013651607750795,1.3220157025019126
blend_sst,2021-09-01,78561,155978.83843526006,31999.379535074942,70086.05073933402,145767.42972573463,67475.78503925544,1.4090595231022418,0.8921226911487128,0.4073188927721763,1.4697933395820144
blend_sst,2021-10-01,78561,186869.8597627064,13768.445955459356,77775.7171256124,174757.4390092793,67475.78503925544,1.5422903042811955,0.9900041639695574,0.17525802822595635,1.6093253890034966
blend_sst,2021-11-01,78561,263145.282084091,9229.09257931148,89383.01752873283,251077.48093466365,67475.78503925544,1.830182054000612,1.1377530521344283,0.11747677065352376,1.9289896984692292
blend_sst,2021-12-01,78561,385151.9537095791,-10726.358510497897,106883.78369986,361282.91547092766,67475.78503925544,2.2141781010107042,1.360519643332697,-0.1365354121064892,2.313927457082895
blend_sst,2022-01-01,78561,243669.7391779346,21372.597186515413,88479.05050902732,231843.8613709847,67475.78503925544,1.761153855050369,1.1262464901035796,0.27205098186778953,1.853633320735274
blend_sst,2022-02-01,78561,257454.10412224094,24294.069025310826,88561.46292617402,241798.86947349587,67475.78503925544,1.810282729739239,1.1272955146468862,0.3092382864947089,1.8930110976480963
blend_sst,2022-03-01,78561,534508.2709456183,-35251.28166860301,115124.41584399388,518454.0191931487,67475.78503925544,2.6083971286166983,1.4654143384630272,-0.4487122321330305,2.771922921852458
blend_sst,2022-04-01,78561,271096.5690159998,26873.448813799587,98117.2881245435,251340.6115925524,67475.78503925544,1.857626975914388,1.2489312524604257,0.34207111434171644,1.9300002299801282
blend_sst,2022-05-01,78561,227776.3525091158,14886.234591526101,83093.61828741441,217104.8175358614,67475.78503925544,1.702749712347308,1.0576955268824788,0.189486317530659,1.793745222021298
blend_sst,2022-06-01,78561,289502.9160873333,-1426.924776998815,88428.68321188,275846.62048134574,67475.78503925544,1.9196540516191591,1.1256053666816868,-0.018163271559664657,2.021900877720506
blend_sst,2022-07-01,78561,171105.7175244862,3461.298276796549,70009.77722678926,159373.56820703778,67475.78503925544,1.4758042593421707,0.891151808490081,0.04405873495495919,1.5368595319996519
blend_sst,2022-08-01,78561,112300.75468320391,16138.749989378353,56888.2298371425,104364.40442196159,67475.78503925544,1.19560531207416,0.7241281276605759,0.20542953869449668,1.2436616043314674
blend_sst,2022-09-01,78561,172530.41572999,33086.70791647512,72154.95746972023,162998.76816259476,67475.78503925544,1.4819356063971691,0.9184577267310782,0.42115945464639093,1.554240380622826
blend_sst,2022-10-01,78561,201706.55188269442,8119.376525747657,74184.55889228996,191794.56980223535,67475.78503925544,1.6023467402414986,0.9442924465356851,0.10335123694641943,1.6859480195339285
blend_sst,2022-11-01,78561,469142.7836484522,7847.243834201158,119308.024036157,447639.4057786871,67475.78503925544,2.443706357785563,1.5186673290329427,0.09988727020024132,2.5756697788105813
blend_sst,2022-12-01,78561,231511.91700387394,22092.140982080236,88131.43392504303,219152.85728397578,67475.78503925544,1.7166555980094216,1.12182169174327,0.28121002764832725,1.8021859337164698
climatology,2021-01-01,78561,319394.8599483933,142.46105517505202,96530.41813910438,304739.9681635004,67475.78503925544,2.016324651840648,1.2287320443872198,0.001813381387393898,2.1251556103743283
climatology,2021-02-01,78561,377069.95892016473,4830.591335450648,104356.50126462744,351583.3647736421,67475.78503925544,2.190823876252492,1.3283499607264093,0.061488414549848505,2.2826545207003224
climatology,2021-03-01,78561,224681.7331328233,2415.516107442789,88866.65615635272,210317.45737727598,67475.78503925544,1.6911431902150575,1.13118030773988,0.03074701324375694,1.7654836029188206
climatology,2021-04-01,78561,339431.2238207613,1874.7406052653678,98880.65667460905,321954.7174055011,67475.78503925544,2.0786070384109725,1.2586481418847655,0.023863502313684497,2.184356018129126
climatology,2021-05-01,78561,324943.82687981724,16182.242697220761,95677.95450064028,312133.96349269553,67475.78503925544,2.033764414081003,1.2178810669497624,0.20598315572893372,2.1507827297496607
climatology,2021-06-01,78561,213121.6320770369,2874.049760431517,74942.32951852726,201717.55853928914,67475.78503925544,1.6470632047235876,0.9539380801991734,0.03658367078361422,1.729011486788335
climatology,2021-07-01,78561,211134.43919800146,15103.717780635809,78953.21086439223,190092.29671952722,67475.78503925544,1.6393664316734253,1.0049924372703023,0.19225465282564896,1.6784495267421933
climatology,2021-08-01,78561,143149.11954781724,-1830.4389607915655,64152.65026486572,135438.82626276152,67475.78503925544,1.349866561105689,0.81659666074599,-0.02329958835543801,1.416764341967896
climatology,2021-09-01,78561,132532.37042003893,23312.235445197904,64861.35231693485,122789.88491851256,67475.78503925544,1.2988454620835606,0.8256177023833053,0.29674056395918974,1.3489856292753912
climatology,2021-10-01,78561,219026.85451029747,10039.555385560496,84854.5310972301,203868.8349915269,67475.78503925544,1.669725891736556,1.0801101194896972,0.12779312108502305,1.7382068119550018
climatology,2021-11-01,78561,296730.0056996223,704.5483182073331,97530.74937418556,282837.26715374005,67475.78503925544,1.943467269712671,1.2414652228737613,0.008968168915967632,2.047360608569154
climatology,2021-12-01,78561,488965.9113772188,-21241.024078876013,118394.11729599652,461558.4259104779,67475.78503925544,2.4948003140090558,1.5070342446760672,-0.2703761927530965,2.615407524013568
climatology,2022-01-01,78561,261482.25543987818,15406.66412676929,90539.75311289344,249162.9769576159,67475.78503925544,1.8243896917822402,1.1524770956695234,0.19611084541654625,1.9216212052097466
climatology,2022-02-01,78561,292120.3785431034,12174.252643739223,93476.08034967387,276834.5838511297,67475.78503925544,1.928312541725914,1.1898534940959746,0.1549656018092848,2.0255184290143484
climatology,2022-03-01,78561,513075.7385041067,-40252.57280552108,114940.46669639554,497535.31070675503,67475.78503925544,2.555566803101083,1.4630728567151072,-0.5123734780046216,2.7154260579861873
climatology,2022-04-01,78561,258425.63073221536,7913.488392740954,94648.99013765203,240848.3459948569,67475.78503925544,1.8136951472323846,1.2047834184602033,0.1007304946823609,1.8892866730528448
climatology,2022-05-01,78561,259937.19942828803,9342.839544754941,88014.39341898868,248743.3634251644,67475.78503925544,1.818991695390875,1.1203318875649326,0.11892465147789541,1.9200024293284998
climatology,2022-06-01,78561,284190.71545970964,-13324.663542180788,85777.7347493046,271373.1053853852,67475.78503925544,1.9019602721584519,1.0918615438869743,-0.16960913865888658,2.0054388741182585
climatology,2022-07-01,78561,174733.28792502455,-6664.636635257746,68532.91571662913,163885.48907221938,67475.78503925544,1.491366292507229,0.8723528941412294,-0.08483390785832341,1.5584622167850164
climatology,2022-08-01,78561,114207.63065097717,8097.341190575622,58106.54077100009,104671.43413684744,67475.78503925544,1.2057133218093463,0.7396359614948904,0.10307074999778035,1.2454896253296943
climatology,2022-09-01,78561,164921.34503955708,29623.64062708267,72941.47723321267,153537.05106862786,67475.78503925544,1.4488883905440826,0.9284693070761915,0.3770782019969536,1.5084559225381742
climatology,2022-10-01,78561,208404.1502239895,5006.806209535105,75231.57190492819,198130.67428666537,67475.78503925544,1.6287321916543958,0.957619835604539,0.06373144702250615,1.7135701402444616
climatology,2022-11-01,78561,560546.5575544046,2588.8104031682706,131722.7330447848,533440.0428555489,67475.78503925544,2.671175012381748,1.6766936908234977,0.03295286978485853,2.8116990458436533
climatology,2022-12-01,78561,254485.4805243283,8942.55822703219,90986.52951350086,240061.8746808019,67475.78503925544,1.7998155638857556,1.1581640955881527,0.11382948571214967,1.88619949230336
hybrid,2021-01-01,78561,256564.60899271377,12907.866932900997,87507.95635256509,241930.00616310016,67475.78503925544,1.8071527914663044,1.1138854692858426,0.16430375037106193,1.8935243538938127
hybrid,2021-02-01,78561,366579.26251769584,13277.469363289625,105862.70133568552,340604.991821926,67475.78503925544,2.16013276877103,1.3475223245081596,0.169008405739357,2.2467333467210984
hybrid,2021-03-01,78561,191189.57791301227,8051.493627000612,81977.24519356455,176943.6613959743,67475.78503925544,1.5600143947294174,1.0434852559611583,0.1024871580937184,1.6193604634892937
hybrid,2021-04-01,78561,289481.50325099303,2485.7333974269523,93955.74692607162,272240.77417301346,67475.78503925544,1.9195830575188246,1.1959591518192438,0.03164080647429325,2.008642338312454
hybrid,2021-05-01,78561,294257.8500812901,15723.911412093523,91704.30273657903,281651.5046795134,67475.78503925544,1.9353545031872306,1.1673006038184217,0.2001490741219374,2.0430644399660944
hybrid,2021-06-01,78561,192918.47106371704,6528.803452496911,73567.12426948283,181555.49537841298,67475.78503925544,1.5670519861636631,0.9364331445562407,0.08310489240840761,1.6403281062903188
hybrid,2021-07-01,78561,175290.55697404803,20003.61668809311,73324.40129145952,157892.6828281421,67475.78503925544,1.4937425732338572,0.933343532942039,0.25462528084027836,1.5297026852325857
hybrid,2021-08-01,78561,128984.69469340025,988.3308033737321,60969.22975672272,121519.1772728063,67475.78503925544,1.2813435542919236,0.776075021406585,0.01258042544486109,1.3419873970058247
hybrid,2021-09-01,78561,153970.22444841466,31536.38439536148,69392.4630156918,143774.59487050425,67475.78503925544,1.3999575593983848,0.8832940392267384,0.4014254451364097,1.4597117478065165
hybrid,2021-10-01,78561,191955.41579965362,10508.435565776246,77741.69931982571,179675.89013723296,67475.78503925544,1.5631357053305643,0.9895711526053094,0.13376147917893416,1.6318150323024598
hybrid,2021-11-01,78561,258847.25240545959,3662.9130502294674,89168.99013919866,246669.1379701108,67475.78503925544,1.815174066980624,1.1350287055816328,0.04662508178650307,1.9119803960419322
hybrid,2021-12-01,78561,395044.6201235507,-11394.962762679595,108358.87673602972,371311.22242303385,67475.78503925544,2.2424335084707208,1.3792960468429591,-0.14504605036442503,2.3458220527786633
hybrid,2022-01-01,78561,248353.1944607781,23665.287101635193,89519.75664847615,236187.72148475275,67475.78503925544,1.777998432635866,1.1394935992219568,0.30123454515134984,1.870917706733976
hybrid,2022-02-01,78561,256065.71825274208,21099.975521883793,88212.81590834027,240614.595857639,67475.78503925544,1.805394929185739,1.122857599933049,0.2685807910016903,1.8883696474019138
hybrid,2022-03-01,78561,523330.5693325498,-37230.30736361966,114525.0197071129,507270.74471136474,67475.78503925544,2.580979472830812,1.4577846476892211,-0.4739031754129868,2.7418641628439935
hybrid,2022-04-01,78561,266941.0894789747,25535.1343121363,97658.80264270405,247229.6361906208,67475.78503925544,1.843334760607287,1.243095208089307,0.3250357596280126,1.9141514287331356
hybrid,2022-05-01,78561,225643.42273021702,8911.004053912675,82135.82154385821,215357.6942497858,67475.78503925544,1.6947585669798326,1.045503768331083,0.11342783383501578,1.7865131751174208
hybrid,2022-06-01,78561,295269.9080740353,-3282.879850206422,89138.40380516184,281613.78946152824,67475.78503925544,1.9386798345649436,1.1346393732916058,-0.04178765354573417,2.04292764467271
hybrid,2022-07-01,78561,171231.7667314213,2099.760198942661,69463.3969048459,159484.7264683446,67475.78503925544,1.4763477528969529,0.8841969540210269,0.026727768217597297,1.5373953951849744
hybrid,2022-08-01,78561,114778.31416093763,14414.677159343206,56304.45646969906,106728.60807716518,67475.78503925544,1.2087219792902664,0.7166972985285199,0.18348388079763758,1.2576692708712323
hybrid,2022-09-01,78561,169132.26944057422,31357.487039242773,71002.1059847794,159572.48686248538,67475.78503925544,1.4672689820934328,0.9037831237481625,0.3991482674513152,1.5378183318285894
hybrid,2022-10-01,78561,202611.78574328023,9662.235071304283,74572.82754911692,192810.3617153727,67475.78503925544,1.6059382813679652,0.9492347035948743,0.122990225064654,1.6904067244864762
hybrid,2022-11-01,78561,484635.1339657129,10407.816801568513,121442.15036100055,461791.22895696206,67475.78503925544,2.483727502118261,1.5458325423683577,0.1324807067319473,2.6160670267414647
hybrid,2022-12-01,78561,234013.87240730957,20765.76300730015,87977.37972200708,221441.29881986868,67475.78503925544,1.72590664230508,1.1198607416148862,0.26432661253421097,1.8115709050236783
hybrid_sst,2021-01-01,78561,252914.22345702338,7241.598246369929,86301.66204501822,238652.3742204063,67475.78503925544,1.7942507049398302,1.0985305946337014,0.09217803040147057,1.880654019947997
hybrid_sst,2021-02-01,78561,367807.7580196522,16787.70829227768,106972.35472489896,341538.4570476876,67475.78503925544,2.1637493042252243,1.3616470605631161,0.2136901044064826,2.249809949432042
hybrid_sst,2021-03-01,78561,193142.17757568552,10636.94845764957,82545.17329994291,178681.13648373063,67475.78503925544,1.5679602925699194,1.0507143913639454,0.1353973149227934,1.6272915902817133
hybrid_sst,2021-04-01,78561,290597.61208765826,5714.380261420151,94327.99262891506,273505.417003164,67475.78503925544,1.9232800165121362,1.200697453302721,0.07273813038810799,2.013302316138085
hybrid_sst,2021-05-01,78561,289751.1919917675,16842.017642926396,91373.44749758964,277070.1641507295,67475.78503925544,1.920477016915975,1.1630891599851025,0.21438140607841544,2.026380082134144
hybrid_sst,2021-06-01,78561,194202.87217365348,8954.055520824128,74061.95679432705,182722.08617712933,67475.78503925544,1.5722598451043024,0.9427318490641292,0.11397583433031819,1.6455896588161394
hybrid_sst,2021-07-01,78561,174005.5680152392,17513.101659645075,72412.42206376522,156883.94789171088,67475.78503925544,1.4882574707345841,0.9217349838185005,0.22292360916542656,1.5248084210519925
hybrid_sst,2021-08-01,78561,123816.44313227557,7835.634910696672,60197.92740761645,116398.16037925481,67475.78503925544,1.255410221929055,0.7662571429540924,0.0997395006516805,1.3134062701631766
hybrid_sst,2021-09-01,78561,154120.77610471286,32552.66519823625,69427.1275702934,143947.1497887696,67475.78503925544,1.4006418294696221,0.8837352830322095,0.414361645068625,1.4605874411500428
hybrid_sst,2021-10-01,78561,188343.2084249095,13156.008954013516,77484.1587245856,176437.03506253046,67475.78503925544,1.5483583506797605,0.9862929281015467,0.16746234077994826,1.6170405195555324
hybrid_sst,2021-11-01,78561,263354.92209450406,9636.831846205238,89285.98806645873,251072.2214135873,67475.78503925544,1.8309109346321768,1.1365179677761068,0.12266686837241426,1.9289694943173679
hybrid_sst,2021-12-01,78561,397355.7628224128,-11262.185341961605,108440.43673456072,372940.3691744686,67475.78503925544,2.248983434350451,1.3803342209819214,-0.14335593159406837,2.3509626267157806
hybrid_sst,2022-01-01,78561,238743.56110115192,17755.05835534882,86981.12003020695,227007.9908210524,67475.78503925544,1.7432606708667966,1.1071793896488964,0.22600346680094222,1.8341996213061673
hybrid_sst,2022-02-01,78561,257908.51131746417,23749.510525269765,88556.26111551866,242314.1423931489,67475.78503925544,1.8118796024038295,1.1272293009956424,0.30230662192779834,1.8950270257150394
hybrid_sst,2022-03-01,78561,528964.5395373047,-40329.332165169275,114816.00539951991,512689.23475302785,67475.78503925544,2.5948351841667536,1.4614885935708546,-0.5133505449926716,2.7564690859588934
hybrid_sst,2022-04-01,78561,272675.2061970055,27040.73862575591,98530.86314653287,252485.80635165787,67475.78503925544,1.8630277492999248,1.2541956332853816,0.3442005400358436,1.934392107232063
hybrid_sst,2022-05-01,78561,227288.06215966417,15392.43665982861,83125.29385504515,216542.9077350297,67475.78503925544,1.7009236177719094,1.0580987239857582,0.19592974452754688,1.7914224360674837
hybrid_sst,2022-06-01,78561,289855.4573712051,-2202.7586313973497,88420.55584657846,276345.8518194993,67475.78503925544,1.920822522404638,1.1255019137559152,-0.02803883137176652,2.023729683864164
hybrid_sst,2022-07-01,78561,171020.9895442378,2342.491800744188,69366.65069741024,159236.71489197918,67475.78503925544,1.4754388203629374,0.8829654752028391,0.029817489603546136,1.5361995433496627
hybrid_sst,2022-08-01,78561,111008.47934001041,14433.948197839898,55941.4151486815,103183.03377044755,67475.78503925544,1.1887063296939588,0.7120761592734499,0.1837291811183653,1.2366026515462762
hybrid_sst,2022-09-01,78561,169173.78742019262,31830.06635744744,71305.39284686849,159774.36637356842,67475.78503925544,1.467449060992238,0.9076436507537899,0.4051637117328883,1.5387907923390656
hybrid_sst,2022-10-01,78561,201070.29853392034,6188.497169650406,73747.48191284372,191336.69709344977,67475.78503925544,1.599817561827436,0.9387289101824534,0.07877314659500778,1.6839343784321794
hybrid_sst,2022-11-01,78561,472554.4994975161,4462.23835561878,119171.19845428737,451190.86822673446,67475.78503925544,2.4525758632889962,1.516925681372276,0.05679966339047084,2.5858669628557465
hybrid_sst,2022-12-01,78561,229328.3424693117,21000.602417049755,87644.05416348789,216998.99765102004,67475.78503925544,1.7085408407319156,1.1156178531776313,0.2673158745057949,1.793308020649853
unet,2021-01-01,78561,254926.6255053372,12796.830541159026,87812.89875823911,240393.69382595673,67475.78503925544,1.80137485876671,1.1177670696431958,0.16289037233689777,1.8875026167120228
unet,2021-02-01,78561,376790.7241117313,18613.97717361804,108163.22154498752,350009.946293088,67475.78503925544,2.1900125313418566,1.3768055593104407,0.23693661197818308,2.2775410846477846
unet,2021-03-01,78561,189611.3963012659,15372.243162415922,81452.75014834851,174585.59888099512,67475.78503925544,1.5535624537398443,1.0368089783524714,0.19567270226213926,1.6085339643326837
unet,2021-04-01,78561,276911.99509813986,12261.185280411504,94667.41920654383,258985.60598987108,67475.78503925544,1.8774456904172043,1.2050180013816503,0.15607216405610294,1.9591326420576796
unet,2021-05-01,78561,292460.896411443,26502.89410295151,95207.0628607627,279570.662153258,67475.78503925544,1.9294361087257073,1.2118871050618334,0.33735433743144194,2.0355033643329254
unet,2021-06-01,78561,206503.03969579033,13491.132730652578,78272.58012309019,193962.721077313,67475.78503925544,1.6212863374694804,0.9963287142868622,0.17172811866769233,1.6954506808936753
unet,2021-07-01,78561,178309.49447804285,24391.37566000223,74598.89375656843,160550.7496727491,67475.78503925544,1.506550635221763,0.949566499364423,0.3104768989702554,1.5425249447225187
unet,2021-08-01,78561,133203.52858839126,7960.394626170397,62896.127666061744,124689.33379322804,67475.78503925544,1.3021300554612092,0.8006024320726791,0.10132756235499035,1.359379384088747
unet,2021-09-01,78561,164961.76405098077,30339.522545590997,73237.99565156922,154444.5348577278,67475.78503925544,1.449065926837805,0.9322436788173422,0.38619063588282987,1.5129072341787044
unet,2021-10-01,78561,189927.22599997552,15605.756959796883,80223.90566354152,176847.23307035503,67475.78503925544,1.5548557752952887,1.0211670633462089,0.19864509056398064,1.6189191549477564
unet,2021-11-01,78561,265506.4531386448,8005.874778630212,90426.79202972539,253749.85824875586,67475.78503925544,1.838374719121555,1.1510392183109353,0.10190647749685228,1.9392282587982967
unet,2021-12-01,78561,354699.8209474481,-9118.878016106784,103426.45104177482,332249.0048336752,67475.78503925544,2.1248436685841146,1.316511386588445,-0.11607385364375179,2.219002908109927
unet,2022-01-01,78561,265644.31867108133,32225.21368001518,94060.22515392187,253267.2674991395,67475.78503925544,1.8388519497385825,1.1972890512330783,0.41019352706833134,1.9373833336240986
unet,2022-02-01,78561,259319.8564525057,25927.744525433984,89592.10048303893,243355.68265886515,67475.78503925544,1.8168303862752404,1.1404144611580673,0.33003328019544026,1.8990953614227577
unet,2022-03-01,78561,562876.4419978508,-20017.13017890416,118903.89948417805,546850.1268302615,67475.78503925544,2.6767205602755006,1.5135232428835943,-0.2547972935541065,2.846821162431732
unet,2022-04-01,78561,269720.32234685274,26371.57937793061,97631.97605626471,250859.48667259136,67475.78503925544,1.8529057692728934,1.2427537334843588,0.33568283725933495,1.9281521084172764
unet,2022-05-01,78561,231128.64170868054,13367.62838661857,83463.70647808723,220554.74078282205,67475.78503925544,1.715234020601684,1.0624063654750733,0.17015603653999528,1.8079408832518373
unet,2022-06-01,78561,290456.95117284893,900.5767861967906,89005.48228024971,276176.85280166415,67475.78503925544,1.9228144877876838,1.1329474202244079,0.011463407876640963,2.0231107843377396
unet,2022-07-01,78561,173554.69143607197,6817.717704953626,72658.39497243427,161796.7962236709,67475.78503925544,1.486328062125162,0.9248659636770696,0.08678247100919828,1.5484992020325066
unet,2022-08-01,78561,118469.51763953576,21253.15536399372,60677.167507370934,110002.5128323656,67475.78503925544,1.2280040768659632,0.7723573720722869,0.27053061142289075,1.2768131004684375
unet,2022-09-01,78561,185929.8946301979,36856.63259355817,75646.70414898079,175862.8151824731,67475.78503925544,1.5384065139070089,0.9629040382502869,0.46914668338689897,1.614407020492227
unet,2022-10-01,78561,207567.83175825127,13912.014594039414,76508.99528850475,196934.1767887728,67475.78503925544,1.6254608841763427,0.9738801095773316,0.17708550800065445,1.708388239074925
unet,2022-11-01,78561,464755.5771572353,18002.26026994828,120749.00975600164,442577.30637960864,67475.78503925544,2.4322533127652344,1.5370095818026965,0.2291500906295526,2.5610649798997587
unet,2022-12-01,78561,241737.39598168348,25366.75667717168,90466.34297470236,229088.77039035855,67475.78503925544,1.7541568281203843,1.1515426607948265,0.3228924870759242,1.8425866811123812
