model,region,n,sse,error_sum,absolute_error_sum,sse_area,weight_area,rmse,mae,bias,rmse_area
blend_reference,between_35S_and_15S,501120,1329051.5027257395,117625.76804942396,504528.73846456374,1204341.170533221,451406.2589581063,1.6285460270462524,1.0068022399117251,0.2347257504179118,1.6333940839415806
blend_reference,full_domain,1885464,6076965.304107503,275566.076565667,2060351.1677062258,5735361.502433309,1619418.8409421304,1.7952885294286802,1.0927555061810916,0.14615292393048449,1.8819184697356335
blend_reference,north_of_15S,757944,4105446.3603569902,86550.71306985235,1108302.1839638301,4075691.067773104,749172.2022352137,2.327349633376377,1.4622481132693579,0.1141914350794417,2.3324363520552565
blend_reference,south_of_35S,626400,642467.441024773,71389.59544639067,447520.245277832,455329.26412698487,418840.3797488102,1.0127440193033455,0.7144320646197828,0.11396806425030438,1.042649908302777
blend_sst,between_35S_and_15S,501120,1318475.5019288743,106527.6054953909,501333.73159315926,1194725.9710654547,451406.2589581063,1.6220534624983525,1.0004265078088268,0.21257903395472322,1.6268606849251341
blend_sst,full_domain,1885464,6056779.069983242,287255.8123187796,2056686.6207039538,5716174.4353407575,1619418.8409421304,1.7923042882728846,1.0908119278352457,0.15235284912296368,1.878767949418015
blend_sst,north_of_15S,757944,4094714.4804831357,111494.91546416431,1108410.953423973,4065227.0467533963,749172.2022352137,2.3243057279641772,1.4623916192013828,0.14710178517695807,2.329440252951405
blend_sst,south_of_35S,626400,643589.087571232,69233.29135922434,446941.9356868216,456221.4175219065,418840.3797488102,1.0136276792355463,0.713508837303355,0.11052568863222277,1.0436708710695328
climatology,between_35S_and_15S,501120,1431889.3860179763,137375.0094868016,523719.15434068977,1296878.6358078448,451406.2589581063,1.6903781366214108,1.0450972907500993,0.2741359544356673,1.6949850800987656
climatology,full_domain,1885464,6636712.305557575,93262.72383335876,2132920.31411643,6277256.8181300685,1619418.8409421304,1.8761492047197617,1.1312442529353146,0.04946407029429295,1.9688170181230564
climatology,north_of_15S,757944,4540341.039253588,-126457.05661022733,1152275.6156811777,4508201.071995301,749172.2022352137,2.4475167799488187,1.520264842364578,-0.1668422160611171,2.4530749162111634
climatology,south_of_35S,626400,664481.880286011,82344.77095678449,456925.54409456253,472177.11032692285,418840.3797488102,1.029948944386469,0.7294469094740781,0.13145716947123962,1.0617644804773207
hybrid,between_35S_and_15S,501120,1327655.3648580026,113784.51862812846,502933.09095551353,1203165.691059229,451406.2589581063,1.6276904273205939,1.0036180774176116,0.22706042191117587,1.632596764213379
hybrid,full_domain,1885464,6087091.083042482,241685.94897880653,2055483.674319979,5745872.031969661,1619418.8409421304,1.7967836118898637,1.0901739170410991,0.1281838046119186,1.8836420669177203
hybrid,north_of_15S,757944,4118301.8207770605,55158.58614574488,1105859.0395603965,4088381.7877593753,749172.2022352137,2.3309906218915972,1.459024729479218,0.07277395974602989,2.336064852092917
hybrid,south_of_35S,626400,641133.8974074185,72742.84420493321,446691.54380406917,454324.5531510567,418840.3797488102,1.011692417479383,0.7131091056897656,0.1161284230602382,1.0414989386586915
hybrid_sst,between_35S_and_15S,501120,1314188.890708539,98986.96855608438,498778.55247280997,1190920.0939900049,451406.2589581063,1.6194145157616786,0.9953275711861629,0.19753146662692445,1.6242673828765615
hybrid_sst,full_domain,1885464,6059004.250388479,257272.26331628993,2050436.940174953,5718955.130673785,1619418.8409421304,1.7926334924671175,1.087497263365916,0.13645037153522419,1.8792248674258742
hybrid_sst,north_of_15S,757944,4101762.325262966,88417.52267149414,1105576.4698722267,4072212.809395761,749172.2022352137,2.3263051717854752,1.4586519187066942,0.11665442654271838,2.33144087082444
hybrid_sst,south_of_35S,626400,643053.0344169738,69867.77208871144,446081.9178299164,455822.22728801856,418840.3797488102,1.0132054599074312,0.7121358841473762,0.11153858890279604,1.043214169149652
unet,between_35S_and_15S,501120,1344660.1287006924,129149.51631331048,512771.7803060387,1218181.4516556473,451406.2589581063,1.638081085843822,1.0232514773029189,0.2577217359381196,1.6427527505602462
unet,full_domain,1885464,6154974.405279987,377206.4593262484,2099750.103034948,5807365.477739566,1619418.8409421304,1.8067747114937378,1.1136516544653985,0.20006028188618208,1.8936947947541105
unet,north_of_15S,757944,4154361.984393376,180727.09384217486,1133384.0233561583,4124414.33368564,749172.2022352137,2.341173545347936,1.4953400559357397,0.23844386107967722,2.3463366069891234
unet,south_of_35S,626400,655952.2921859184,67329.84917076305,453594.29937275127,464769.6923982789,418840.3797488102,1.0233171496669797,0.7241288304162696,0.10748698782050295,1.053403186280174
