model,year,n,sse,error_sum,absolute_error_sum,sse_area,weight_area,rmse,mae,bias,rmse_area
blend_reference,2021,942732,2878380.2218020437,129765.57433034545,1014695.0547927611,2698515.823413263,809709.4204710652,1.747350209668476,1.0763345837340423,0.1376484242927422,1.8255674703128055
blend_reference,2022,942732,3198585.0823054593,145800.50223532156,1045656.1129134647,3036845.6790200463,809709.4204710652,1.841979655850715,1.1091764286281411,0.15465742356822676,1.9366304925823927
blend_sst,2021,942732,2874472.9776522983,145762.1516225504,1014205.1204137787,2694462.062036876,809709.4204710652,1.7461638406237638,1.075814887384515,0.15461674327650954,1.8241957540184042
blend_sst,2022,942732,3182306.0923309433,141493.66069622917,1042481.5002901751,3021712.3733038814,809709.4204710652,1.8372863590689419,1.1058089682859764,0.1500889549694178,1.9317991268612718
climatology,2021,942732,3290181.935531993,54408.1954509201,1068001.127467466,3099032.5657084505,809709.4204710652,1.868167585137034,1.132878832443861,0.05771332197371056,1.9563586457396902
climatology,2022,942732,3346530.3700255826,38854.52838243866,1064919.186648964,3178224.252421618,809709.4204710652,1.884097011988622,1.1296096734267682,0.04121481861487534,1.9811970500032279
hybrid,2021,942732,2895084.0382639486,114279.99592536307,1013530.7370728768,2715769.139113771,809709.4204710652,1.7524129866941027,1.0750995373795276,0.12122214576927809,1.8313941745199058
hybrid,2022,942732,3192007.044778533,127405.95305344346,1041952.9372471023,3030102.89285589,809709.4204710652,1.8400846230480332,1.1052482967026709,0.13514546345455916,1.9344793227270938
hybrid_sst,2021,942732,2889412.5158994943,135608.765648303,1012830.647557972,2709848.518793169,809709.4204710652,1.7506956407233387,1.0743569196314244,0.14384657108096788,1.8293967835172056
hybrid_sst,2022,942732,3169591.7344889846,121663.49766798694,1037606.2926169812,3009106.6118806154,809709.4204710652,1.8336124045670088,1.1006376071004074,0.12905417198948052,1.9277654455769486
unet,2021,942732,2883812.964327191,176222.30954529252,1030386.098451213,2700038.9426969728,809709.4204710652,1.7489984333190152,1.0929788088780406,0.1869272598631345,1.8260825988045297
unet,2022,942732,3271161.4409527956,200984.14978095586,1069364.0045837353,3107326.5350425933,809709.4204710652,1.8627598332673454,1.1343245000527564,0.21319330390922964,1.9589748068060804
