mes_alvo,corte_ajuste,mes_atmosfera,mes_indice_NOAA,inicializacao_SEAS5,emissao_nominal_CFSv2,CFSv2_membro_mais_antigo,CFSv2_membro_mais_recente,CFSv2_numero_membros,datas_referencia_anteriores_ao_alvo,publicacao_historica_dos_valores_NOAA_comprovada
2023-01-01,2022-12-01,2022-12-01,2022-12-01,2022-12-01,2022-12-01,2022-11-12,2022-12-07,24,True,False
2023-02-01,2022-12-01,2023-01-01,2023-01-01,2023-01-01,2023-01-01,2022-12-12,2023-01-06,24,True,False
2023-03-01,2022-12-01,2023-02-01,2023-02-01,2023-02-01,2023-02-01,2023-01-11,2023-02-05,24,True,False
2023-04-01,2022-12-01,2023-03-01,2023-03-01,2023-03-01,2023-03-01,2023-02-10,2023-03-07,24,True,False
2023-05-01,2022-12-01,2023-04-01,2023-04-01,2023-04-01,2023-04-01,2023-03-12,2023-04-06,24,True,False
2023-06-01,2022-12-01,2023-05-01,2023-05-01,2023-05-01,2023-05-01,2023-04-11,2023-05-06,24,True,False
2023-07-01,2022-12-01,2023-06-01,2023-06-01,2023-06-01,2023-06-01,2023-05-11,2023-06-05,24,True,False
2023-08-01,2022-12-01,2023-07-01,2023-07-01,2023-07-01,2023-07-01,2023-06-10,2023-07-05,24,True,False
2023-09-01,2022-12-01,2023-08-01,2023-08-01,2023-08-01,2023-08-01,2023-07-10,2023-08-04,24,True,False
2023-10-01,2022-12-01,2023-09-01,2023-09-01,2023-09-01,2023-09-01,2023-08-09,2023-09-03,24,True,False
2023-11-01,2022-12-01,2023-10-01,2023-10-01,2023-10-01,2023-10-01,2023-09-08,2023-10-03,24,True,False
2023-12-01,2022-12-01,2023-11-01,2023-11-01,2023-11-01,2023-11-01,2023-10-08,2023-11-07,28,True,False
2024-01-01,2022-12-01,2023-12-01,2023-12-01,2023-12-01,2023-12-01,2023-11-12,2023-12-07,24,True,False
2024-02-01,2022-12-01,2024-01-01,2024-01-01,2024-01-01,2024-01-01,2023-12-12,2024-01-06,24,True,False
2024-03-01,2022-12-01,2024-02-01,2024-02-01,2024-02-01,2024-02-01,2024-01-11,2024-02-05,24,True,False
2024-04-01,2022-12-01,2024-03-01,2024-03-01,2024-03-01,2024-03-01,2024-02-10,2024-03-07,24,True,False
2024-05-01,2022-12-01,2024-04-01,2024-04-01,2024-04-01,2024-04-01,2024-03-12,2024-04-06,24,True,False
2024-06-01,2022-12-01,2024-05-01,2024-05-01,2024-05-01,2024-05-01,2024-04-11,2024-05-06,24,True,False
2024-07-01,2022-12-01,2024-06-01,2024-06-01,2024-06-01,2024-06-01,2024-05-11,2024-06-05,24,True,False
2024-08-01,2022-12-01,2024-07-01,2024-07-01,2024-07-01,2024-07-01,2024-06-10,2024-07-05,24,True,False
2024-09-01,2022-12-01,2024-08-01,2024-08-01,2024-08-01,2024-08-01,2024-07-10,2024-08-04,24,True,False
2024-10-01,2022-12-01,2024-09-01,2024-09-01,2024-09-01,2024-09-01,2024-08-09,2024-09-03,24,True,False
2024-11-01,2022-12-01,2024-10-01,2024-10-01,2024-10-01,2024-10-01,2024-09-08,2024-10-03,24,True,False
2024-12-01,2022-12-01,2024-11-01,2024-11-01,2024-11-01,2024-11-01,2024-10-08,2024-11-07,28,True,False
