modelo,bloco,sse,n,soma_erro,soma_erro_absoluto,rmse,mae,vies
arvores_seas5,A,5757618.257861855,1885464,78766.20428908023,1990574.0000364864,1.7474803910529724,1.0557475507548733,0.04177550156835677
arvores_seas5,B,6142591.530513608,1885464,-70490.66217144951,2016777.2607466956,1.8049563181385055,1.069645063892334,-0.03738637394903828
arvores_seas5,C,5710557.580182263,1885464,317424.8757785753,1950340.412061201,1.740324103233585,1.0344087248874552,0.16835371864887122
arvores_seas5,H1,5629566.908650834,1885464,-35765.253839950194,1949580.0074536186,1.7279388543627885,1.0340054264911016,-0.01896894018658017
arvores_seas5,H2,6199065.437346904,1885464,14130.079987936304,2072430.8583887792,1.8132345600601598,1.0991622531052192,0.007494218923265734
arvores_seas5,H3,5814257.225487892,1885464,-62404.38917499641,2006050.2404905227,1.75605453229139,1.0639557374155766,-0.03309762964182631
arvores_seas5,H4,5450416.704975246,1885464,39763.27656863007,1900638.8550764432,1.7002223905260618,1.0080483398656475,0.021089385195702526
arvores_multissistema,A,5726509.799101377,1885464,42531.18600589913,1982282.2519748032,1.742753171646917,1.0513498279334972,0.02255741080492607
arvores_multissistema,B,6126723.854904317,1885464,-65301.40172611439,2011272.5599247967,1.8026235094781504,1.0667255168620544,-0.03463412811176156
arvores_multissistema,C,5710154.963315289,1885464,331353.1822950011,1950514.889425376,1.7402627522902836,1.0345012630447339,0.17574092228491295
arvores_multissistema,H1,5620033.705676291,1885464,-53010.78296004457,1943175.2921538171,1.726475174133904,1.0306085356993382,-0.028115510537482853
arvores_multissistema,H2,6144316.455351737,1885464,-36154.371027438436,2058798.4596160767,1.8052097287248734,1.0919319910727951,-0.019175317602159698
arvores_multissistema,H3,5810140.558155263,1885464,-51608.188886245014,2001727.398716572,1.755432752749879,1.0616630170168044,-0.027371611914226428
arvores_multissistema,H4,5474284.326562942,1885464,43415.77942189132,1906521.5868740368,1.703940999407519,1.0111683844793837,0.02302657564498252
ensemble_arvores,A,5726372.535071534,1885464,60648.69514748968,1983038.4503544085,1.7427322846873834,1.0517508954583108,0.0321664561866414
ensemble_arvores,B,6127154.066696377,1885464,-67896.03194878195,2012428.843780457,1.8026867974845469,1.0673387790912248,-0.0360102510303999
ensemble_arvores,C,5700380.4091514,1885464,324389.0290367882,1948340.9683552748,1.7387726370161405,1.033348273080406,0.172047320466892
ensemble_arvores,H1,5614344.385637627,1885464,-44388.01839999738,1944375.977152655,1.7256010728856306,1.0312453471149037,-0.0235422253620315
ensemble_arvores,H2,6153236.228861352,1885464,-11012.145519751066,2061946.7586123731,1.806519575181048,1.0936017651953966,-0.0058405493394469
ensemble_arvores,H3,5799432.233518894,1885464,-57006.28903062071,2001193.5410003816,1.7538143398347998,1.0613798730712345,-0.0302346207780263
ensemble_arvores,H4,5452258.635269001,1885464,41589.52799526069,1901569.0522461808,1.70050965540489,1.0085416917247854,0.0220579804203425
ridge_local,A,5743727.36423542,1885464,-46106.430935581455,1979412.3010027115,1.745371122793437,1.0498276822059247,-0.0244536257046442
ridge_local,B,6146852.5760870045,1885464,-123019.60798075733,2010890.7781060385,1.8055822483964343,1.066523029931114,-0.0652463308664378
ridge_local,C,5731133.528950677,1885464,257839.82411186103,1939253.157516151,1.7434566013306216,1.028528339716988,0.1367513906984493
ridge_local,H1,5826616.701038214,1885464,-59697.58963312057,1965970.5823713716,1.7579199804780454,1.0426985518532157,-0.0316620150971435
ridge_local,H2,6073712.98068559,1885464,-91262.51858077258,2039564.302277744,1.7948080560284605,1.0817307051620946,-0.0484032145831331
ridge_local,H3,5779558.098208056,1885464,-45494.03095323078,1999443.843320139,1.7508066784742586,1.0604518799192872,-0.0241288250283382
ridge_local,H4,5536625.924395165,1885464,-32026.49746380217,1906265.5164517632,1.7136158426684127,1.0110325715323991,-0.0169860031609206
solucao_hibrida,A,5675537.182760052,1885464,33959.913626721886,1971821.4770654023,1.7349795664960586,1.0458017109132831,0.0180114357138199
solucao_hibrida,B,6103228.284507711,1885464,-81676.92595677578,2006961.593073176,1.7991637198354675,1.064439094606514,-0.0433192709894093
solucao_hibrida,C,5682150.009722237,1885464,307751.72780555644,1940960.49819674,1.7359900241204849,1.0294338678419424,0.1632233380247814
solucao_hibrida,H1,5628813.872793695,1885464,-48215.41120827819,1943429.453026784,1.727823282112394,1.0307433358721163,-0.0255721727958095
solucao_hibrida,H2,6081580.547496217,1885464,-31074.738785006448,2048006.0882079003,1.7959701295798205,1.086208004081701,-0.0164812156503685
solucao_hibrida,H3,5755652.240295366,1885464,-54128.22451127322,1994552.9286507545,1.747182015029822,1.0578578687531317,-0.0287081718406043
solucao_hibrida,H4,5444237.331691784,1885464,23185.521630494968,1897446.9522900388,1.6992583093430695,1.0063554394515295,0.0122969845250267
