modelo,ano,sse,n,soma_erro,soma_erro_absoluto,rmse,mae,vies
arvores_seas5,2007,2827373.2793338457,942732,31522.463643147494,972179.6816828715,1.731798862929647,1.0312365356038318,0.03343735403396458
arvores_seas5,2008,2802193.629316989,942732,-67287.71748309769,977400.3257707469,1.7240702036717515,1.0367743173783714,-0.07137523440712491
arvores_seas5,2009,3164886.1709787976,942732,-77555.33456305263,1038926.4548224859,1.832250812118275,1.1020379650022338,-0.0822665768882913
arvores_seas5,2010,3034179.2663681055,942732,91685.41455098893,1033504.4035662934,1.7940167505029165,1.0962865412082048,0.09725501473482276
arvores_seas5,2011,2897356.974887541,942732,-85441.45781821967,988007.8060740724,1.7531007633046456,1.0480261687033774,-0.09063175729498911
arvores_seas5,2012,2916900.2506003506,942732,23037.06864322326,1018042.4344164503,1.759003341231316,1.0798853061277758,0.024436498011336478
arvores_seas5,2013,2758737.7134548235,942732,48879.23669161415,971688.8751636683,1.7106496839786258,1.030715914134312,0.051848496382443945
arvores_seas5,2014,2691678.9915204225,942732,-9115.960122984077,928949.9799127749,1.6897307516868298,0.9853807655969828,-0.009669725991038892
arvores_seas5,2015,2755218.7006806848,942732,-17066.354017233243,971327.0635747702,1.7095582937059017,1.0303321236308625,-0.018103081275731854
arvores_seas5,2016,3002399.55718117,942732,95832.55830631347,1019246.9364617163,1.7845968381263777,1.0811629778788843,0.10165408441244539
arvores_seas5,2017,2809435.6778537105,942732,-67130.74396668258,994416.8736045046,1.7262966278615859,1.0548245669018392,-0.0712087252439533
arvores_seas5,2018,3333155.852659898,942732,-3359.918204766931,1022360.387142191,1.8803283153241983,1.0844655608828289,-0.003564022654123262
arvores_seas5,2019,2711174.062014533,942732,136227.3182446313,937053.7538155135,1.6958388330928804,0.9939768182426325,0.1445026987994799
arvores_seas5,2020,2999383.5181677295,942732,181197.55753394403,1013286.6582456874,1.7837002609086938,1.0748406315322778,0.19220473849826253
arvores_multissistema,2007,2808496.6390779424,942732,32969.95570887299,968856.9440868967,1.7260081010650719,1.0277119521633897,0.03497277668401305
arvores_multissistema,2008,2811537.066598349,942732,-85980.73866891756,974318.3480669205,1.726942120876995,1.0335051192352869,-0.09120379775897876
arvores_multissistema,2009,3165536.6150238817,942732,-83840.30369360931,1038675.4811816793,1.8324390835660596,1.101771745503154,-0.08893333809991526
arvores_multissistema,2010,2978779.840327856,942732,47685.93266617088,1020122.9784343974,1.7775633137487512,1.0820922366424364,0.05058270289559586
arvores_multissistema,2011,2873731.3028165177,942732,-74007.09799345955,980435.6428668052,1.7459385524856474,1.039994020428717,-0.07850279612176053
arvores_multissistema,2012,2936409.2553387457,942732,22398.90910721454,1021291.7558497668,1.7648758794312867,1.0833320136048916,0.023759572293307683
arvores_multissistema,2013,2772917.1660594363,942732,58680.869687815895,973795.8595242708,1.715040276783712,1.0329508911591743,0.062245547714319546
arvores_multissistema,2014,2701367.1605035057,942732,-15265.090265924577,932725.7273497661,1.692768947001757,0.9893858777995932,-0.01619239642435451
arvores_multissistema,2015,2750076.1069006375,942732,-24580.628663500625,969484.4145189462,1.7079621100663547,1.0283775394480577,-0.02607382444162352
arvores_multissistema,2016,2976433.6922007394,942732,67111.81466939976,1012797.8374558571,1.7768631531855403,1.0743221164189367,0.07118864605147567
arvores_multissistema,2017,2794379.119583591,942732,-68276.15303533949,989777.2435592015,1.7216645580947922,1.049903093943137,-0.07242371430622858
arvores_multissistema,2018,3332344.7353207264,942732,2974.751309225103,1021495.3163655952,1.8800995141871908,1.083547939780972,0.0031554580827054804
arvores_multissistema,2019,2693229.4114087466,942732,142099.12597450335,935196.3179045501,1.6902173281001034,0.9920065489498077,0.15073120035652057
arvores_multissistema,2020,3016925.551906542,942732,189254.05632049777,1015318.5715208258,1.788908683473825,1.07699597713966,0.20075064421330532
ensemble_arvores,2007,2812395.8371101967,942732,32246.209676010243,969466.2286170248,1.7272058438341973,1.0283582488098684,0.0342050653589888
ensemble_arvores,2008,2801948.5485274307,942732,-76634.22807600762,974909.7485356298,1.7239948081456271,1.034132445419939,-0.0812895160830518
ensemble_arvores,2009,3160425.284193124,942732,-80697.81912833097,1037870.008407498,1.830959083895405,1.1009173427946628,-0.0855999574941032
ensemble_arvores,2010,2992810.944668228,942732,69685.6736085799,1024076.7502048754,1.7817448706606478,1.0862861875961305,0.0739188588152093
ensemble_arvores,2011,2878593.203325508,942732,-79724.27790583961,982708.3322739068,1.747414854780835,1.0424047685597888,-0.0845672767083748
ensemble_arvores,2012,2920839.0301933857,942732,22717.9888752189,1018485.2087264744,1.7601905585792752,1.0803549775826795,0.024098035152322
ensemble_arvores,2013,2760670.519173013,942732,53780.05318971502,971757.7969855976,1.711248830204026,1.0307890227398642,0.0570470220483817
ensemble_arvores,2014,2691588.116095988,942732,-12190.525194454329,929811.2552605828,1.6897022274282143,0.9862943607097064,-0.0129310612076967
ensemble_arvores,2015,2745680.942839053,942732,-20823.49134036693,968894.4448650392,1.7065967341425248,1.0277517309957012,-0.0220884528586776
ensemble_arvores,2016,2980691.592232481,942732,81472.18648785661,1014144.0054893692,1.778133633672532,1.0757500599209204,0.0864213652319605
ensemble_arvores,2017,2797966.854683809,942732,-67703.44850101104,991256.8003916924,1.7227694359107468,1.0514725291935485,-0.0718162197750909
ensemble_arvores,2018,3329187.212012568,942732,-192.5834477709141,1021172.0433887646,1.8792085702076688,1.083205028988901,-0.0002042822857088
ensemble_arvores,2019,2697229.65049852,942732,139163.22210956732,935097.3569729072,1.691472097678867,0.9919015764532308,0.1476169495780002
ensemble_arvores,2020,3003150.7586528813,942732,185225.8069272209,1013243.6113823676,1.7848200775557126,1.0747949697075814,0.1964776913557839
ridge_local,2007,2888102.2585701453,942732,-1919.409152320892,971085.4754997342,1.7502986531195364,1.030075859841115,-0.0020360072134189
ridge_local,2008,2938514.442468069,942732,-57778.18048079968,994885.1068716372,1.7655084084806285,1.055321243865316,-0.061288022980868
ridge_local,2009,3139703.8804439,942732,-68835.11464637515,1035413.3135297172,1.824946849398968,1.098311411440067,-0.0730166310747647
ridge_local,2010,2934009.100241689,942732,-22427.40393439743,1004150.9887480264,1.7641544469909949,1.0651499988841224,-0.0237897980915015
ridge_local,2011,2897554.891618034,942732,-76028.87666401574,981554.5580141206,1.7531606389170078,1.041180906147368,-0.0806473914792493
ridge_local,2012,2882003.206590021,942732,30534.84571078496,1017889.2853060184,1.748449548866721,1.0797228536912062,0.0323897414225728
ridge_local,2013,2798603.5744664785,942732,12471.48381703037,969025.863129542,1.7229654459136554,1.0278911325058893,0.0132290871817551
ridge_local,2014,2738022.349928687,942732,-44497.981280832544,937239.6533222212,1.704214946735272,0.9941740105589087,-0.0472010935035965
ridge_local,2015,2734331.1462934185,942732,-50239.42178286919,969584.752606241,1.7030658096634772,1.028483972758155,-0.0532913084342837
ridge_local,2016,3009396.2179420013,942732,4132.990847287736,1009827.5483964704,1.786675001369228,1.0711713916536942,0.0043840570249951
ridge_local,2017,2792100.311179483,942732,-100277.27236178402,990228.5414131838,1.7209624085847608,1.0503818067204505,-0.1063688008487926
ridge_local,2018,3354752.2649075217,942732,-22742.335618973288,1020662.2366928544,1.8864100560818648,1.0826642531417776,-0.0241238608840829
ridge_local,2019,2708231.537368635,942732,102257.01313381392,929856.600871178,1.6949183089679418,0.9863424609233354,0.1084688046378121
ridge_local,2020,3022901.9915820416,942732,155582.81097804714,1009396.5566449732,1.7906796942423553,1.0707142185106404,0.1650339767590865
solucao_hibrida,2007,2810380.127523029,942732,23704.804968927456,966407.2667267568,1.7265867685635157,1.025113464618531,0.0251447972158868
solucao_hibrida,2008,2818433.7452706657,942732,-71920.21617720564,977022.1863000272,1.7290589113852333,1.036373207125702,-0.0762891428075058
solucao_hibrida,2009,3138915.485055344,942732,-77732.14300784202,1034436.2652467004,1.8247177083608703,1.097275010550931,-0.0824541258892686
solucao_hibrida,2010,2942665.062440873,942732,46657.404222835576,1013569.8229612,1.7667548492872935,1.075140997612471,0.0494916945885316
solucao_hibrida,2011,2865897.1024948983,942732,-78800.42759538363,979766.5624101346,1.7435570898990425,1.0392842954414772,-0.0835873054010934
solucao_hibrida,2012,2889755.137800468,942732,24672.20308411041,1014786.3662406196,1.7507994349868063,1.0764314420647858,0.0261709617198847
solucao_hibrida,2013,2754882.0266063544,942732,43452.91084654385,968554.5175370204,1.7094538407382034,1.0273911541530578,0.046092538331725
solucao_hibrida,2014,2689355.30508543,942732,-20267.389216048883,928892.4347530184,1.689001234495801,0.9853197247500016,-0.0214985692816716
solucao_hibrida,2015,2716657.6907038344,942732,-28177.47395099252,964372.761802892,1.6975529710993091,1.0229553699279244,-0.0298891667525792
solucao_hibrida,2016,2958879.492056218,942732,62137.3875777144,1007448.7152625106,1.7716156757687629,1.068648051898642,0.0659120381802191
solucao_hibrida,2017,2781575.059782196,942732,-75846.90446620429,988347.2446172524,1.7177156296925191,1.0483862270690425,-0.0804543650435163
solucao_hibrida,2018,3321653.224725514,942732,-5830.0214905715,1018614.348455924,1.877081031030474,1.0804919621439857,-0.0061841769353023
solucao_hibrida,2019,2687405.660548383,942732,129936.66986562897,931312.7253626764,1.6883889039038946,0.987887040391836,0.1378299133429532
solucao_hibrida,2020,2994744.3491738536,942732,177815.05793992747,1009647.7728340636,1.7823202958127051,1.0709806952920486,0.1886167627066096
